population,population_definition,removed_source,remaining_denominator_n,code_a,label_a,code_b,label_b,n11_both_present,n10_a_only,n01_b_only,n00_neither,jaccard,lift,full_population_n11,n11_difference,full_population_jaccard,jaccard_difference,full_population_lift,lift_difference
full_screened,All combined records evaluated by the deterministic screen,1. Dread,911,bank_drop_sale,Bank drop sale or bank-drop infrastructure,bank_log_sale,Compromised bank log sale or discussion,65,32,98,716,0.333333,3.745177,76,-11,0.348624,-0.015291,3.607129,0.138048
full_screened,All combined records evaluated by the deterministic screen,1. Dread,911,bank_drop_sale,Bank drop sale or bank-drop infrastructure,cashout_laundering_service,Cash-out or laundering service,27,70,81,733,0.151685,2.347938,31,-4,0.152709,-0.001024,2.219462,0.128476
full_screened,All combined records evaluated by the deterministic screen,1. Dread,911,bank_drop_sale,Bank drop sale or bank-drop infrastructure,crypto_payment_or_conversion,Cryptocurrency payment or conversion reference,32,65,84,730,0.176796,2.590828,38,-6,0.186275,-0.009479,2.547893,0.042935
full_screened,All combined records evaluated by the deterministic screen,1. Dread,911,bank_drop_sale,Bank drop sale or bank-drop infrastructure,email_access_takeover,Email-access-enabled account takeover,25,72,34,780,0.19084,3.979556,28,-3,0.186667,0.004173,3.81535,0.164206
full_screened,All combined records evaluated by the deterministic screen,1. Dread,911,bank_drop_sale,Bank drop sale or bank-drop infrastructure,escrow_trust_reputation,"Escrow, trust, reputation, or scam-risk discourse",25,72,74,740,0.146199,2.371655,33,-8,0.161765,-0.015566,2.304075,0.06758
full_screened,All combined records evaluated by the deterministic screen,1. Dread,911,bank_drop_sale,Bank drop sale or bank-drop infrastructure,fullz_identity_package,Fullz or identity package,57,40,56,758,0.372549,4.737433,60,-3,0.333333,0.039216,4.087875,0.649558
full_screened,All combined records evaluated by the deterministic screen,1. Dread,911,bank_drop_sale,Bank drop sale or bank-drop infrastructure,jurisdiction_localisation,Jurisdiction-specific bank or account reference,48,49,52,762,0.322148,4.508041,62,-14,0.362573,-0.040425,4.476864,0.031177
full_screened,All combined records evaluated by the deterministic screen,1. Dread,911,bank_drop_sale,Bank drop sale or bank-drop infrastructure,mule_recruitment,Mule recruitment or account-holder solicitation,3,94,4,810,0.029703,4.025037,4,-1,0.033058,-0.003355,3.754789,0.270248
full_screened,All combined records evaluated by the deterministic screen,1. Dread,911,bank_drop_sale,Bank drop sale or bank-drop infrastructure,telegram_off_platform,Telegram or private-channel coordination reference,11,86,58,756,0.070968,1.497236,13,-2,0.07027,0.000698,1.339361,0.157875
full_screened,All combined records evaluated by the deterministic screen,1. Dread,911,bank_drop_sale,Bank drop sale or bank-drop infrastructure,tutorial_training_recruitment,"Tutorial, guide, or training content",30,67,57,757,0.194805,3.238535,38,-8,0.208791,-0.013986,3.08687,0.151665
full_screened,All combined records evaluated by the deterministic screen,1. Dread,911,bank_log_sale,Compromised bank log sale or discussion,cashout_laundering_service,Cash-out or laundering service,58,105,50,698,0.2723,3.001477,66,-8,0.286957,-0.014657,3.079413,-0.077936
full_screened,All combined records evaluated by the deterministic screen,1. Dread,911,bank_log_sale,Compromised bank log sale or discussion,crypto_payment_or_conversion,Cryptocurrency payment or conversion reference,70,93,46,702,0.334928,3.372646,77,-7,0.339207,-0.004279,3.364544,0.008102
full_screened,All combined records evaluated by the deterministic screen,1. Dread,911,bank_log_sale,Compromised bank log sale or discussion,email_access_takeover,Email-access-enabled account takeover,51,112,8,740,0.298246,4.831132,53,-2,0.283422,0.014824,4.706415,0.124717
full_screened,All combined records evaluated by the deterministic screen,1. Dread,911,bank_log_sale,Compromised bank log sale or discussion,escrow_trust_reputation,"Escrow, trust, reputation, or scam-risk discourse",37,126,62,686,0.164444,2.088802,48,-11,0.191235,-0.026791,2.184047,-0.095245
full_screened,All combined records evaluated by the deterministic screen,1. Dread,911,bank_log_sale,Compromised bank log sale or discussion,fullz_identity_package,Fullz or identity package,57,106,56,692,0.260274,2.819208,60,-3,0.247934,0.01234,2.664009,0.155199
full_screened,All combined records evaluated by the deterministic screen,1. Dread,911,bank_log_sale,Compromised bank log sale or discussion,jurisdiction_localisation,Jurisdiction-specific bank or account reference,65,98,35,713,0.328283,3.632822,74,-9,0.334842,-0.006559,3.482186,0.150636
full_screened,All combined records evaluated by the deterministic screen,1. Dread,911,bank_log_sale,Compromised bank log sale or discussion,mule_recruitment,Mule recruitment or account-holder solicitation,5,158,2,746,0.030303,3.992112,7,-2,0.038889,-0.008586,4.282147,-0.290035
full_screened,All combined records evaluated by the deterministic screen,1. Dread,911,bank_log_sale,Compromised bank log sale or discussion,telegram_off_platform,Telegram or private-channel coordination reference,20,143,49,699,0.09434,1.619988,24,-4,0.101695,-0.007355,1.6114,0.008588
full_screened,All combined records evaluated by the deterministic screen,1. Dread,911,bank_log_sale,Compromised bank log sale or discussion,tutorial_training_recruitment,"Tutorial, guide, or training content",54,109,33,715,0.27551,3.469008,62,-8,0.281818,-0.006308,3.282195,0.186813
full_screened,All combined records evaluated by the deterministic screen,1. Dread,911,cashout_laundering_service,Cash-out or laundering service,crypto_payment_or_conversion,Cryptocurrency payment or conversion reference,54,54,62,741,0.317647,3.926724,59,-5,0.318919,-0.001272,3.888889,0.037835
full_screened,All combined records evaluated by the deterministic screen,1. Dread,911,cashout_laundering_service,Cash-out or laundering service,email_access_takeover,Email-access-enabled account takeover,13,95,46,757,0.084416,1.8586,15,-2,0.090909,-0.006493,2.009295,-0.150695
full_screened,All combined records evaluated by the deterministic screen,1. Dread,911,cashout_laundering_service,Cash-out or laundering service,escrow_trust_reputation,"Escrow, trust, reputation, or scam-risk discourse",24,84,75,728,0.131148,2.044893,32,-8,0.154589,-0.023441,2.196386,-0.151493
full_screened,All combined records evaluated by the deterministic screen,1. Dread,911,cashout_laundering_service,Cash-out or laundering service,fullz_identity_package,Fullz or identity package,30,78,83,720,0.157068,2.23943,34,-4,0.163462,-0.006394,2.277201,-0.037771
full_screened,All combined records evaluated by the deterministic screen,1. Dread,911,cashout_laundering_service,Cash-out or laundering service,jurisdiction_localisation,Jurisdiction-specific bank or account reference,28,80,72,731,0.155556,2.361852,33,-5,0.163366,-0.00781,2.34246,0.019392
full_screened,All combined records evaluated by the deterministic screen,1. Dread,911,cashout_laundering_service,Cash-out or laundering service,mule_recruitment,Mule recruitment or account-holder solicitation,5,103,2,801,0.045455,6.025132,7,-2,0.058333,-0.012878,6.45951,-0.434378
full_screened,All combined records evaluated by the deterministic screen,1. Dread,911,cashout_laundering_service,Cash-out or laundering service,telegram_off_platform,Telegram or private-channel coordination reference,33,75,36,767,0.229167,4.034219,39,-6,0.242236,-0.013069,3.949979,0.08424
full_screened,All combined records evaluated by the deterministic screen,1. Dread,911,cashout_laundering_service,Cash-out or laundering service,tutorial_training_recruitment,"Tutorial, guide, or training content",42,66,45,758,0.27451,4.072158,46,-4,0.261364,0.013146,3.673403,0.398755
full_screened,All combined records evaluated by the deterministic screen,1. Dread,911,crypto_payment_or_conversion,Cryptocurrency payment or conversion reference,email_access_takeover,Email-access-enabled account takeover,15,101,44,751,0.09375,1.996639,17,-2,0.099415,-0.005665,2.132616,-0.135977
full_screened,All combined records evaluated by the deterministic screen,1. Dread,911,crypto_payment_or_conversion,Cryptocurrency payment or conversion reference,escrow_trust_reputation,"Escrow, trust, reputation, or scam-risk discourse",43,73,56,739,0.25,3.411094,52,-9,0.266667,-0.016667,3.342516,0.068578
full_screened,All combined records evaluated by the deterministic screen,1. Dread,911,crypto_payment_or_conversion,Cryptocurrency payment or conversion reference,fullz_identity_package,Fullz or identity package,39,77,74,721,0.205263,2.710482,44,-5,0.213592,-0.008329,2.759857,-0.049375
full_screened,All combined records evaluated by the deterministic screen,1. Dread,911,crypto_payment_or_conversion,Cryptocurrency payment or conversion reference,jurisdiction_localisation,Jurisdiction-specific bank or account reference,27,89,73,722,0.142857,2.120431,35,-8,0.168269,-0.025412,2.326686,-0.206255
full_screened,All combined records evaluated by the deterministic screen,1. Dread,911,crypto_payment_or_conversion,Cryptocurrency payment or conversion reference,mule_recruitment,Mule recruitment or account-holder solicitation,5,111,2,793,0.042373,5.609606,7,-2,0.054688,-0.012315,6.049383,-0.439777
full_screened,All combined records evaluated by the deterministic screen,1. Dread,911,crypto_payment_or_conversion,Cryptocurrency payment or conversion reference,telegram_off_platform,Telegram or private-channel coordination reference,29,87,40,755,0.185897,3.300725,34,-5,0.195402,-0.009505,3.224932,0.075793
full_screened,All combined records evaluated by the deterministic screen,1. Dread,911,crypto_payment_or_conversion,Cryptocurrency payment or conversion reference,tutorial_training_recruitment,"Tutorial, guide, or training content",39,77,48,747,0.237805,3.520511,44,-5,0.236559,0.001246,3.290598,0.229913
full_screened,All combined records evaluated by the deterministic screen,1. Dread,911,email_access_takeover,Email-access-enabled account takeover,escrow_trust_reputation,"Escrow, trust, reputation, or scam-risk discourse",12,47,87,765,0.082192,1.871597,13,-1,0.076471,0.005721,1.698214,0.173383
full_screened,All combined records evaluated by the deterministic screen,1. Dread,911,email_access_takeover,Email-access-enabled account takeover,fullz_identity_package,Fullz or identity package,22,37,91,761,0.146667,3.00615,24,-2,0.148148,-0.001481,3.059313,-0.053163
full_screened,All combined records evaluated by the deterministic screen,1. Dread,911,email_access_takeover,Email-access-enabled account takeover,jurisdiction_localisation,Jurisdiction-specific bank or account reference,38,21,62,790,0.31405,5.867458,40,-2,0.28777,0.02628,5.403915,0.463543
full_screened,All combined records evaluated by the deterministic screen,1. Dread,911,email_access_takeover,Email-access-enabled account takeover,mule_recruitment,Mule recruitment or account-holder solicitation,0,59,7,845,0.0,0.0,0,0,0.0,0.0,0.0,0.0
full_screened,All combined records evaluated by the deterministic screen,1. Dread,911,email_access_takeover,Email-access-enabled account takeover,telegram_off_platform,Telegram or private-channel coordination reference,10,49,59,793,0.084746,2.237779,10,0,0.074627,0.010119,1.927616,0.310163
full_screened,All combined records evaluated by the deterministic screen,1. Dread,911,email_access_takeover,Email-access-enabled account takeover,tutorial_training_recruitment,"Tutorial, guide, or training content",19,40,68,784,0.149606,3.372102,20,-1,0.136986,0.01262,3.039702,0.3324
full_screened,All combined records evaluated by the deterministic screen,1. Dread,911,escrow_trust_reputation,"Escrow, trust, reputation, or scam-risk discourse",fullz_identity_package,Fullz or identity package,27,72,86,726,0.145946,2.198713,34,-7,0.161137,-0.015191,2.220741,-0.022028
full_screened,All combined records evaluated by the deterministic screen,1. Dread,911,escrow_trust_reputation,"Escrow, trust, reputation, or scam-risk discourse",jurisdiction_localisation,Jurisdiction-specific bank or account reference,23,76,77,735,0.130682,2.116465,34,-11,0.166667,-0.035985,2.353606,-0.237141
full_screened,All combined records evaluated by the deterministic screen,1. Dread,911,escrow_trust_reputation,"Escrow, trust, reputation, or scam-risk discourse",mule_recruitment,Mule recruitment or account-holder solicitation,3,96,4,808,0.029126,3.943723,5,-2,0.04,-0.010874,4.499541,-0.555818
full_screened,All combined records evaluated by the deterministic screen,1. Dread,911,escrow_trust_reputation,"Escrow, trust, reputation, or scam-risk discourse",telegram_off_platform,Telegram or private-channel coordination reference,16,83,53,759,0.105263,2.133802,26,-10,0.146893,-0.04163,2.568031,-0.434229
full_screened,All combined records evaluated by the deterministic screen,1. Dread,911,escrow_trust_reputation,"Escrow, trust, reputation, or scam-risk discourse",tutorial_training_recruitment,"Tutorial, guide, or training content",26,73,61,751,0.1625,2.750029,37,-11,0.196809,-0.034309,2.881437,-0.131408
full_screened,All combined records evaluated by the deterministic screen,1. Dread,911,fullz_identity_package,Fullz or identity package,jurisdiction_localisation,Jurisdiction-specific bank or account reference,39,74,61,737,0.224138,3.144159,44,-5,0.22335,0.000788,2.972153,0.172006
full_screened,All combined records evaluated by the deterministic screen,1. Dread,911,fullz_identity_package,Fullz or identity package,mule_recruitment,Mule recruitment or account-holder solicitation,3,110,4,794,0.025641,3.45512,4,-1,0.031008,-0.005367,3.512545,-0.057425
full_screened,All combined records evaluated by the deterministic screen,1. Dread,911,fullz_identity_package,Fullz or identity package,telegram_off_platform,Telegram or private-channel coordination reference,24,89,45,753,0.151899,2.804155,30,-6,0.170455,-0.018556,2.891424,-0.087269
full_screened,All combined records evaluated by the deterministic screen,1. Dread,911,fullz_identity_package,Fullz or identity package,tutorial_training_recruitment,"Tutorial, guide, or training content",34,79,53,745,0.204819,3.150646,40,-6,0.212766,-0.007947,3.039702,0.110944
full_screened,All combined records evaluated by the deterministic screen,1. Dread,911,jurisdiction_localisation,Jurisdiction-specific bank or account reference,mule_recruitment,Mule recruitment or account-holder solicitation,3,97,4,807,0.028846,3.904286,4,-1,0.032787,-0.003941,3.722697,0.181589
full_screened,All combined records evaluated by the deterministic screen,1. Dread,911,jurisdiction_localisation,Jurisdiction-specific bank or account reference,telegram_off_platform,Telegram or private-channel coordination reference,15,85,54,757,0.097403,1.980435,18,-3,0.099448,-0.002045,1.838649,0.141786
full_screened,All combined records evaluated by the deterministic screen,1. Dread,911,jurisdiction_localisation,Jurisdiction-specific bank or account reference,tutorial_training_recruitment,"Tutorial, guide, or training content",24,76,63,748,0.147239,2.513103,30,-6,0.157068,-0.009829,2.416174,0.096929
full_screened,All combined records evaluated by the deterministic screen,1. Dread,911,mule_recruitment,Mule recruitment or account-holder solicitation,telegram_off_platform,Telegram or private-channel coordination reference,5,2,64,840,0.070423,9.430642,7,-2,0.083333,-0.01291,9.295393,0.135249
full_screened,All combined records evaluated by the deterministic screen,1. Dread,911,mule_recruitment,Mule recruitment or account-holder solicitation,tutorial_training_recruitment,"Tutorial, guide, or training content",4,3,83,821,0.044444,5.98358,5,-1,0.046296,-0.001852,5.235043,0.748537
full_screened,All combined records evaluated by the deterministic screen,1. Dread,911,telegram_off_platform,Telegram or private-channel coordination reference,tutorial_training_recruitment,"Tutorial, guide, or training content",22,47,65,777,0.164179,3.338664,29,-7,0.184713,-0.020534,3.332552,0.006112
full_screened,All combined records evaluated by the deterministic screen,10. Tor Shop,887,bank_drop_sale,Bank drop sale or bank-drop infrastructure,bank_log_sale,Compromised bank log sale or discussion,50,34,99,704,0.273224,3.543464,76,-26,0.348624,-0.0754,3.607129,-0.063665
full_screened,All combined records evaluated by the deterministic screen,10. Tor Shop,887,bank_drop_sale,Bank drop sale or bank-drop infrastructure,cashout_laundering_service,Cash-out or laundering service,23,61,86,717,0.135294,2.228156,31,-8,0.152709,-0.017415,2.219462,0.008694
full_screened,All combined records evaluated by the deterministic screen,10. Tor Shop,887,bank_drop_sale,Bank drop sale or bank-drop infrastructure,crypto_payment_or_conversion,Cryptocurrency payment or conversion reference,30,54,82,721,0.180723,2.828444,38,-8,0.186275,-0.005552,2.547893,0.280551
full_screened,All combined records evaluated by the deterministic screen,10. Tor Shop,887,bank_drop_sale,Bank drop sale or bank-drop infrastructure,email_access_takeover,Email-access-enabled account takeover,22,62,33,770,0.188034,4.22381,28,-6,0.186667,0.001367,3.81535,0.40846
full_screened,All combined records evaluated by the deterministic screen,10. Tor Shop,887,bank_drop_sale,Bank drop sale or bank-drop infrastructure,escrow_trust_reputation,"Escrow, trust, reputation, or scam-risk discourse",33,51,88,715,0.19186,2.87987,33,0,0.161765,0.030095,2.304075,0.575795
full_screened,All combined records evaluated by the deterministic screen,10. Tor Shop,887,bank_drop_sale,Bank drop sale or bank-drop infrastructure,fullz_identity_package,Fullz or identity package,36,48,64,739,0.243243,3.801429,60,-24,0.333333,-0.09009,4.087875,-0.286446
full_screened,All combined records evaluated by the deterministic screen,10. Tor Shop,887,bank_drop_sale,Bank drop sale or bank-drop infrastructure,jurisdiction_localisation,Jurisdiction-specific bank or account reference,50,34,54,749,0.362319,5.076694,62,-12,0.362573,-0.000254,4.476864,0.59983
full_screened,All combined records evaluated by the deterministic screen,10. Tor Shop,887,bank_drop_sale,Bank drop sale or bank-drop infrastructure,mule_recruitment,Mule recruitment or account-holder solicitation,4,80,5,798,0.044944,4.693122,4,0,0.033058,0.011886,3.754789,0.938333
full_screened,All combined records evaluated by the deterministic screen,10. Tor Shop,887,bank_drop_sale,Bank drop sale or bank-drop infrastructure,telegram_off_platform,Telegram or private-channel coordination reference,13,71,69,734,0.084967,1.674071,13,0,0.07027,0.014697,1.339361,0.33471
full_screened,All combined records evaluated by the deterministic screen,10. Tor Shop,887,bank_drop_sale,Bank drop sale or bank-drop infrastructure,tutorial_training_recruitment,"Tutorial, guide, or training content",26,58,66,737,0.173333,2.984213,38,-12,0.208791,-0.035458,3.08687,-0.102657
full_screened,All combined records evaluated by the deterministic screen,10. Tor Shop,887,bank_log_sale,Compromised bank log sale or discussion,cashout_laundering_service,Cash-out or laundering service,58,91,51,687,0.29,3.167662,66,-8,0.286957,0.003043,3.079413,0.088249
full_screened,All combined records evaluated by the deterministic screen,10. Tor Shop,887,bank_log_sale,Compromised bank log sale or discussion,crypto_payment_or_conversion,Cryptocurrency payment or conversion reference,71,78,41,697,0.373684,3.77379,77,-6,0.339207,0.034477,3.364544,0.409246
full_screened,All combined records evaluated by the deterministic screen,10. Tor Shop,887,bank_log_sale,Compromised bank log sale or discussion,email_access_takeover,Email-access-enabled account takeover,48,101,7,731,0.307692,5.195363,53,-5,0.283422,0.02427,4.706415,0.488948
full_screened,All combined records evaluated by the deterministic screen,10. Tor Shop,887,bank_log_sale,Compromised bank log sale or discussion,escrow_trust_reputation,"Escrow, trust, reputation, or scam-risk discourse",48,101,73,665,0.216216,2.361529,48,0,0.191235,0.024981,2.184047,0.177482
full_screened,All combined records evaluated by the deterministic screen,10. Tor Shop,887,bank_log_sale,Compromised bank log sale or discussion,fullz_identity_package,Fullz or identity package,41,108,59,679,0.197115,2.440738,60,-19,0.247934,-0.050819,2.664009,-0.223271
full_screened,All combined records evaluated by the deterministic screen,10. Tor Shop,887,bank_log_sale,Compromised bank log sale or discussion,jurisdiction_localisation,Jurisdiction-specific bank or account reference,63,86,41,697,0.331579,3.606156,74,-11,0.334842,-0.003263,3.482186,0.12397
full_screened,All combined records evaluated by the deterministic screen,10. Tor Shop,887,bank_log_sale,Compromised bank log sale or discussion,mule_recruitment,Mule recruitment or account-holder solicitation,7,142,2,736,0.046358,4.630127,7,0,0.038889,0.007469,4.282147,0.34798
full_screened,All combined records evaluated by the deterministic screen,10. Tor Shop,887,bank_log_sale,Compromised bank log sale or discussion,telegram_off_platform,Telegram or private-channel coordination reference,24,125,58,680,0.115942,1.742347,24,0,0.101695,0.014247,1.6114,0.130947
full_screened,All combined records evaluated by the deterministic screen,10. Tor Shop,887,bank_log_sale,Compromised bank log sale or discussion,tutorial_training_recruitment,"Tutorial, guide, or training content",50,99,42,696,0.26178,3.235337,62,-12,0.281818,-0.020038,3.282195,-0.046858
full_screened,All combined records evaluated by the deterministic screen,10. Tor Shop,887,cashout_laundering_service,Cash-out or laundering service,crypto_payment_or_conversion,Cryptocurrency payment or conversion reference,57,52,55,723,0.347561,4.141465,59,-2,0.318919,0.028642,3.888889,0.252576
full_screened,All combined records evaluated by the deterministic screen,10. Tor Shop,887,cashout_laundering_service,Cash-out or laundering service,email_access_takeover,Email-access-enabled account takeover,15,94,40,738,0.100671,2.219349,15,0,0.090909,0.009762,2.009295,0.210054
full_screened,All combined records evaluated by the deterministic screen,10. Tor Shop,887,cashout_laundering_service,Cash-out or laundering service,escrow_trust_reputation,"Escrow, trust, reputation, or scam-risk discourse",32,77,89,689,0.161616,2.152096,32,0,0.154589,0.007027,2.196386,-0.04429
full_screened,All combined records evaluated by the deterministic screen,10. Tor Shop,887,cashout_laundering_service,Cash-out or laundering service,fullz_identity_package,Fullz or identity package,30,79,70,708,0.167598,2.441284,34,-4,0.163462,0.004136,2.277201,0.164083
full_screened,All combined records evaluated by the deterministic screen,10. Tor Shop,887,cashout_laundering_service,Cash-out or laundering service,jurisdiction_localisation,Jurisdiction-specific bank or account reference,31,78,73,705,0.17033,2.425635,33,-2,0.163366,0.006964,2.34246,0.083175
full_screened,All combined records evaluated by the deterministic screen,10. Tor Shop,887,cashout_laundering_service,Cash-out or laundering service,mule_recruitment,Mule recruitment or account-holder solicitation,7,102,2,776,0.063063,6.329256,7,0,0.058333,0.00473,6.45951,-0.130254
full_screened,All combined records evaluated by the deterministic screen,10. Tor Shop,887,cashout_laundering_service,Cash-out or laundering service,telegram_off_platform,Telegram or private-channel coordination reference,39,70,43,735,0.256579,3.870329,39,0,0.242236,0.014343,3.949979,-0.07965
full_screened,All combined records evaluated by the deterministic screen,10. Tor Shop,887,cashout_laundering_service,Cash-out or laundering service,tutorial_training_recruitment,"Tutorial, guide, or training content",38,71,54,724,0.233129,3.361189,46,-8,0.261364,-0.028235,3.673403,-0.312214
full_screened,All combined records evaluated by the deterministic screen,10. Tor Shop,887,crypto_payment_or_conversion,Cryptocurrency payment or conversion reference,email_access_takeover,Email-access-enabled account takeover,15,97,40,735,0.098684,2.159903,17,-2,0.099415,-0.000731,2.132616,0.027287
full_screened,All combined records evaluated by the deterministic screen,10. Tor Shop,887,crypto_payment_or_conversion,Cryptocurrency payment or conversion reference,escrow_trust_reputation,"Escrow, trust, reputation, or scam-risk discourse",52,60,69,706,0.287293,3.403483,52,0,0.266667,0.020626,3.342516,0.060967
full_screened,All combined records evaluated by the deterministic screen,10. Tor Shop,887,crypto_payment_or_conversion,Cryptocurrency payment or conversion reference,fullz_identity_package,Fullz or identity package,38,74,62,713,0.218391,3.009464,44,-6,0.213592,0.004799,2.759857,0.249607
full_screened,All combined records evaluated by the deterministic screen,10. Tor Shop,887,crypto_payment_or_conversion,Cryptocurrency payment or conversion reference,jurisdiction_localisation,Jurisdiction-specific bank or account reference,31,81,73,702,0.167568,2.360663,35,-4,0.168269,-0.000701,2.326686,0.033977
full_screened,All combined records evaluated by the deterministic screen,10. Tor Shop,887,crypto_payment_or_conversion,Cryptocurrency payment or conversion reference,mule_recruitment,Mule recruitment or account-holder solicitation,7,105,2,773,0.061404,6.159722,7,0,0.054688,0.006716,6.049383,0.110339
full_screened,All combined records evaluated by the deterministic screen,10. Tor Shop,887,crypto_payment_or_conversion,Cryptocurrency payment or conversion reference,telegram_off_platform,Telegram or private-channel coordination reference,34,78,48,727,0.2125,3.283754,34,0,0.195402,0.017098,3.224932,0.058822
full_screened,All combined records evaluated by the deterministic screen,10. Tor Shop,887,crypto_payment_or_conversion,Cryptocurrency payment or conversion reference,tutorial_training_recruitment,"Tutorial, guide, or training content",42,70,50,725,0.259259,3.615489,44,-2,0.236559,0.0227,3.290598,0.324891
full_screened,All combined records evaluated by the deterministic screen,10. Tor Shop,887,email_access_takeover,Email-access-enabled account takeover,escrow_trust_reputation,"Escrow, trust, reputation, or scam-risk discourse",13,42,108,724,0.079755,1.732682,13,0,0.076471,0.003284,1.698214,0.034468
full_screened,All combined records evaluated by the deterministic screen,10. Tor Shop,887,email_access_takeover,Email-access-enabled account takeover,fullz_identity_package,Fullz or identity package,19,36,81,751,0.139706,3.064182,24,-5,0.148148,-0.008442,3.059313,0.004869
full_screened,All combined records evaluated by the deterministic screen,10. Tor Shop,887,email_access_takeover,Email-access-enabled account takeover,jurisdiction_localisation,Jurisdiction-specific bank or account reference,37,18,67,765,0.303279,5.737587,40,-3,0.28777,0.015509,5.403915,0.333672
full_screened,All combined records evaluated by the deterministic screen,10. Tor Shop,887,email_access_takeover,Email-access-enabled account takeover,mule_recruitment,Mule recruitment or account-holder solicitation,0,55,9,823,0.0,0.0,0,0,0.0,0.0,0.0,0.0
full_screened,All combined records evaluated by the deterministic screen,10. Tor Shop,887,email_access_takeover,Email-access-enabled account takeover,telegram_off_platform,Telegram or private-channel coordination reference,10,45,72,760,0.07874,1.966741,10,0,0.074627,0.004113,1.927616,0.039125
full_screened,All combined records evaluated by the deterministic screen,10. Tor Shop,887,email_access_takeover,Email-access-enabled account takeover,tutorial_training_recruitment,"Tutorial, guide, or training content",20,35,72,760,0.15748,3.505929,20,0,0.136986,0.020494,3.039702,0.466227
full_screened,All combined records evaluated by the deterministic screen,10. Tor Shop,887,escrow_trust_reputation,"Escrow, trust, reputation, or scam-risk discourse",fullz_identity_package,Fullz or identity package,34,87,66,700,0.181818,2.492397,34,0,0.161137,0.020681,2.220741,0.271656
full_screened,All combined records evaluated by the deterministic screen,10. Tor Shop,887,escrow_trust_reputation,"Escrow, trust, reputation, or scam-risk discourse",jurisdiction_localisation,Jurisdiction-specific bank or account reference,34,87,70,696,0.17801,2.396535,34,0,0.166667,0.011343,2.353606,0.042929
full_screened,All combined records evaluated by the deterministic screen,10. Tor Shop,887,escrow_trust_reputation,"Escrow, trust, reputation, or scam-risk discourse",mule_recruitment,Mule recruitment or account-holder solicitation,5,116,4,762,0.04,4.072544,5,0,0.04,0.0,4.499541,-0.426997
full_screened,All combined records evaluated by the deterministic screen,10. Tor Shop,887,escrow_trust_reputation,"Escrow, trust, reputation, or scam-risk discourse",telegram_off_platform,Telegram or private-channel coordination reference,26,95,56,710,0.146893,2.32433,26,0,0.146893,0.0,2.568031,-0.243701
full_screened,All combined records evaluated by the deterministic screen,10. Tor Shop,887,escrow_trust_reputation,"Escrow, trust, reputation, or scam-risk discourse",tutorial_training_recruitment,"Tutorial, guide, or training content",37,84,55,711,0.210227,2.948167,37,0,0.196809,0.013418,2.881437,0.06673
full_screened,All combined records evaluated by the deterministic screen,10. Tor Shop,887,fullz_identity_package,Fullz or identity package,jurisdiction_localisation,Jurisdiction-specific bank or account reference,34,66,70,717,0.2,2.899808,44,-10,0.22335,-0.02335,2.972153,-0.072345
full_screened,All combined records evaluated by the deterministic screen,10. Tor Shop,887,fullz_identity_package,Fullz or identity package,mule_recruitment,Mule recruitment or account-holder solicitation,4,96,5,782,0.038095,3.942222,4,0,0.031008,0.007087,3.512545,0.429677
full_screened,All combined records evaluated by the deterministic screen,10. Tor Shop,887,fullz_identity_package,Fullz or identity package,telegram_off_platform,Telegram or private-channel coordination reference,30,70,52,735,0.197368,3.245122,30,0,0.170455,0.026913,2.891424,0.353698
full_screened,All combined records evaluated by the deterministic screen,10. Tor Shop,887,fullz_identity_package,Fullz or identity package,tutorial_training_recruitment,"Tutorial, guide, or training content",32,68,60,727,0.2,3.085217,40,-8,0.212766,-0.012766,3.039702,0.045515
full_screened,All combined records evaluated by the deterministic screen,10. Tor Shop,887,jurisdiction_localisation,Jurisdiction-specific bank or account reference,mule_recruitment,Mule recruitment or account-holder solicitation,4,100,5,778,0.036697,3.790598,4,0,0.032787,0.00391,3.722697,0.067901
full_screened,All combined records evaluated by the deterministic screen,10. Tor Shop,887,jurisdiction_localisation,Jurisdiction-specific bank or account reference,telegram_off_platform,Telegram or private-channel coordination reference,18,86,64,719,0.107143,1.872186,18,0,0.099448,0.007695,1.838649,0.033537
full_screened,All combined records evaluated by the deterministic screen,10. Tor Shop,887,jurisdiction_localisation,Jurisdiction-specific bank or account reference,tutorial_training_recruitment,"Tutorial, guide, or training content",27,77,65,718,0.159763,2.503031,30,-3,0.157068,0.002695,2.416174,0.086857
full_screened,All combined records evaluated by the deterministic screen,10. Tor Shop,887,mule_recruitment,Mule recruitment or account-holder solicitation,telegram_off_platform,Telegram or private-channel coordination reference,7,2,75,803,0.083333,8.413279,7,0,0.083333,0.0,9.295393,-0.882114
full_screened,All combined records evaluated by the deterministic screen,10. Tor Shop,887,mule_recruitment,Mule recruitment or account-holder solicitation,tutorial_training_recruitment,"Tutorial, guide, or training content",5,4,87,791,0.052083,5.35628,5,0,0.046296,0.005787,5.235043,0.121237
full_screened,All combined records evaluated by the deterministic screen,10. Tor Shop,887,telegram_off_platform,Telegram or private-channel coordination reference,tutorial_training_recruitment,"Tutorial, guide, or training content",29,53,63,742,0.2,3.40973,29,0,0.184713,0.015287,3.332552,0.077178
full_screened,All combined records evaluated by the deterministic screen,11. Legit Market,892,bank_drop_sale,Bank drop sale or bank-drop infrastructure,bank_log_sale,Compromised bank log sale or discussion,67,38,96,691,0.333333,3.491908,76,-9,0.348624,-0.015291,3.607129,-0.115221
full_screened,All combined records evaluated by the deterministic screen,11. Legit Market,892,bank_drop_sale,Bank drop sale or bank-drop infrastructure,cashout_laundering_service,Cash-out or laundering service,31,74,84,703,0.164021,2.290021,31,0,0.152709,0.011312,2.219462,0.070559
full_screened,All combined records evaluated by the deterministic screen,11. Legit Market,892,bank_drop_sale,Bank drop sale or bank-drop infrastructure,crypto_payment_or_conversion,Cryptocurrency payment or conversion reference,34,71,86,701,0.17801,2.406984,38,-4,0.186275,-0.008265,2.547893,-0.140909
full_screened,All combined records evaluated by the deterministic screen,11. Legit Market,892,bank_drop_sale,Bank drop sale or bank-drop infrastructure,email_access_takeover,Email-access-enabled account takeover,25,80,33,754,0.181159,3.661741,28,-3,0.186667,-0.005508,3.81535,-0.153609
full_screened,All combined records evaluated by the deterministic screen,11. Legit Market,892,bank_drop_sale,Bank drop sale or bank-drop infrastructure,escrow_trust_reputation,"Escrow, trust, reputation, or scam-risk discourse",22,83,79,708,0.119565,1.850448,33,-11,0.161765,-0.0422,2.304075,-0.453627
full_screened,All combined records evaluated by the deterministic screen,11. Legit Market,892,bank_drop_sale,Bank drop sale or bank-drop infrastructure,fullz_identity_package,Fullz or identity package,59,46,63,724,0.35119,4.108353,60,-1,0.333333,0.017857,4.087875,0.020478
full_screened,All combined records evaluated by the deterministic screen,11. Legit Market,892,bank_drop_sale,Bank drop sale or bank-drop infrastructure,jurisdiction_localisation,Jurisdiction-specific bank or account reference,54,51,51,736,0.346154,4.36898,62,-8,0.362573,-0.016419,4.476864,-0.107884
full_screened,All combined records evaluated by the deterministic screen,11. Legit Market,892,bank_drop_sale,Bank drop sale or bank-drop infrastructure,mule_recruitment,Mule recruitment or account-holder solicitation,4,101,5,782,0.036364,3.775661,4,0,0.033058,0.003306,3.754789,0.020872
full_screened,All combined records evaluated by the deterministic screen,11. Legit Market,892,bank_drop_sale,Bank drop sale or bank-drop infrastructure,telegram_off_platform,Telegram or private-channel coordination reference,13,92,68,719,0.075145,1.363433,13,0,0.07027,0.004875,1.339361,0.024072
full_screened,All combined records evaluated by the deterministic screen,11. Legit Market,892,bank_drop_sale,Bank drop sale or bank-drop infrastructure,tutorial_training_recruitment,"Tutorial, guide, or training content",37,68,64,723,0.218935,3.112117,38,-1,0.208791,0.010144,3.08687,0.025247
full_screened,All combined records evaluated by the deterministic screen,11. Legit Market,892,bank_log_sale,Compromised bank log sale or discussion,cashout_laundering_service,Cash-out or laundering service,64,99,51,678,0.299065,3.045505,66,-2,0.286957,0.012108,3.079413,-0.033908
full_screened,All combined records evaluated by the deterministic screen,11. Legit Market,892,bank_log_sale,Compromised bank log sale or discussion,crypto_payment_or_conversion,Cryptocurrency payment or conversion reference,72,91,48,681,0.341232,3.283436,77,-5,0.339207,0.002025,3.364544,-0.081108
full_screened,All combined records evaluated by the deterministic screen,11. Legit Market,892,bank_log_sale,Compromised bank log sale or discussion,email_access_takeover,Email-access-enabled account takeover,49,114,9,720,0.284884,4.623228,53,-4,0.283422,0.001462,4.706415,-0.083187
full_screened,All combined records evaluated by the deterministic screen,11. Legit Market,892,bank_log_sale,Compromised bank log sale or discussion,escrow_trust_reputation,"Escrow, trust, reputation, or scam-risk discourse",33,130,68,661,0.142857,1.788009,48,-15,0.191235,-0.048378,2.184047,-0.396038
full_screened,All combined records evaluated by the deterministic screen,11. Legit Market,892,bank_log_sale,Compromised bank log sale or discussion,fullz_identity_package,Fullz or identity package,59,104,63,666,0.261062,2.646485,60,-1,0.247934,0.013128,2.664009,-0.017524
full_screened,All combined records evaluated by the deterministic screen,11. Legit Market,892,bank_log_sale,Compromised bank log sale or discussion,jurisdiction_localisation,Jurisdiction-specific bank or account reference,64,99,41,688,0.313725,3.335554,74,-10,0.334842,-0.021117,3.482186,-0.146632
full_screened,All combined records evaluated by the deterministic screen,11. Legit Market,892,bank_log_sale,Compromised bank log sale or discussion,mule_recruitment,Mule recruitment or account-holder solicitation,7,156,2,727,0.042424,4.256305,7,0,0.038889,0.003535,4.282147,-0.025842
full_screened,All combined records evaluated by the deterministic screen,11. Legit Market,892,bank_log_sale,Compromised bank log sale or discussion,telegram_off_platform,Telegram or private-channel coordination reference,24,139,57,672,0.109091,1.62145,24,0,0.101695,0.007396,1.6114,0.01005
full_screened,All combined records evaluated by the deterministic screen,11. Legit Market,892,bank_log_sale,Compromised bank log sale or discussion,tutorial_training_recruitment,"Tutorial, guide, or training content",60,103,41,688,0.294118,3.250926,62,-2,0.281818,0.0123,3.282195,-0.031269
full_screened,All combined records evaluated by the deterministic screen,11. Legit Market,892,cashout_laundering_service,Cash-out or laundering service,crypto_payment_or_conversion,Cryptocurrency payment or conversion reference,57,58,63,714,0.320225,3.684348,59,-2,0.318919,0.001306,3.888889,-0.204541
full_screened,All combined records evaluated by the deterministic screen,11. Legit Market,892,cashout_laundering_service,Cash-out or laundering service,email_access_takeover,Email-access-enabled account takeover,15,100,43,734,0.094937,2.005997,15,0,0.090909,0.004028,2.009295,-0.003298
full_screened,All combined records evaluated by the deterministic screen,11. Legit Market,892,cashout_laundering_service,Cash-out or laundering service,escrow_trust_reputation,"Escrow, trust, reputation, or scam-risk discourse",29,86,72,705,0.15508,2.22712,32,-3,0.154589,0.000491,2.196386,0.030734
full_screened,All combined records evaluated by the deterministic screen,11. Legit Market,892,cashout_laundering_service,Cash-out or laundering service,fullz_identity_package,Fullz or identity package,34,81,88,689,0.167488,2.161654,34,0,0.163462,0.004026,2.277201,-0.115547
full_screened,All combined records evaluated by the deterministic screen,11. Legit Market,892,cashout_laundering_service,Cash-out or laundering service,jurisdiction_localisation,Jurisdiction-specific bank or account reference,31,84,74,703,0.164021,2.290021,33,-2,0.163366,0.000655,2.34246,-0.052439
full_screened,All combined records evaluated by the deterministic screen,11. Legit Market,892,cashout_laundering_service,Cash-out or laundering service,mule_recruitment,Mule recruitment or account-holder solicitation,7,108,2,775,0.059829,6.03285,7,0,0.058333,0.001496,6.45951,-0.42666
full_screened,All combined records evaluated by the deterministic screen,11. Legit Market,892,cashout_laundering_service,Cash-out or laundering service,telegram_off_platform,Telegram or private-channel coordination reference,38,77,43,734,0.240506,3.638862,39,-1,0.242236,-0.00173,3.949979,-0.311117
full_screened,All combined records evaluated by the deterministic screen,11. Legit Market,892,cashout_laundering_service,Cash-out or laundering service,tutorial_training_recruitment,"Tutorial, guide, or training content",44,71,57,720,0.255814,3.379079,46,-2,0.261364,-0.00555,3.673403,-0.294324
full_screened,All combined records evaluated by the deterministic screen,11. Legit Market,892,crypto_payment_or_conversion,Cryptocurrency payment or conversion reference,email_access_takeover,Email-access-enabled account takeover,16,104,42,730,0.098765,2.050575,17,-1,0.099415,-0.00065,2.132616,-0.082041
full_screened,All combined records evaluated by the deterministic screen,11. Legit Market,892,crypto_payment_or_conversion,Cryptocurrency payment or conversion reference,escrow_trust_reputation,"Escrow, trust, reputation, or scam-risk discourse",46,74,55,717,0.262857,3.385479,52,-6,0.266667,-0.00381,3.342516,0.042963
full_screened,All combined records evaluated by the deterministic screen,11. Legit Market,892,crypto_payment_or_conversion,Cryptocurrency payment or conversion reference,fullz_identity_package,Fullz or identity package,43,77,79,693,0.21608,2.619945,44,-1,0.213592,0.002488,2.759857,-0.139912
full_screened,All combined records evaluated by the deterministic screen,11. Legit Market,892,crypto_payment_or_conversion,Cryptocurrency payment or conversion reference,jurisdiction_localisation,Jurisdiction-specific bank or account reference,30,90,75,697,0.153846,2.12381,35,-5,0.168269,-0.014423,2.326686,-0.202876
full_screened,All combined records evaluated by the deterministic screen,11. Legit Market,892,crypto_payment_or_conversion,Cryptocurrency payment or conversion reference,mule_recruitment,Mule recruitment or account-holder solicitation,7,113,2,770,0.057377,5.781481,7,0,0.054688,0.002689,6.049383,-0.267902
full_screened,All combined records evaluated by the deterministic screen,11. Legit Market,892,crypto_payment_or_conversion,Cryptocurrency payment or conversion reference,telegram_off_platform,Telegram or private-channel coordination reference,33,87,48,724,0.196429,3.028395,34,-1,0.195402,0.001027,3.224932,-0.196537
full_screened,All combined records evaluated by the deterministic screen,11. Legit Market,892,crypto_payment_or_conversion,Cryptocurrency payment or conversion reference,tutorial_training_recruitment,"Tutorial, guide, or training content",41,79,60,712,0.227778,3.017492,44,-3,0.236559,-0.008781,3.290598,-0.273106
full_screened,All combined records evaluated by the deterministic screen,11. Legit Market,892,email_access_takeover,Email-access-enabled account takeover,escrow_trust_reputation,"Escrow, trust, reputation, or scam-risk discourse",9,49,92,742,0.06,1.370434,13,-4,0.076471,-0.016471,1.698214,-0.32778
full_screened,All combined records evaluated by the deterministic screen,11. Legit Market,892,email_access_takeover,Email-access-enabled account takeover,fullz_identity_package,Fullz or identity package,23,35,99,735,0.146497,2.899378,24,-1,0.148148,-0.001651,3.059313,-0.159935
full_screened,All combined records evaluated by the deterministic screen,11. Legit Market,892,email_access_takeover,Email-access-enabled account takeover,jurisdiction_localisation,Jurisdiction-specific bank or account reference,37,21,68,766,0.293651,5.419376,40,-3,0.28777,0.005881,5.403915,0.015461
full_screened,All combined records evaluated by the deterministic screen,11. Legit Market,892,email_access_takeover,Email-access-enabled account takeover,mule_recruitment,Mule recruitment or account-holder solicitation,0,58,9,825,0.0,0.0,0,0,0.0,0.0,0.0,0.0
full_screened,All combined records evaluated by the deterministic screen,11. Legit Market,892,email_access_takeover,Email-access-enabled account takeover,telegram_off_platform,Telegram or private-channel coordination reference,10,48,71,763,0.077519,1.89868,10,0,0.074627,0.002892,1.927616,-0.028936
full_screened,All combined records evaluated by the deterministic screen,11. Legit Market,892,email_access_takeover,Email-access-enabled account takeover,tutorial_training_recruitment,"Tutorial, guide, or training content",19,39,82,752,0.135714,2.893138,20,-1,0.136986,-0.001272,3.039702,-0.146564
full_screened,All combined records evaluated by the deterministic screen,11. Legit Market,892,escrow_trust_reputation,"Escrow, trust, reputation, or scam-risk discourse",fullz_identity_package,Fullz or identity package,32,69,90,701,0.167539,2.316507,34,-2,0.161137,0.006402,2.220741,0.095766
full_screened,All combined records evaluated by the deterministic screen,11. Legit Market,892,escrow_trust_reputation,"Escrow, trust, reputation, or scam-risk discourse",jurisdiction_localisation,Jurisdiction-specific bank or account reference,22,79,83,708,0.119565,1.850448,34,-12,0.166667,-0.047102,2.353606,-0.503158
full_screened,All combined records evaluated by the deterministic screen,11. Legit Market,892,escrow_trust_reputation,"Escrow, trust, reputation, or scam-risk discourse",mule_recruitment,Mule recruitment or account-holder solicitation,5,96,4,787,0.047619,4.906491,5,0,0.04,0.007619,4.499541,0.40695
full_screened,All combined records evaluated by the deterministic screen,11. Legit Market,892,escrow_trust_reputation,"Escrow, trust, reputation, or scam-risk discourse",telegram_off_platform,Telegram or private-channel coordination reference,25,76,56,735,0.159236,2.725828,26,-1,0.146893,0.012343,2.568031,0.157797
full_screened,All combined records evaluated by the deterministic screen,11. Legit Market,892,escrow_trust_reputation,"Escrow, trust, reputation, or scam-risk discourse",tutorial_training_recruitment,"Tutorial, guide, or training content",34,67,67,724,0.202381,2.973042,37,-3,0.196809,0.005572,2.881437,0.091605
full_screened,All combined records evaluated by the deterministic screen,11. Legit Market,892,fullz_identity_package,Fullz or identity package,jurisdiction_localisation,Jurisdiction-specific bank or account reference,42,80,63,707,0.227027,2.92459,44,-2,0.22335,0.003677,2.972153,-0.047563
full_screened,All combined records evaluated by the deterministic screen,11. Legit Market,892,fullz_identity_package,Fullz or identity package,mule_recruitment,Mule recruitment or account-holder solicitation,4,118,5,765,0.031496,3.249545,4,0,0.031008,0.000488,3.512545,-0.263
full_screened,All combined records evaluated by the deterministic screen,11. Legit Market,892,fullz_identity_package,Fullz or identity package,telegram_off_platform,Telegram or private-channel coordination reference,30,92,51,719,0.17341,2.707954,30,0,0.170455,0.002955,2.891424,-0.18347
full_screened,All combined records evaluated by the deterministic screen,11. Legit Market,892,fullz_identity_package,Fullz or identity package,tutorial_training_recruitment,"Tutorial, guide, or training content",39,83,62,708,0.211957,2.823243,40,-1,0.212766,-0.000809,3.039702,-0.216459
full_screened,All combined records evaluated by the deterministic screen,11. Legit Market,892,jurisdiction_localisation,Jurisdiction-specific bank or account reference,mule_recruitment,Mule recruitment or account-holder solicitation,4,101,5,782,0.036364,3.775661,4,0,0.032787,0.003577,3.722697,0.052964
full_screened,All combined records evaluated by the deterministic screen,11. Legit Market,892,jurisdiction_localisation,Jurisdiction-specific bank or account reference,telegram_off_platform,Telegram or private-channel coordination reference,18,87,63,724,0.107143,1.887831,18,0,0.099448,0.007695,1.838649,0.049182
full_screened,All combined records evaluated by the deterministic screen,11. Legit Market,892,jurisdiction_localisation,Jurisdiction-specific bank or account reference,tutorial_training_recruitment,"Tutorial, guide, or training content",28,77,73,714,0.157303,2.355116,30,-2,0.157068,0.000235,2.416174,-0.061058
full_screened,All combined records evaluated by the deterministic screen,11. Legit Market,892,mule_recruitment,Mule recruitment or account-holder solicitation,telegram_off_platform,Telegram or private-channel coordination reference,7,2,74,809,0.084337,8.565158,7,0,0.083333,0.001004,9.295393,-0.730235
full_screened,All combined records evaluated by the deterministic screen,11. Legit Market,892,mule_recruitment,Mule recruitment or account-holder solicitation,tutorial_training_recruitment,"Tutorial, guide, or training content",5,4,96,787,0.047619,4.906491,5,0,0.046296,0.001323,5.235043,-0.328552
full_screened,All combined records evaluated by the deterministic screen,11. Legit Market,892,telegram_off_platform,Telegram or private-channel coordination reference,tutorial_training_recruitment,"Tutorial, guide, or training content",28,53,73,738,0.181818,3.052928,29,-1,0.184713,-0.002895,3.332552,-0.279624
full_screened,All combined records evaluated by the deterministic screen,12. TORCH Tor Search,922,bank_drop_sale,Bank drop sale or bank-drop infrastructure,bank_log_sale,Compromised bank log sale or discussion,74,40,102,706,0.342593,3.400518,76,-2,0.348624,-0.006031,3.607129,-0.206611
full_screened,All combined records evaluated by the deterministic screen,12. TORCH Tor Search,922,bank_drop_sale,Bank drop sale or bank-drop infrastructure,cashout_laundering_service,Cash-out or laundering service,31,83,87,721,0.154229,2.12474,31,0,0.152709,0.00152,2.219462,-0.094722
full_screened,All combined records evaluated by the deterministic screen,12. TORCH Tor Search,922,bank_drop_sale,Bank drop sale or bank-drop infrastructure,crypto_payment_or_conversion,Cryptocurrency payment or conversion reference,38,76,88,720,0.188119,2.439153,38,0,0.186275,0.001844,2.547893,-0.10874
full_screened,All combined records evaluated by the deterministic screen,12. TORCH Tor Search,922,bank_drop_sale,Bank drop sale or bank-drop infrastructure,email_access_takeover,Email-access-enabled account takeover,28,86,34,774,0.189189,3.652518,28,0,0.186667,0.002522,3.81535,-0.162832
full_screened,All combined records evaluated by the deterministic screen,12. TORCH Tor Search,922,bank_drop_sale,Bank drop sale or bank-drop infrastructure,escrow_trust_reputation,"Escrow, trust, reputation, or scam-risk discourse",33,81,88,720,0.163366,2.205742,33,0,0.161765,0.001601,2.304075,-0.098333
full_screened,All combined records evaluated by the deterministic screen,12. TORCH Tor Search,922,bank_drop_sale,Bank drop sale or bank-drop infrastructure,fullz_identity_package,Fullz or identity package,60,54,64,744,0.337079,3.913413,60,0,0.333333,0.003746,4.087875,-0.174462
full_screened,All combined records evaluated by the deterministic screen,12. TORCH Tor Search,922,bank_drop_sale,Bank drop sale or bank-drop infrastructure,jurisdiction_localisation,Jurisdiction-specific bank or account reference,62,52,55,753,0.366864,4.2858,62,0,0.362573,0.004291,4.476864,-0.191064
full_screened,All combined records evaluated by the deterministic screen,12. TORCH Tor Search,922,bank_drop_sale,Bank drop sale or bank-drop infrastructure,mule_recruitment,Mule recruitment or account-holder solicitation,4,110,5,803,0.033613,3.594542,4,0,0.033058,0.000555,3.754789,-0.160247
full_screened,All combined records evaluated by the deterministic screen,12. TORCH Tor Search,922,bank_drop_sale,Bank drop sale or bank-drop infrastructure,telegram_off_platform,Telegram or private-channel coordination reference,13,101,69,739,0.071038,1.282199,13,0,0.07027,0.000768,1.339361,-0.057162
full_screened,All combined records evaluated by the deterministic screen,12. TORCH Tor Search,922,bank_drop_sale,Bank drop sale or bank-drop infrastructure,tutorial_training_recruitment,"Tutorial, guide, or training content",38,76,66,742,0.211111,2.955128,38,0,0.208791,0.00232,3.08687,-0.131742
full_screened,All combined records evaluated by the deterministic screen,12. TORCH Tor Search,922,bank_log_sale,Compromised bank log sale or discussion,cashout_laundering_service,Cash-out or laundering service,66,110,52,694,0.289474,2.930085,66,0,0.286957,0.002517,3.079413,-0.149328
full_screened,All combined records evaluated by the deterministic screen,12. TORCH Tor Search,922,bank_log_sale,Compromised bank log sale or discussion,crypto_payment_or_conversion,Cryptocurrency payment or conversion reference,77,99,49,697,0.342222,3.201389,77,0,0.339207,0.003015,3.364544,-0.163155
full_screened,All combined records evaluated by the deterministic screen,12. TORCH Tor Search,922,bank_log_sale,Compromised bank log sale or discussion,email_access_takeover,Email-access-enabled account takeover,53,123,9,737,0.286486,4.478189,53,0,0.283422,0.003064,4.706415,-0.228226
full_screened,All combined records evaluated by the deterministic screen,12. TORCH Tor Search,922,bank_log_sale,Compromised bank log sale or discussion,escrow_trust_reputation,"Escrow, trust, reputation, or scam-risk discourse",48,128,73,673,0.192771,2.078137,48,0,0.191235,0.001536,2.184047,-0.10591
full_screened,All combined records evaluated by the deterministic screen,12. TORCH Tor Search,922,bank_log_sale,Compromised bank log sale or discussion,fullz_identity_package,Fullz or identity package,60,116,64,682,0.25,2.534824,60,0,0.247934,0.002066,2.664009,-0.129185
full_screened,All combined records evaluated by the deterministic screen,12. TORCH Tor Search,922,bank_log_sale,Compromised bank log sale or discussion,jurisdiction_localisation,Jurisdiction-specific bank or account reference,74,102,43,703,0.3379,3.313326,74,0,0.334842,0.003058,3.482186,-0.16886
full_screened,All combined records evaluated by the deterministic screen,12. TORCH Tor Search,922,bank_log_sale,Compromised bank log sale or discussion,mule_recruitment,Mule recruitment or account-holder solicitation,7,169,2,744,0.039326,4.074495,7,0,0.038889,0.000437,4.282147,-0.207652
full_screened,All combined records evaluated by the deterministic screen,12. TORCH Tor Search,922,bank_log_sale,Compromised bank log sale or discussion,telegram_off_platform,Telegram or private-channel coordination reference,24,152,58,688,0.102564,1.533259,24,0,0.101695,0.000869,1.6114,-0.078141
full_screened,All combined records evaluated by the deterministic screen,12. TORCH Tor Search,922,bank_log_sale,Compromised bank log sale or discussion,tutorial_training_recruitment,"Tutorial, guide, or training content",62,114,42,704,0.284404,3.123033,62,0,0.281818,0.002586,3.282195,-0.159162
full_screened,All combined records evaluated by the deterministic screen,12. TORCH Tor Search,922,cashout_laundering_service,Cash-out or laundering service,crypto_payment_or_conversion,Cryptocurrency payment or conversion reference,59,59,67,737,0.318919,3.65873,59,0,0.318919,0.0,3.888889,-0.230159
full_screened,All combined records evaluated by the deterministic screen,12. TORCH Tor Search,922,cashout_laundering_service,Cash-out or laundering service,email_access_takeover,Email-access-enabled account takeover,15,103,47,757,0.090909,1.890377,15,0,0.090909,0.0,2.009295,-0.118918
full_screened,All combined records evaluated by the deterministic screen,12. TORCH Tor Search,922,cashout_laundering_service,Cash-out or laundering service,escrow_trust_reputation,"Escrow, trust, reputation, or scam-risk discourse",32,86,89,715,0.154589,2.066396,32,0,0.154589,0.0,2.196386,-0.12999
full_screened,All combined records evaluated by the deterministic screen,12. TORCH Tor Search,922,cashout_laundering_service,Cash-out or laundering service,fullz_identity_package,Fullz or identity package,34,84,90,714,0.163462,2.142428,34,0,0.163462,0.0,2.277201,-0.134773
full_screened,All combined records evaluated by the deterministic screen,12. TORCH Tor Search,922,cashout_laundering_service,Cash-out or laundering service,jurisdiction_localisation,Jurisdiction-specific bank or account reference,33,85,84,720,0.163366,2.203824,33,0,0.163366,0.0,2.34246,-0.138636
full_screened,All combined records evaluated by the deterministic screen,12. TORCH Tor Search,922,cashout_laundering_service,Cash-out or laundering service,mule_recruitment,Mule recruitment or account-holder solicitation,7,111,2,802,0.058333,6.077213,7,0,0.058333,0.0,6.45951,-0.382297
full_screened,All combined records evaluated by the deterministic screen,12. TORCH Tor Search,922,cashout_laundering_service,Cash-out or laundering service,telegram_off_platform,Telegram or private-channel coordination reference,39,79,43,761,0.242236,3.716205,39,0,0.242236,0.0,3.949979,-0.233774
full_screened,All combined records evaluated by the deterministic screen,12. TORCH Tor Search,922,cashout_laundering_service,Cash-out or laundering service,tutorial_training_recruitment,"Tutorial, guide, or training content",46,72,58,746,0.261364,3.455997,46,0,0.261364,0.0,3.673403,-0.217406
full_screened,All combined records evaluated by the deterministic screen,12. TORCH Tor Search,922,crypto_payment_or_conversion,Cryptocurrency payment or conversion reference,email_access_takeover,Email-access-enabled account takeover,17,109,45,751,0.099415,2.0064,17,0,0.099415,0.0,2.132616,-0.126216
full_screened,All combined records evaluated by the deterministic screen,12. TORCH Tor Search,922,crypto_payment_or_conversion,Cryptocurrency payment or conversion reference,escrow_trust_reputation,"Escrow, trust, reputation, or scam-risk discourse",52,74,69,727,0.266667,3.144694,52,0,0.266667,0.0,3.342516,-0.197822
full_screened,All combined records evaluated by the deterministic screen,12. TORCH Tor Search,922,crypto_payment_or_conversion,Cryptocurrency payment or conversion reference,fullz_identity_package,Fullz or identity package,44,82,80,716,0.213592,2.596518,44,0,0.213592,0.0,2.759857,-0.163339
full_screened,All combined records evaluated by the deterministic screen,12. TORCH Tor Search,922,crypto_payment_or_conversion,Cryptocurrency payment or conversion reference,jurisdiction_localisation,Jurisdiction-specific bank or account reference,35,91,82,714,0.168269,2.188984,35,0,0.168269,0.0,2.326686,-0.137702
full_screened,All combined records evaluated by the deterministic screen,12. TORCH Tor Search,922,crypto_payment_or_conversion,Cryptocurrency payment or conversion reference,mule_recruitment,Mule recruitment or account-holder solicitation,7,119,2,794,0.054688,5.691358,7,0,0.054688,0.0,6.049383,-0.358025
full_screened,All combined records evaluated by the deterministic screen,12. TORCH Tor Search,922,crypto_payment_or_conversion,Cryptocurrency payment or conversion reference,telegram_off_platform,Telegram or private-channel coordination reference,34,92,48,748,0.195402,3.034069,34,0,0.195402,0.0,3.224932,-0.190863
full_screened,All combined records evaluated by the deterministic screen,12. TORCH Tor Search,922,crypto_payment_or_conversion,Cryptocurrency payment or conversion reference,tutorial_training_recruitment,"Tutorial, guide, or training content",44,82,60,736,0.236559,3.095849,44,0,0.236559,0.0,3.290598,-0.194749
full_screened,All combined records evaluated by the deterministic screen,12. TORCH Tor Search,922,email_access_takeover,Email-access-enabled account takeover,escrow_trust_reputation,"Escrow, trust, reputation, or scam-risk discourse",13,49,108,752,0.076471,1.597707,13,0,0.076471,0.0,1.698214,-0.100507
full_screened,All combined records evaluated by the deterministic screen,12. TORCH Tor Search,922,email_access_takeover,Email-access-enabled account takeover,fullz_identity_package,Fullz or identity package,24,38,100,760,0.148148,2.878252,24,0,0.148148,0.0,3.059313,-0.181061
full_screened,All combined records evaluated by the deterministic screen,12. TORCH Tor Search,922,email_access_takeover,Email-access-enabled account takeover,jurisdiction_localisation,Jurisdiction-specific bank or account reference,40,22,77,783,0.28777,5.084092,40,0,0.28777,0.0,5.403915,-0.319823
full_screened,All combined records evaluated by the deterministic screen,12. TORCH Tor Search,922,email_access_takeover,Email-access-enabled account takeover,mule_recruitment,Mule recruitment or account-holder solicitation,0,62,9,851,0.0,0.0,0,0,0.0,0.0,0.0,0.0
full_screened,All combined records evaluated by the deterministic screen,12. TORCH Tor Search,922,email_access_takeover,Email-access-enabled account takeover,telegram_off_platform,Telegram or private-channel coordination reference,10,52,72,788,0.074627,1.813533,10,0,0.074627,0.0,1.927616,-0.114083
full_screened,All combined records evaluated by the deterministic screen,12. TORCH Tor Search,922,email_access_takeover,Email-access-enabled account takeover,tutorial_training_recruitment,"Tutorial, guide, or training content",20,42,84,776,0.136986,2.859801,20,0,0.136986,0.0,3.039702,-0.179901
full_screened,All combined records evaluated by the deterministic screen,12. TORCH Tor Search,922,escrow_trust_reputation,"Escrow, trust, reputation, or scam-risk discourse",fullz_identity_package,Fullz or identity package,34,87,90,711,0.161137,2.08931,34,0,0.161137,0.0,2.220741,-0.131431
full_screened,All combined records evaluated by the deterministic screen,12. TORCH Tor Search,922,escrow_trust_reputation,"Escrow, trust, reputation, or scam-risk discourse",jurisdiction_localisation,Jurisdiction-specific bank or account reference,34,87,83,718,0.166667,2.214311,34,0,0.166667,0.0,2.353606,-0.139295
full_screened,All combined records evaluated by the deterministic screen,12. TORCH Tor Search,922,escrow_trust_reputation,"Escrow, trust, reputation, or scam-risk discourse",mule_recruitment,Mule recruitment or account-holder solicitation,5,116,4,797,0.04,4.233242,5,0,0.04,0.0,4.499541,-0.266299
full_screened,All combined records evaluated by the deterministic screen,12. TORCH Tor Search,922,escrow_trust_reputation,"Escrow, trust, reputation, or scam-risk discourse",telegram_off_platform,Telegram or private-channel coordination reference,26,95,56,745,0.146893,2.416045,26,0,0.146893,0.0,2.568031,-0.151986
full_screened,All combined records evaluated by the deterministic screen,12. TORCH Tor Search,922,escrow_trust_reputation,"Escrow, trust, reputation, or scam-risk discourse",tutorial_training_recruitment,"Tutorial, guide, or training content",37,84,67,734,0.196809,2.710903,37,0,0.196809,0.0,2.881437,-0.170534
full_screened,All combined records evaluated by the deterministic screen,12. TORCH Tor Search,922,fullz_identity_package,Fullz or identity package,jurisdiction_localisation,Jurisdiction-specific bank or account reference,44,80,73,725,0.22335,2.79625,44,0,0.22335,0.0,2.972153,-0.175903
full_screened,All combined records evaluated by the deterministic screen,12. TORCH Tor Search,922,fullz_identity_package,Fullz or identity package,mule_recruitment,Mule recruitment or account-holder solicitation,4,120,5,793,0.031008,3.304659,4,0,0.031008,0.0,3.512545,-0.207886
full_screened,All combined records evaluated by the deterministic screen,12. TORCH Tor Search,922,fullz_identity_package,Fullz or identity package,telegram_off_platform,Telegram or private-channel coordination reference,30,94,52,746,0.170455,2.720299,30,0,0.170455,0.0,2.891424,-0.171125
full_screened,All combined records evaluated by the deterministic screen,12. TORCH Tor Search,922,fullz_identity_package,Fullz or identity package,tutorial_training_recruitment,"Tutorial, guide, or training content",40,84,64,734,0.212766,2.859801,40,0,0.212766,0.0,3.039702,-0.179901
full_screened,All combined records evaluated by the deterministic screen,12. TORCH Tor Search,922,jurisdiction_localisation,Jurisdiction-specific bank or account reference,mule_recruitment,Mule recruitment or account-holder solicitation,4,113,5,800,0.032787,3.502374,4,0,0.032787,0.0,3.722697,-0.220323
full_screened,All combined records evaluated by the deterministic screen,12. TORCH Tor Search,922,jurisdiction_localisation,Jurisdiction-specific bank or account reference,telegram_off_platform,Telegram or private-channel coordination reference,18,99,64,741,0.099448,1.729831,18,0,0.099448,0.0,1.838649,-0.108818
full_screened,All combined records evaluated by the deterministic screen,12. TORCH Tor Search,922,jurisdiction_localisation,Jurisdiction-specific bank or account reference,tutorial_training_recruitment,"Tutorial, guide, or training content",30,87,74,731,0.157068,2.273176,30,0,0.157068,0.0,2.416174,-0.142998
full_screened,All combined records evaluated by the deterministic screen,12. TORCH Tor Search,922,mule_recruitment,Mule recruitment or account-holder solicitation,telegram_off_platform,Telegram or private-channel coordination reference,7,2,75,838,0.083333,8.745257,7,0,0.083333,0.0,9.295393,-0.550136
full_screened,All combined records evaluated by the deterministic screen,12. TORCH Tor Search,922,mule_recruitment,Mule recruitment or account-holder solicitation,tutorial_training_recruitment,"Tutorial, guide, or training content",5,4,99,814,0.046296,4.925214,5,0,0.046296,0.0,5.235043,-0.309829
full_screened,All combined records evaluated by the deterministic screen,12. TORCH Tor Search,922,telegram_off_platform,Telegram or private-channel coordination reference,tutorial_training_recruitment,"Tutorial, guide, or training content",29,53,75,765,0.184713,3.135319,29,0,0.184713,0.0,3.332552,-0.197233
full_screened,All combined records evaluated by the deterministic screen,13. Bank Logs,979,bank_drop_sale,Bank drop sale or bank-drop infrastructure,bank_log_sale,Compromised bank log sale or discussion,76,40,102,761,0.348624,3.603448,76,0,0.348624,0.0,3.607129,-0.003681
full_screened,All combined records evaluated by the deterministic screen,13. Bank Logs,979,bank_drop_sale,Bank drop sale or bank-drop infrastructure,cashout_laundering_service,Cash-out or laundering service,31,85,87,776,0.152709,2.217198,31,0,0.152709,0.0,2.219462,-0.002264
full_screened,All combined records evaluated by the deterministic screen,13. Bank Logs,979,bank_drop_sale,Bank drop sale or bank-drop infrastructure,crypto_payment_or_conversion,Cryptocurrency payment or conversion reference,38,78,88,775,0.186275,2.545293,38,0,0.186275,0.0,2.547893,-0.0026
full_screened,All combined records evaluated by the deterministic screen,13. Bank Logs,979,bank_drop_sale,Bank drop sale or bank-drop infrastructure,email_access_takeover,Email-access-enabled account takeover,28,88,34,829,0.186667,3.811457,28,0,0.186667,0.0,3.81535,-0.003893
full_screened,All combined records evaluated by the deterministic screen,13. Bank Logs,979,bank_drop_sale,Bank drop sale or bank-drop infrastructure,escrow_trust_reputation,"Escrow, trust, reputation, or scam-risk discourse",33,83,88,775,0.161765,2.301724,33,0,0.161765,0.0,2.304075,-0.002351
full_screened,All combined records evaluated by the deterministic screen,13. Bank Logs,979,bank_drop_sale,Bank drop sale or bank-drop infrastructure,fullz_identity_package,Fullz or identity package,60,56,64,799,0.333333,4.083704,60,0,0.333333,0.0,4.087875,-0.004171
full_screened,All combined records evaluated by the deterministic screen,13. Bank Logs,979,bank_drop_sale,Bank drop sale or bank-drop infrastructure,jurisdiction_localisation,Jurisdiction-specific bank or account reference,62,54,55,808,0.362573,4.472296,62,0,0.362573,0.0,4.476864,-0.004568
full_screened,All combined records evaluated by the deterministic screen,13. Bank Logs,979,bank_drop_sale,Bank drop sale or bank-drop infrastructure,mule_recruitment,Mule recruitment or account-holder solicitation,4,112,5,858,0.033058,3.750958,4,0,0.033058,0.0,3.754789,-0.003831
full_screened,All combined records evaluated by the deterministic screen,13. Bank Logs,979,bank_drop_sale,Bank drop sale or bank-drop infrastructure,telegram_off_platform,Telegram or private-channel coordination reference,13,103,69,794,0.07027,1.337994,13,0,0.07027,0.0,1.339361,-0.001367
full_screened,All combined records evaluated by the deterministic screen,13. Bank Logs,979,bank_drop_sale,Bank drop sale or bank-drop infrastructure,tutorial_training_recruitment,"Tutorial, guide, or training content",38,78,66,797,0.208791,3.08372,38,0,0.208791,0.0,3.08687,-0.00315
full_screened,All combined records evaluated by the deterministic screen,13. Bank Logs,979,bank_log_sale,Compromised bank log sale or discussion,cashout_laundering_service,Cash-out or laundering service,66,112,52,749,0.286957,3.076271,66,0,0.286957,0.0,3.079413,-0.003142
full_screened,All combined records evaluated by the deterministic screen,13. Bank Logs,979,bank_log_sale,Compromised bank log sale or discussion,crypto_payment_or_conversion,Cryptocurrency payment or conversion reference,77,101,49,752,0.339207,3.361111,77,0,0.339207,0.0,3.364544,-0.003433
full_screened,All combined records evaluated by the deterministic screen,13. Bank Logs,979,bank_log_sale,Compromised bank log sale or discussion,email_access_takeover,Email-access-enabled account takeover,53,125,9,792,0.283422,4.701613,53,0,0.283422,0.0,4.706415,-0.004802
full_screened,All combined records evaluated by the deterministic screen,13. Bank Logs,979,bank_log_sale,Compromised bank log sale or discussion,escrow_trust_reputation,"Escrow, trust, reputation, or scam-risk discourse",48,130,73,728,0.191235,2.181818,48,0,0.191235,0.0,2.184047,-0.002229
full_screened,All combined records evaluated by the deterministic screen,13. Bank Logs,979,bank_log_sale,Compromised bank log sale or discussion,fullz_identity_package,Fullz or identity package,60,118,64,737,0.247934,2.66129,60,0,0.247934,0.0,2.664009,-0.002719
full_screened,All combined records evaluated by the deterministic screen,13. Bank Logs,979,bank_log_sale,Compromised bank log sale or discussion,jurisdiction_localisation,Jurisdiction-specific bank or account reference,74,104,43,758,0.334842,3.478632,74,0,0.334842,0.0,3.482186,-0.003554
full_screened,All combined records evaluated by the deterministic screen,13. Bank Logs,979,bank_log_sale,Compromised bank log sale or discussion,mule_recruitment,Mule recruitment or account-holder solicitation,7,171,2,799,0.038889,4.277778,7,0,0.038889,0.0,4.282147,-0.004369
full_screened,All combined records evaluated by the deterministic screen,13. Bank Logs,979,bank_log_sale,Compromised bank log sale or discussion,telegram_off_platform,Telegram or private-channel coordination reference,24,154,58,743,0.101695,1.609756,24,0,0.101695,0.0,1.6114,-0.001644
full_screened,All combined records evaluated by the deterministic screen,13. Bank Logs,979,bank_log_sale,Compromised bank log sale or discussion,tutorial_training_recruitment,"Tutorial, guide, or training content",62,116,42,759,0.281818,3.278846,62,0,0.281818,0.0,3.282195,-0.003349
full_screened,All combined records evaluated by the deterministic screen,13. Bank Logs,979,cashout_laundering_service,Cash-out or laundering service,crypto_payment_or_conversion,Cryptocurrency payment or conversion reference,59,59,67,794,0.318919,3.884921,59,0,0.318919,0.0,3.888889,-0.003968
full_screened,All combined records evaluated by the deterministic screen,13. Bank Logs,979,cashout_laundering_service,Cash-out or laundering service,email_access_takeover,Email-access-enabled account takeover,15,103,47,814,0.090909,2.007244,15,0,0.090909,0.0,2.009295,-0.002051
full_screened,All combined records evaluated by the deterministic screen,13. Bank Logs,979,cashout_laundering_service,Cash-out or laundering service,escrow_trust_reputation,"Escrow, trust, reputation, or scam-risk discourse",32,86,89,772,0.154589,2.194145,32,0,0.154589,0.0,2.196386,-0.002241
full_screened,All combined records evaluated by the deterministic screen,13. Bank Logs,979,cashout_laundering_service,Cash-out or laundering service,fullz_identity_package,Fullz or identity package,34,84,90,771,0.163462,2.274877,34,0,0.163462,0.0,2.277201,-0.002324
full_screened,All combined records evaluated by the deterministic screen,13. Bank Logs,979,cashout_laundering_service,Cash-out or laundering service,jurisdiction_localisation,Jurisdiction-specific bank or account reference,33,85,84,777,0.163366,2.34007,33,0,0.163366,0.0,2.34246,-0.00239
full_screened,All combined records evaluated by the deterministic screen,13. Bank Logs,979,cashout_laundering_service,Cash-out or laundering service,mule_recruitment,Mule recruitment or account-holder solicitation,7,111,2,859,0.058333,6.452919,7,0,0.058333,0.0,6.45951,-0.006591
full_screened,All combined records evaluated by the deterministic screen,13. Bank Logs,979,cashout_laundering_service,Cash-out or laundering service,telegram_off_platform,Telegram or private-channel coordination reference,39,79,43,818,0.242236,3.945949,39,0,0.242236,0.0,3.949979,-0.00403
full_screened,All combined records evaluated by the deterministic screen,13. Bank Logs,979,cashout_laundering_service,Cash-out or laundering service,tutorial_training_recruitment,"Tutorial, guide, or training content",46,72,58,803,0.261364,3.669654,46,0,0.261364,0.0,3.673403,-0.003749
full_screened,All combined records evaluated by the deterministic screen,13. Bank Logs,979,crypto_payment_or_conversion,Cryptocurrency payment or conversion reference,email_access_takeover,Email-access-enabled account takeover,17,109,45,808,0.099415,2.13044,17,0,0.099415,0.0,2.132616,-0.002176
full_screened,All combined records evaluated by the deterministic screen,13. Bank Logs,979,crypto_payment_or_conversion,Cryptocurrency payment or conversion reference,escrow_trust_reputation,"Escrow, trust, reputation, or scam-risk discourse",52,74,69,784,0.266667,3.339105,52,0,0.266667,0.0,3.342516,-0.003411
full_screened,All combined records evaluated by the deterministic screen,13. Bank Logs,979,crypto_payment_or_conversion,Cryptocurrency payment or conversion reference,fullz_identity_package,Fullz or identity package,44,82,80,773,0.213592,2.75704,44,0,0.213592,0.0,2.759857,-0.002817
full_screened,All combined records evaluated by the deterministic screen,13. Bank Logs,979,crypto_payment_or_conversion,Cryptocurrency payment or conversion reference,jurisdiction_localisation,Jurisdiction-specific bank or account reference,35,91,82,771,0.168269,2.324311,35,0,0.168269,0.0,2.326686,-0.002375
full_screened,All combined records evaluated by the deterministic screen,13. Bank Logs,979,crypto_payment_or_conversion,Cryptocurrency payment or conversion reference,mule_recruitment,Mule recruitment or account-holder solicitation,7,119,2,851,0.054688,6.04321,7,0,0.054688,0.0,6.049383,-0.006173
full_screened,All combined records evaluated by the deterministic screen,13. Bank Logs,979,crypto_payment_or_conversion,Cryptocurrency payment or conversion reference,telegram_off_platform,Telegram or private-channel coordination reference,34,92,48,805,0.195402,3.221642,34,0,0.195402,0.0,3.224932,-0.00329
full_screened,All combined records evaluated by the deterministic screen,13. Bank Logs,979,crypto_payment_or_conversion,Cryptocurrency payment or conversion reference,tutorial_training_recruitment,"Tutorial, guide, or training content",44,82,60,793,0.236559,3.287241,44,0,0.236559,0.0,3.290598,-0.003357
full_screened,All combined records evaluated by the deterministic screen,13. Bank Logs,979,email_access_takeover,Email-access-enabled account takeover,escrow_trust_reputation,"Escrow, trust, reputation, or scam-risk discourse",13,49,108,809,0.076471,1.696481,13,0,0.076471,0.0,1.698214,-0.001733
full_screened,All combined records evaluated by the deterministic screen,13. Bank Logs,979,email_access_takeover,Email-access-enabled account takeover,fullz_identity_package,Fullz or identity package,24,38,100,817,0.148148,3.056191,24,0,0.148148,0.0,3.059313,-0.003122
full_screened,All combined records evaluated by the deterministic screen,13. Bank Logs,979,email_access_takeover,Email-access-enabled account takeover,jurisdiction_localisation,Jurisdiction-specific bank or account reference,40,22,77,840,0.28777,5.398401,40,0,0.28777,0.0,5.403915,-0.005514
full_screened,All combined records evaluated by the deterministic screen,13. Bank Logs,979,email_access_takeover,Email-access-enabled account takeover,mule_recruitment,Mule recruitment or account-holder solicitation,0,62,9,908,0.0,0.0,0,0,0.0,0.0,0.0,0.0
full_screened,All combined records evaluated by the deterministic screen,13. Bank Logs,979,email_access_takeover,Email-access-enabled account takeover,telegram_off_platform,Telegram or private-channel coordination reference,10,52,72,845,0.074627,1.925649,10,0,0.074627,0.0,1.927616,-0.001967
full_screened,All combined records evaluated by the deterministic screen,13. Bank Logs,979,email_access_takeover,Email-access-enabled account takeover,tutorial_training_recruitment,"Tutorial, guide, or training content",20,42,84,833,0.136986,3.0366,20,0,0.136986,0.0,3.039702,-0.003102
full_screened,All combined records evaluated by the deterministic screen,13. Bank Logs,979,escrow_trust_reputation,"Escrow, trust, reputation, or scam-risk discourse",fullz_identity_package,Fullz or identity package,34,87,90,768,0.161137,2.218475,34,0,0.161137,0.0,2.220741,-0.002266
full_screened,All combined records evaluated by the deterministic screen,13. Bank Logs,979,escrow_trust_reputation,"Escrow, trust, reputation, or scam-risk discourse",jurisdiction_localisation,Jurisdiction-specific bank or account reference,34,87,83,775,0.166667,2.351204,34,0,0.166667,0.0,2.353606,-0.002402
full_screened,All combined records evaluated by the deterministic screen,13. Bank Logs,979,escrow_trust_reputation,"Escrow, trust, reputation, or scam-risk discourse",mule_recruitment,Mule recruitment or account-holder solicitation,5,116,4,854,0.04,4.494949,5,0,0.04,0.0,4.499541,-0.004592
full_screened,All combined records evaluated by the deterministic screen,13. Bank Logs,979,escrow_trust_reputation,"Escrow, trust, reputation, or scam-risk discourse",telegram_off_platform,Telegram or private-channel coordination reference,26,95,56,802,0.146893,2.56541,26,0,0.146893,0.0,2.568031,-0.002621
full_screened,All combined records evaluated by the deterministic screen,13. Bank Logs,979,escrow_trust_reputation,"Escrow, trust, reputation, or scam-risk discourse",tutorial_training_recruitment,"Tutorial, guide, or training content",37,84,67,791,0.196809,2.878497,37,0,0.196809,0.0,2.881437,-0.00294
full_screened,All combined records evaluated by the deterministic screen,13. Bank Logs,979,fullz_identity_package,Fullz or identity package,jurisdiction_localisation,Jurisdiction-specific bank or account reference,44,80,73,782,0.22335,2.96912,44,0,0.22335,0.0,2.972153,-0.003033
full_screened,All combined records evaluated by the deterministic screen,13. Bank Logs,979,fullz_identity_package,Fullz or identity package,mule_recruitment,Mule recruitment or account-holder solicitation,4,120,5,850,0.031008,3.508961,4,0,0.031008,0.0,3.512545,-0.003584
full_screened,All combined records evaluated by the deterministic screen,13. Bank Logs,979,fullz_identity_package,Fullz or identity package,telegram_off_platform,Telegram or private-channel coordination reference,30,94,52,803,0.170455,2.888474,30,0,0.170455,0.0,2.891424,-0.00295
full_screened,All combined records evaluated by the deterministic screen,13. Bank Logs,979,fullz_identity_package,Fullz or identity package,tutorial_training_recruitment,"Tutorial, guide, or training content",40,84,64,791,0.212766,3.0366,40,0,0.212766,0.0,3.039702,-0.003102
full_screened,All combined records evaluated by the deterministic screen,13. Bank Logs,979,jurisdiction_localisation,Jurisdiction-specific bank or account reference,mule_recruitment,Mule recruitment or account-holder solicitation,4,113,5,857,0.032787,3.718898,4,0,0.032787,0.0,3.722697,-0.003799
full_screened,All combined records evaluated by the deterministic screen,13. Bank Logs,979,jurisdiction_localisation,Jurisdiction-specific bank or account reference,telegram_off_platform,Telegram or private-channel coordination reference,18,99,64,798,0.099448,1.836773,18,0,0.099448,0.0,1.838649,-0.001876
full_screened,All combined records evaluated by the deterministic screen,13. Bank Logs,979,jurisdiction_localisation,Jurisdiction-specific bank or account reference,tutorial_training_recruitment,"Tutorial, guide, or training content",30,87,74,788,0.157068,2.413708,30,0,0.157068,0.0,2.416174,-0.002466
full_screened,All combined records evaluated by the deterministic screen,13. Bank Logs,979,mule_recruitment,Mule recruitment or account-holder solicitation,telegram_off_platform,Telegram or private-channel coordination reference,7,2,75,895,0.083333,9.285908,7,0,0.083333,0.0,9.295393,-0.009485
full_screened,All combined records evaluated by the deterministic screen,13. Bank Logs,979,mule_recruitment,Mule recruitment or account-holder solicitation,tutorial_training_recruitment,"Tutorial, guide, or training content",5,4,99,871,0.046296,5.229701,5,0,0.046296,0.0,5.235043,-0.005342
full_screened,All combined records evaluated by the deterministic screen,13. Bank Logs,979,telegram_off_platform,Telegram or private-channel coordination reference,tutorial_training_recruitment,"Tutorial, guide, or training content",29,53,75,822,0.184713,3.329151,29,0,0.184713,0.0,3.332552,-0.003401
full_screened,All combined records evaluated by the deterministic screen,14. Lonely Road,976,bank_drop_sale,Bank drop sale or bank-drop infrastructure,bank_log_sale,Compromised bank log sale or discussion,76,40,101,759,0.35023,3.612702,76,0,0.348624,0.001606,3.607129,0.005573
full_screened,All combined records evaluated by the deterministic screen,14. Lonely Road,976,bank_drop_sale,Bank drop sale or bank-drop infrastructure,cashout_laundering_service,Cash-out or laundering service,31,85,87,773,0.152709,2.210403,31,0,0.152709,0.0,2.219462,-0.009059
full_screened,All combined records evaluated by the deterministic screen,14. Lonely Road,976,bank_drop_sale,Bank drop sale or bank-drop infrastructure,crypto_payment_or_conversion,Cryptocurrency payment or conversion reference,38,78,85,775,0.189055,2.599383,38,0,0.186275,0.00278,2.547893,0.05149
full_screened,All combined records evaluated by the deterministic screen,14. Lonely Road,976,bank_drop_sale,Bank drop sale or bank-drop infrastructure,email_access_takeover,Email-access-enabled account takeover,28,88,34,826,0.186667,3.799778,28,0,0.186667,0.0,3.81535,-0.015572
full_screened,All combined records evaluated by the deterministic screen,14. Lonely Road,976,bank_drop_sale,Bank drop sale or bank-drop infrastructure,escrow_trust_reputation,"Escrow, trust, reputation, or scam-risk discourse",33,83,88,772,0.161765,2.294671,33,0,0.161765,0.0,2.304075,-0.009404
full_screened,All combined records evaluated by the deterministic screen,14. Lonely Road,976,bank_drop_sale,Bank drop sale or bank-drop infrastructure,fullz_identity_package,Fullz or identity package,60,56,64,796,0.333333,4.07119,60,0,0.333333,0.0,4.087875,-0.016685
full_screened,All combined records evaluated by the deterministic screen,14. Lonely Road,976,bank_drop_sale,Bank drop sale or bank-drop infrastructure,jurisdiction_localisation,Jurisdiction-specific bank or account reference,62,54,54,806,0.364706,4.497027,62,0,0.362573,0.002133,4.476864,0.020163
full_screened,All combined records evaluated by the deterministic screen,14. Lonely Road,976,bank_drop_sale,Bank drop sale or bank-drop infrastructure,mule_recruitment,Mule recruitment or account-holder solicitation,4,112,5,855,0.033058,3.739464,4,0,0.033058,0.0,3.754789,-0.015325
full_screened,All combined records evaluated by the deterministic screen,14. Lonely Road,976,bank_drop_sale,Bank drop sale or bank-drop infrastructure,telegram_off_platform,Telegram or private-channel coordination reference,13,103,69,791,0.07027,1.333894,13,0,0.07027,0.0,1.339361,-0.005467
full_screened,All combined records evaluated by the deterministic screen,14. Lonely Road,976,bank_drop_sale,Bank drop sale or bank-drop infrastructure,tutorial_training_recruitment,"Tutorial, guide, or training content",38,78,66,794,0.208791,3.074271,38,0,0.208791,0.0,3.08687,-0.012599
full_screened,All combined records evaluated by the deterministic screen,14. Lonely Road,976,bank_log_sale,Compromised bank log sale or discussion,cashout_laundering_service,Cash-out or laundering service,66,111,52,747,0.28821,3.084171,66,0,0.286957,0.001253,3.079413,0.004758
full_screened,All combined records evaluated by the deterministic screen,14. Lonely Road,976,bank_log_sale,Compromised bank log sale or discussion,crypto_payment_or_conversion,Cryptocurrency payment or conversion reference,76,101,47,752,0.339286,3.407101,77,-1,0.339207,7.9e-05,3.364544,0.042557
full_screened,All combined records evaluated by the deterministic screen,14. Lonely Road,976,bank_log_sale,Compromised bank log sale or discussion,email_access_takeover,Email-access-enabled account takeover,53,124,9,790,0.284946,4.713687,53,0,0.283422,0.001524,4.706415,0.007272
full_screened,All combined records evaluated by the deterministic screen,14. Lonely Road,976,bank_log_sale,Compromised bank log sale or discussion,escrow_trust_reputation,"Escrow, trust, reputation, or scam-risk discourse",48,129,73,726,0.192,2.187421,48,0,0.191235,0.000765,2.184047,0.003374
full_screened,All combined records evaluated by the deterministic screen,14. Lonely Road,976,bank_log_sale,Compromised bank log sale or discussion,fullz_identity_package,Fullz or identity package,60,117,64,735,0.248963,2.668125,60,0,0.247934,0.001029,2.664009,0.004116
full_screened,All combined records evaluated by the deterministic screen,14. Lonely Road,976,bank_log_sale,Compromised bank log sale or discussion,jurisdiction_localisation,Jurisdiction-specific bank or account reference,74,103,42,757,0.3379,3.517631,74,0,0.334842,0.003058,3.482186,0.035445
full_screened,All combined records evaluated by the deterministic screen,14. Lonely Road,976,bank_log_sale,Compromised bank log sale or discussion,mule_recruitment,Mule recruitment or account-holder solicitation,7,170,2,797,0.039106,4.288763,7,0,0.038889,0.000217,4.282147,0.006616
full_screened,All combined records evaluated by the deterministic screen,14. Lonely Road,976,bank_log_sale,Compromised bank log sale or discussion,telegram_off_platform,Telegram or private-channel coordination reference,24,153,58,741,0.102128,1.61389,24,0,0.101695,0.000433,1.6114,0.00249
full_screened,All combined records evaluated by the deterministic screen,14. Lonely Road,976,bank_log_sale,Compromised bank log sale or discussion,tutorial_training_recruitment,"Tutorial, guide, or training content",62,115,42,757,0.283105,3.287266,62,0,0.281818,0.001287,3.282195,0.005071
full_screened,All combined records evaluated by the deterministic screen,14. Lonely Road,976,cashout_laundering_service,Cash-out or laundering service,crypto_payment_or_conversion,Cryptocurrency payment or conversion reference,59,59,64,794,0.324176,3.96748,59,0,0.318919,0.005257,3.888889,0.078591
full_screened,All combined records evaluated by the deterministic screen,14. Lonely Road,976,cashout_laundering_service,Cash-out or laundering service,email_access_takeover,Email-access-enabled account takeover,15,103,47,811,0.090909,2.001093,15,0,0.090909,0.0,2.009295,-0.008202
full_screened,All combined records evaluated by the deterministic screen,14. Lonely Road,976,cashout_laundering_service,Cash-out or laundering service,escrow_trust_reputation,"Escrow, trust, reputation, or scam-risk discourse",32,86,89,769,0.154589,2.187421,32,0,0.154589,0.0,2.196386,-0.008965
full_screened,All combined records evaluated by the deterministic screen,14. Lonely Road,976,cashout_laundering_service,Cash-out or laundering service,fullz_identity_package,Fullz or identity package,34,84,90,768,0.163462,2.267906,34,0,0.163462,0.0,2.277201,-0.009295
full_screened,All combined records evaluated by the deterministic screen,14. Lonely Road,976,cashout_laundering_service,Cash-out or laundering service,jurisdiction_localisation,Jurisdiction-specific bank or account reference,33,85,83,775,0.164179,2.35301,33,0,0.163366,0.000813,2.34246,0.01055
full_screened,All combined records evaluated by the deterministic screen,14. Lonely Road,976,cashout_laundering_service,Cash-out or laundering service,mule_recruitment,Mule recruitment or account-holder solicitation,7,111,2,856,0.058333,6.433145,7,0,0.058333,0.0,6.45951,-0.026365
full_screened,All combined records evaluated by the deterministic screen,14. Lonely Road,976,cashout_laundering_service,Cash-out or laundering service,telegram_off_platform,Telegram or private-channel coordination reference,39,79,43,815,0.242236,3.933857,39,0,0.242236,0.0,3.949979,-0.016122
full_screened,All combined records evaluated by the deterministic screen,14. Lonely Road,976,cashout_laundering_service,Cash-out or laundering service,tutorial_training_recruitment,"Tutorial, guide, or training content",46,72,58,800,0.261364,3.658409,46,0,0.261364,0.0,3.673403,-0.014994
full_screened,All combined records evaluated by the deterministic screen,14. Lonely Road,976,crypto_payment_or_conversion,Cryptocurrency payment or conversion reference,email_access_takeover,Email-access-enabled account takeover,17,106,45,808,0.10119,2.175715,17,0,0.099415,0.001775,2.132616,0.043099
full_screened,All combined records evaluated by the deterministic screen,14. Lonely Road,976,crypto_payment_or_conversion,Cryptocurrency payment or conversion reference,escrow_trust_reputation,"Escrow, trust, reputation, or scam-risk discourse",52,71,69,784,0.270833,3.410065,52,0,0.266667,0.004166,3.342516,0.067549
full_screened,All combined records evaluated by the deterministic screen,14. Lonely Road,976,crypto_payment_or_conversion,Cryptocurrency payment or conversion reference,fullz_identity_package,Fullz or identity package,44,79,80,773,0.216749,2.815631,44,0,0.213592,0.003157,2.759857,0.055774
full_screened,All combined records evaluated by the deterministic screen,14. Lonely Road,976,crypto_payment_or_conversion,Cryptocurrency payment or conversion reference,jurisdiction_localisation,Jurisdiction-specific bank or account reference,35,88,81,772,0.171569,2.394169,35,0,0.168269,0.0033,2.326686,0.067483
full_screened,All combined records evaluated by the deterministic screen,14. Lonely Road,976,crypto_payment_or_conversion,Cryptocurrency payment or conversion reference,mule_recruitment,Mule recruitment or account-holder solicitation,7,116,2,851,0.056,6.171635,7,0,0.054688,0.001312,6.049383,0.122252
full_screened,All combined records evaluated by the deterministic screen,14. Lonely Road,976,crypto_payment_or_conversion,Cryptocurrency payment or conversion reference,telegram_off_platform,Telegram or private-channel coordination reference,34,89,48,805,0.19883,3.290105,34,0,0.195402,0.003428,3.224932,0.065173
full_screened,All combined records evaluated by the deterministic screen,14. Lonely Road,976,crypto_payment_or_conversion,Cryptocurrency payment or conversion reference,tutorial_training_recruitment,"Tutorial, guide, or training content",44,79,60,793,0.240437,3.357098,44,0,0.236559,0.003878,3.290598,0.0665
full_screened,All combined records evaluated by the deterministic screen,14. Lonely Road,976,email_access_takeover,Email-access-enabled account takeover,escrow_trust_reputation,"Escrow, trust, reputation, or scam-risk discourse",13,49,108,806,0.076471,1.691282,13,0,0.076471,0.0,1.698214,-0.006932
full_screened,All combined records evaluated by the deterministic screen,14. Lonely Road,976,email_access_takeover,Email-access-enabled account takeover,fullz_identity_package,Fullz or identity package,24,38,100,814,0.148148,3.046826,24,0,0.148148,0.0,3.059313,-0.012487
full_screened,All combined records evaluated by the deterministic screen,14. Lonely Road,976,email_access_takeover,Email-access-enabled account takeover,jurisdiction_localisation,Jurisdiction-specific bank or account reference,40,22,76,838,0.289855,5.428254,40,0,0.28777,0.002085,5.403915,0.024339
full_screened,All combined records evaluated by the deterministic screen,14. Lonely Road,976,email_access_takeover,Email-access-enabled account takeover,mule_recruitment,Mule recruitment or account-holder solicitation,0,62,9,905,0.0,0.0,0,0,0.0,0.0,0.0,0.0
full_screened,All combined records evaluated by the deterministic screen,14. Lonely Road,976,email_access_takeover,Email-access-enabled account takeover,telegram_off_platform,Telegram or private-channel coordination reference,10,52,72,842,0.074627,1.919748,10,0,0.074627,0.0,1.927616,-0.007868
full_screened,All combined records evaluated by the deterministic screen,14. Lonely Road,976,email_access_takeover,Email-access-enabled account takeover,tutorial_training_recruitment,"Tutorial, guide, or training content",20,42,84,830,0.136986,3.027295,20,0,0.136986,0.0,3.039702,-0.012407
full_screened,All combined records evaluated by the deterministic screen,14. Lonely Road,976,escrow_trust_reputation,"Escrow, trust, reputation, or scam-risk discourse",fullz_identity_package,Fullz or identity package,34,87,90,765,0.161137,2.211677,34,0,0.161137,0.0,2.220741,-0.009064
full_screened,All combined records evaluated by the deterministic screen,14. Lonely Road,976,escrow_trust_reputation,"Escrow, trust, reputation, or scam-risk discourse",jurisdiction_localisation,Jurisdiction-specific bank or account reference,34,87,82,773,0.167488,2.364206,34,0,0.166667,0.000821,2.353606,0.0106
full_screened,All combined records evaluated by the deterministic screen,14. Lonely Road,976,escrow_trust_reputation,"Escrow, trust, reputation, or scam-risk discourse",mule_recruitment,Mule recruitment or account-holder solicitation,5,116,4,851,0.04,4.481175,5,0,0.04,0.0,4.499541,-0.018366
full_screened,All combined records evaluated by the deterministic screen,14. Lonely Road,976,escrow_trust_reputation,"Escrow, trust, reputation, or scam-risk discourse",telegram_off_platform,Telegram or private-channel coordination reference,26,95,56,799,0.146893,2.557549,26,0,0.146893,0.0,2.568031,-0.010482
full_screened,All combined records evaluated by the deterministic screen,14. Lonely Road,976,escrow_trust_reputation,"Escrow, trust, reputation, or scam-risk discourse",tutorial_training_recruitment,"Tutorial, guide, or training content",37,84,67,788,0.196809,2.869676,37,0,0.196809,0.0,2.881437,-0.011761
full_screened,All combined records evaluated by the deterministic screen,14. Lonely Road,976,fullz_identity_package,Fullz or identity package,jurisdiction_localisation,Jurisdiction-specific bank or account reference,44,80,72,780,0.22449,2.985539,44,0,0.22335,0.00114,2.972153,0.013386
full_screened,All combined records evaluated by the deterministic screen,14. Lonely Road,976,fullz_identity_package,Fullz or identity package,mule_recruitment,Mule recruitment or account-holder solicitation,4,120,5,847,0.031008,3.498208,4,0,0.031008,0.0,3.512545,-0.014337
full_screened,All combined records evaluated by the deterministic screen,14. Lonely Road,976,fullz_identity_package,Fullz or identity package,telegram_off_platform,Telegram or private-channel coordination reference,30,94,52,800,0.170455,2.879622,30,0,0.170455,0.0,2.891424,-0.011802
full_screened,All combined records evaluated by the deterministic screen,14. Lonely Road,976,fullz_identity_package,Fullz or identity package,tutorial_training_recruitment,"Tutorial, guide, or training content",40,84,64,788,0.212766,3.027295,40,0,0.212766,0.0,3.039702,-0.012407
full_screened,All combined records evaluated by the deterministic screen,14. Lonely Road,976,jurisdiction_localisation,Jurisdiction-specific bank or account reference,mule_recruitment,Mule recruitment or account-holder solicitation,4,112,5,855,0.033058,3.739464,4,0,0.032787,0.000271,3.722697,0.016767
full_screened,All combined records evaluated by the deterministic screen,14. Lonely Road,976,jurisdiction_localisation,Jurisdiction-specific bank or account reference,telegram_off_platform,Telegram or private-channel coordination reference,18,98,64,796,0.1,1.84693,18,0,0.099448,0.000552,1.838649,0.008281
full_screened,All combined records evaluated by the deterministic screen,14. Lonely Road,976,jurisdiction_localisation,Jurisdiction-specific bank or account reference,tutorial_training_recruitment,"Tutorial, guide, or training content",30,86,74,786,0.157895,2.427056,30,0,0.157068,0.000827,2.416174,0.010882
full_screened,All combined records evaluated by the deterministic screen,14. Lonely Road,976,mule_recruitment,Mule recruitment or account-holder solicitation,telegram_off_platform,Telegram or private-channel coordination reference,7,2,75,892,0.083333,9.257453,7,0,0.083333,0.0,9.295393,-0.03794
full_screened,All combined records evaluated by the deterministic screen,14. Lonely Road,976,mule_recruitment,Mule recruitment or account-holder solicitation,tutorial_training_recruitment,"Tutorial, guide, or training content",5,4,99,868,0.046296,5.213675,5,0,0.046296,0.0,5.235043,-0.021368
full_screened,All combined records evaluated by the deterministic screen,14. Lonely Road,976,telegram_off_platform,Telegram or private-channel coordination reference,tutorial_training_recruitment,"Tutorial, guide, or training content",29,53,75,819,0.184713,3.318949,29,0,0.184713,0.0,3.332552,-0.013603
full_screened,All combined records evaluated by the deterministic screen,15. Tenebris,972,bank_drop_sale,Bank drop sale or bank-drop infrastructure,bank_log_sale,Compromised bank log sale or discussion,76,39,99,758,0.35514,3.670658,76,0,0.348624,0.006516,3.607129,0.063529
full_screened,All combined records evaluated by the deterministic screen,15. Tenebris,972,bank_drop_sale,Bank drop sale or bank-drop infrastructure,cashout_laundering_service,Cash-out or laundering service,31,84,84,773,0.155779,2.278412,31,0,0.152709,0.00307,2.219462,0.05895
full_screened,All combined records evaluated by the deterministic screen,15. Tenebris,972,bank_drop_sale,Bank drop sale or bank-drop infrastructure,crypto_payment_or_conversion,Cryptocurrency payment or conversion reference,38,77,84,773,0.190955,2.632644,38,0,0.186275,0.00468,2.547893,0.084751
full_screened,All combined records evaluated by the deterministic screen,15. Tenebris,972,bank_drop_sale,Bank drop sale or bank-drop infrastructure,email_access_takeover,Email-access-enabled account takeover,28,87,33,824,0.189189,3.879686,28,0,0.186667,0.002522,3.81535,0.064336
full_screened,All combined records evaluated by the deterministic screen,15. Tenebris,972,bank_drop_sale,Bank drop sale or bank-drop infrastructure,escrow_trust_reputation,"Escrow, trust, reputation, or scam-risk discourse",33,82,85,772,0.165,2.363744,33,0,0.161765,0.003235,2.304075,0.059669
full_screened,All combined records evaluated by the deterministic screen,15. Tenebris,972,bank_drop_sale,Bank drop sale or bank-drop infrastructure,fullz_identity_package,Fullz or identity package,60,55,64,793,0.335196,4.089762,60,0,0.333333,0.001863,4.087875,0.001887
full_screened,All combined records evaluated by the deterministic screen,15. Tenebris,972,bank_drop_sale,Bank drop sale or bank-drop infrastructure,jurisdiction_localisation,Jurisdiction-specific bank or account reference,62,53,54,803,0.366864,4.517541,62,0,0.362573,0.004291,4.476864,0.040677
full_screened,All combined records evaluated by the deterministic screen,15. Tenebris,972,bank_drop_sale,Bank drop sale or bank-drop infrastructure,mule_recruitment,Mule recruitment or account-holder solicitation,4,111,5,852,0.033333,3.756522,4,0,0.033058,0.000275,3.754789,0.001733
full_screened,All combined records evaluated by the deterministic screen,15. Tenebris,972,bank_drop_sale,Bank drop sale or bank-drop infrastructure,telegram_off_platform,Telegram or private-channel coordination reference,13,102,65,792,0.072222,1.408696,13,0,0.07027,0.001952,1.339361,0.069335
full_screened,All combined records evaluated by the deterministic screen,15. Tenebris,972,bank_drop_sale,Bank drop sale or bank-drop infrastructure,tutorial_training_recruitment,"Tutorial, guide, or training content",38,77,63,794,0.213483,3.180026,38,0,0.208791,0.004692,3.08687,0.093156
full_screened,All combined records evaluated by the deterministic screen,15. Tenebris,972,bank_log_sale,Compromised bank log sale or discussion,cashout_laundering_service,Cash-out or laundering service,63,112,52,745,0.277533,3.042783,66,-3,0.286957,-0.009424,3.079413,-0.03663
full_screened,All combined records evaluated by the deterministic screen,15. Tenebris,972,bank_log_sale,Compromised bank log sale or discussion,crypto_payment_or_conversion,Cryptocurrency payment or conversion reference,74,101,48,749,0.331839,3.368993,77,-3,0.339207,-0.007368,3.364544,0.004449
full_screened,All combined records evaluated by the deterministic screen,15. Tenebris,972,bank_log_sale,Compromised bank log sale or discussion,email_access_takeover,Email-access-enabled account takeover,52,123,9,788,0.282609,4.734801,53,-1,0.283422,-0.000813,4.706415,0.028386
full_screened,All combined records evaluated by the deterministic screen,15. Tenebris,972,bank_log_sale,Compromised bank log sale or discussion,escrow_trust_reputation,"Escrow, trust, reputation, or scam-risk discourse",46,129,72,725,0.186235,2.16523,48,-2,0.191235,-0.005,2.184047,-0.018817
full_screened,All combined records evaluated by the deterministic screen,15. Tenebris,972,bank_log_sale,Compromised bank log sale or discussion,fullz_identity_package,Fullz or identity package,60,115,64,733,0.251046,2.687558,60,0,0.247934,0.003112,2.664009,0.023549
full_screened,All combined records evaluated by the deterministic screen,15. Tenebris,972,bank_log_sale,Compromised bank log sale or discussion,jurisdiction_localisation,Jurisdiction-specific bank or account reference,73,102,43,754,0.334862,3.495369,74,-1,0.334842,2e-05,3.482186,0.013183
full_screened,All combined records evaluated by the deterministic screen,15. Tenebris,972,bank_log_sale,Compromised bank log sale or discussion,mule_recruitment,Mule recruitment or account-holder solicitation,7,168,2,795,0.039548,4.32,7,0,0.038889,0.000659,4.282147,0.037853
full_screened,All combined records evaluated by the deterministic screen,15. Tenebris,972,bank_log_sale,Compromised bank log sale or discussion,telegram_off_platform,Telegram or private-channel coordination reference,21,154,57,740,0.090517,1.495385,24,-3,0.101695,-0.011178,1.6114,-0.116015
full_screened,All combined records evaluated by the deterministic screen,15. Tenebris,972,bank_log_sale,Compromised bank log sale or discussion,tutorial_training_recruitment,"Tutorial, guide, or training content",59,116,42,755,0.271889,3.244583,62,-3,0.281818,-0.009929,3.282195,-0.037612
full_screened,All combined records evaluated by the deterministic screen,15. Tenebris,972,cashout_laundering_service,Cash-out or laundering service,crypto_payment_or_conversion,Cryptocurrency payment or conversion reference,56,59,66,791,0.309392,3.879686,59,-3,0.318919,-0.009527,3.888889,-0.009203
full_screened,All combined records evaluated by the deterministic screen,15. Tenebris,972,cashout_laundering_service,Cash-out or laundering service,email_access_takeover,Email-access-enabled account takeover,14,101,47,810,0.08642,1.939843,15,-1,0.090909,-0.004489,2.009295,-0.069452
full_screened,All combined records evaluated by the deterministic screen,15. Tenebris,972,cashout_laundering_service,Cash-out or laundering service,escrow_trust_reputation,"Escrow, trust, reputation, or scam-risk discourse",30,85,88,769,0.147783,2.148858,32,-2,0.154589,-0.006806,2.196386,-0.047528
full_screened,All combined records evaluated by the deterministic screen,15. Tenebris,972,cashout_laundering_service,Cash-out or laundering service,fullz_identity_package,Fullz or identity package,34,81,90,767,0.165854,2.317532,34,0,0.163462,0.002392,2.277201,0.040331
full_screened,All combined records evaluated by the deterministic screen,15. Tenebris,972,cashout_laundering_service,Cash-out or laundering service,jurisdiction_localisation,Jurisdiction-specific bank or account reference,32,83,84,773,0.160804,2.331634,33,-1,0.163366,-0.002562,2.34246,-0.010826
full_screened,All combined records evaluated by the deterministic screen,15. Tenebris,972,cashout_laundering_service,Cash-out or laundering service,mule_recruitment,Mule recruitment or account-holder solicitation,7,108,2,855,0.059829,6.573913,7,0,0.058333,0.001496,6.45951,0.114403
full_screened,All combined records evaluated by the deterministic screen,15. Tenebris,972,cashout_laundering_service,Cash-out or laundering service,telegram_off_platform,Telegram or private-channel coordination reference,36,79,42,815,0.229299,3.901003,39,-3,0.242236,-0.012937,3.949979,-0.048976
full_screened,All combined records evaluated by the deterministic screen,15. Tenebris,972,cashout_laundering_service,Cash-out or laundering service,tutorial_training_recruitment,"Tutorial, guide, or training content",43,72,58,799,0.248555,3.59845,46,-3,0.261364,-0.012809,3.673403,-0.074953
full_screened,All combined records evaluated by the deterministic screen,15. Tenebris,972,crypto_payment_or_conversion,Cryptocurrency payment or conversion reference,email_access_takeover,Email-access-enabled account takeover,16,106,45,805,0.095808,2.089761,17,-1,0.099415,-0.003607,2.132616,-0.042855
full_screened,All combined records evaluated by the deterministic screen,15. Tenebris,972,crypto_payment_or_conversion,Cryptocurrency payment or conversion reference,escrow_trust_reputation,"Escrow, trust, reputation, or scam-risk discourse",49,73,69,781,0.256545,3.308419,52,-3,0.266667,-0.010122,3.342516,-0.034097
full_screened,All combined records evaluated by the deterministic screen,15. Tenebris,972,crypto_payment_or_conversion,Cryptocurrency payment or conversion reference,fullz_identity_package,Fullz or identity package,44,78,80,770,0.217822,2.827076,44,0,0.213592,0.00423,2.759857,0.067219
full_screened,All combined records evaluated by the deterministic screen,15. Tenebris,972,crypto_payment_or_conversion,Cryptocurrency payment or conversion reference,jurisdiction_localisation,Jurisdiction-specific bank or account reference,34,88,82,768,0.166667,2.335218,35,-1,0.168269,-0.001602,2.326686,0.008532
full_screened,All combined records evaluated by the deterministic screen,15. Tenebris,972,crypto_payment_or_conversion,Cryptocurrency payment or conversion reference,mule_recruitment,Mule recruitment or account-holder solicitation,7,115,2,848,0.056452,6.196721,7,0,0.054688,0.001764,6.049383,0.147338
full_screened,All combined records evaluated by the deterministic screen,15. Tenebris,972,crypto_payment_or_conversion,Cryptocurrency payment or conversion reference,telegram_off_platform,Telegram or private-channel coordination reference,30,92,48,802,0.176471,3.064313,34,-4,0.195402,-0.018931,3.224932,-0.160619
full_screened,All combined records evaluated by the deterministic screen,15. Tenebris,972,crypto_payment_or_conversion,Cryptocurrency payment or conversion reference,tutorial_training_recruitment,"Tutorial, guide, or training content",41,81,60,790,0.225275,3.234215,44,-3,0.236559,-0.011284,3.290598,-0.056383
full_screened,All combined records evaluated by the deterministic screen,15. Tenebris,972,email_access_takeover,Email-access-enabled account takeover,escrow_trust_reputation,"Escrow, trust, reputation, or scam-risk discourse",12,49,106,805,0.071856,1.62045,13,-1,0.076471,-0.004615,1.698214,-0.077764
full_screened,All combined records evaluated by the deterministic screen,15. Tenebris,972,email_access_takeover,Email-access-enabled account takeover,fullz_identity_package,Fullz or identity package,24,37,100,811,0.149068,3.084082,24,0,0.148148,0.00092,3.059313,0.024769
full_screened,All combined records evaluated by the deterministic screen,15. Tenebris,972,email_access_takeover,Email-access-enabled account takeover,jurisdiction_localisation,Jurisdiction-specific bank or account reference,40,21,76,835,0.291971,5.49463,40,0,0.28777,0.004201,5.403915,0.090715
full_screened,All combined records evaluated by the deterministic screen,15. Tenebris,972,email_access_takeover,Email-access-enabled account takeover,mule_recruitment,Mule recruitment or account-holder solicitation,0,61,9,902,0.0,0.0,0,0,0.0,0.0,0.0,0.0
full_screened,All combined records evaluated by the deterministic screen,15. Tenebris,972,email_access_takeover,Email-access-enabled account takeover,telegram_off_platform,Telegram or private-channel coordination reference,9,52,69,842,0.069231,1.838588,10,-1,0.074627,-0.005396,1.927616,-0.089028
full_screened,All combined records evaluated by the deterministic screen,15. Tenebris,972,email_access_takeover,Email-access-enabled account takeover,tutorial_training_recruitment,"Tutorial, guide, or training content",19,42,82,829,0.132867,2.997565,20,-1,0.136986,-0.004119,3.039702,-0.042137
full_screened,All combined records evaluated by the deterministic screen,15. Tenebris,972,escrow_trust_reputation,"Escrow, trust, reputation, or scam-risk discourse",fullz_identity_package,Fullz or identity package,34,84,90,764,0.163462,2.258611,34,0,0.161137,0.002325,2.220741,0.03787
full_screened,All combined records evaluated by the deterministic screen,15. Tenebris,972,escrow_trust_reputation,"Escrow, trust, reputation, or scam-risk discourse",jurisdiction_localisation,Jurisdiction-specific bank or account reference,34,84,82,772,0.17,2.414378,34,0,0.166667,0.003333,2.353606,0.060772
full_screened,All combined records evaluated by the deterministic screen,15. Tenebris,972,escrow_trust_reputation,"Escrow, trust, reputation, or scam-risk discourse",mule_recruitment,Mule recruitment or account-holder solicitation,5,113,4,850,0.040984,4.576271,5,0,0.04,0.000984,4.499541,0.07673
full_screened,All combined records evaluated by the deterministic screen,15. Tenebris,972,escrow_trust_reputation,"Escrow, trust, reputation, or scam-risk discourse",telegram_off_platform,Telegram or private-channel coordination reference,23,95,55,799,0.132948,2.428944,26,-3,0.146893,-0.013945,2.568031,-0.139087
full_screened,All combined records evaluated by the deterministic screen,15. Tenebris,972,escrow_trust_reputation,"Escrow, trust, reputation, or scam-risk discourse",tutorial_training_recruitment,"Tutorial, guide, or training content",35,83,66,788,0.190217,2.854506,37,-2,0.196809,-0.006592,2.881437,-0.026931
full_screened,All combined records evaluated by the deterministic screen,15. Tenebris,972,fullz_identity_package,Fullz or identity package,jurisdiction_localisation,Jurisdiction-specific bank or account reference,44,80,72,776,0.22449,2.973304,44,0,0.22335,0.00114,2.972153,0.001151
full_screened,All combined records evaluated by the deterministic screen,15. Tenebris,972,fullz_identity_package,Fullz or identity package,mule_recruitment,Mule recruitment or account-holder solicitation,4,120,5,843,0.031008,3.483871,4,0,0.031008,0.0,3.512545,-0.028674
full_screened,All combined records evaluated by the deterministic screen,15. Tenebris,972,fullz_identity_package,Fullz or identity package,telegram_off_platform,Telegram or private-channel coordination reference,30,94,48,800,0.174419,3.014888,30,0,0.170455,0.003964,2.891424,0.123464
full_screened,All combined records evaluated by the deterministic screen,15. Tenebris,972,fullz_identity_package,Fullz or identity package,tutorial_training_recruitment,"Tutorial, guide, or training content",40,84,61,787,0.216216,3.104439,40,0,0.212766,0.00345,3.039702,0.064737
full_screened,All combined records evaluated by the deterministic screen,15. Tenebris,972,jurisdiction_localisation,Jurisdiction-specific bank or account reference,mule_recruitment,Mule recruitment or account-holder solicitation,4,112,5,851,0.033058,3.724138,4,0,0.032787,0.000271,3.722697,0.001441
full_screened,All combined records evaluated by the deterministic screen,15. Tenebris,972,jurisdiction_localisation,Jurisdiction-specific bank or account reference,telegram_off_platform,Telegram or private-channel coordination reference,17,99,61,795,0.096045,1.82626,18,-1,0.099448,-0.003403,1.838649,-0.012389
full_screened,All combined records evaluated by the deterministic screen,15. Tenebris,972,jurisdiction_localisation,Jurisdiction-specific bank or account reference,tutorial_training_recruitment,"Tutorial, guide, or training content",29,87,72,784,0.154255,2.405941,30,-1,0.157068,-0.002813,2.416174,-0.010233
full_screened,All combined records evaluated by the deterministic screen,15. Tenebris,972,mule_recruitment,Mule recruitment or account-holder solicitation,telegram_off_platform,Telegram or private-channel coordination reference,7,2,71,892,0.0875,9.692308,7,0,0.083333,0.004167,9.295393,0.396915
full_screened,All combined records evaluated by the deterministic screen,15. Tenebris,972,mule_recruitment,Mule recruitment or account-holder solicitation,tutorial_training_recruitment,"Tutorial, guide, or training content",5,4,96,867,0.047619,5.346535,5,0,0.046296,0.001323,5.235043,0.111492
full_screened,All combined records evaluated by the deterministic screen,15. Tenebris,972,telegram_off_platform,Telegram or private-channel coordination reference,tutorial_training_recruitment,"Tutorial, guide, or training content",26,52,75,819,0.169935,3.207921,29,-3,0.184713,-0.014778,3.332552,-0.124631
full_screened,All combined records evaluated by the deterministic screen,17. XmrBazaar,974,bank_drop_sale,Bank drop sale or bank-drop infrastructure,bank_log_sale,Compromised bank log sale or discussion,76,39,102,757,0.35023,3.616219,76,0,0.348624,0.001606,3.607129,0.00909
full_screened,All combined records evaluated by the deterministic screen,17. XmrBazaar,974,bank_drop_sale,Bank drop sale or bank-drop infrastructure,cashout_laundering_service,Cash-out or laundering service,31,84,87,772,0.153465,2.225055,31,0,0.152709,0.000756,2.219462,0.005593
full_screened,All combined records evaluated by the deterministic screen,17. XmrBazaar,974,bank_drop_sale,Bank drop sale or bank-drop infrastructure,crypto_payment_or_conversion,Cryptocurrency payment or conversion reference,37,78,87,772,0.183168,2.527209,38,-1,0.186275,-0.003107,2.547893,-0.020684
full_screened,All combined records evaluated by the deterministic screen,17. XmrBazaar,974,bank_drop_sale,Bank drop sale or bank-drop infrastructure,email_access_takeover,Email-access-enabled account takeover,28,87,34,825,0.187919,3.824965,28,0,0.186667,0.001252,3.81535,0.009615
full_screened,All combined records evaluated by the deterministic screen,17. XmrBazaar,974,bank_drop_sale,Bank drop sale or bank-drop infrastructure,escrow_trust_reputation,"Escrow, trust, reputation, or scam-risk discourse",33,82,87,772,0.163366,2.32913,33,0,0.161765,0.001601,2.304075,0.025055
full_screened,All combined records evaluated by the deterministic screen,17. XmrBazaar,974,bank_drop_sale,Bank drop sale or bank-drop infrastructure,fullz_identity_package,Fullz or identity package,60,55,64,795,0.335196,4.098177,60,0,0.333333,0.001863,4.087875,0.010302
full_screened,All combined records evaluated by the deterministic screen,17. XmrBazaar,974,bank_drop_sale,Bank drop sale or bank-drop infrastructure,jurisdiction_localisation,Jurisdiction-specific bank or account reference,62,53,55,804,0.364706,4.488146,62,0,0.362573,0.002133,4.476864,0.011282
full_screened,All combined records evaluated by the deterministic screen,17. XmrBazaar,974,bank_drop_sale,Bank drop sale or bank-drop infrastructure,mule_recruitment,Mule recruitment or account-holder solicitation,4,111,5,854,0.033333,3.764251,4,0,0.033058,0.000275,3.754789,0.009462
full_screened,All combined records evaluated by the deterministic screen,17. XmrBazaar,974,bank_drop_sale,Bank drop sale or bank-drop infrastructure,telegram_off_platform,Telegram or private-channel coordination reference,13,102,69,790,0.070652,1.342736,13,0,0.07027,0.000382,1.339361,0.003375
full_screened,All combined records evaluated by the deterministic screen,17. XmrBazaar,974,bank_drop_sale,Bank drop sale or bank-drop infrastructure,tutorial_training_recruitment,"Tutorial, guide, or training content",38,77,65,794,0.211111,3.124694,38,0,0.208791,0.00232,3.08687,0.037824
full_screened,All combined records evaluated by the deterministic screen,17. XmrBazaar,974,bank_log_sale,Compromised bank log sale or discussion,cashout_laundering_service,Cash-out or laundering service,66,112,52,744,0.286957,3.06056,66,0,0.286957,0.0,3.079413,-0.018853
full_screened,All combined records evaluated by the deterministic screen,17. XmrBazaar,974,bank_log_sale,Compromised bank log sale or discussion,crypto_payment_or_conversion,Cryptocurrency payment or conversion reference,77,101,47,749,0.342222,3.39788,77,0,0.339207,0.003015,3.364544,0.033336
full_screened,All combined records evaluated by the deterministic screen,17. XmrBazaar,974,bank_log_sale,Compromised bank log sale or discussion,email_access_takeover,Email-access-enabled account takeover,53,125,9,787,0.283422,4.677601,53,0,0.283422,0.0,4.706415,-0.028814
full_screened,All combined records evaluated by the deterministic screen,17. XmrBazaar,974,bank_log_sale,Compromised bank log sale or discussion,escrow_trust_reputation,"Escrow, trust, reputation, or scam-risk discourse",48,130,72,724,0.192,2.188764,48,0,0.191235,0.000765,2.184047,0.004717
full_screened,All combined records evaluated by the deterministic screen,17. XmrBazaar,974,bank_log_sale,Compromised bank log sale or discussion,fullz_identity_package,Fullz or identity package,60,118,64,732,0.247934,2.647698,60,0,0.247934,0.0,2.664009,-0.016311
full_screened,All combined records evaluated by the deterministic screen,17. XmrBazaar,974,bank_log_sale,Compromised bank log sale or discussion,jurisdiction_localisation,Jurisdiction-specific bank or account reference,74,104,43,753,0.334842,3.460866,74,0,0.334842,0.0,3.482186,-0.02132
full_screened,All combined records evaluated by the deterministic screen,17. XmrBazaar,974,bank_log_sale,Compromised bank log sale or discussion,mule_recruitment,Mule recruitment or account-holder solicitation,7,171,2,794,0.038889,4.25593,7,0,0.038889,0.0,4.282147,-0.026217
full_screened,All combined records evaluated by the deterministic screen,17. XmrBazaar,974,bank_log_sale,Compromised bank log sale or discussion,telegram_off_platform,Telegram or private-channel coordination reference,24,154,58,738,0.101695,1.601535,24,0,0.101695,0.0,1.6114,-0.009865
full_screened,All combined records evaluated by the deterministic screen,17. XmrBazaar,974,bank_log_sale,Compromised bank log sale or discussion,tutorial_training_recruitment,"Tutorial, guide, or training content",62,116,41,755,0.283105,3.293771,62,0,0.281818,0.001287,3.282195,0.011576
full_screened,All combined records evaluated by the deterministic screen,17. XmrBazaar,974,cashout_laundering_service,Cash-out or laundering service,crypto_payment_or_conversion,Cryptocurrency payment or conversion reference,59,59,65,791,0.322404,3.927419,59,0,0.318919,0.003485,3.888889,0.03853
full_screened,All combined records evaluated by the deterministic screen,17. XmrBazaar,974,cashout_laundering_service,Cash-out or laundering service,email_access_takeover,Email-access-enabled account takeover,15,103,47,809,0.090909,1.996993,15,0,0.090909,0.0,2.009295,-0.012302
full_screened,All combined records evaluated by the deterministic screen,17. XmrBazaar,974,cashout_laundering_service,Cash-out or laundering service,escrow_trust_reputation,"Escrow, trust, reputation, or scam-risk discourse",32,86,88,768,0.15534,2.20113,32,0,0.154589,0.000751,2.196386,0.004744
full_screened,All combined records evaluated by the deterministic screen,17. XmrBazaar,974,cashout_laundering_service,Cash-out or laundering service,fullz_identity_package,Fullz or identity package,34,84,90,766,0.163462,2.263259,34,0,0.163462,0.0,2.277201,-0.013942
full_screened,All combined records evaluated by the deterministic screen,17. XmrBazaar,974,cashout_laundering_service,Cash-out or laundering service,jurisdiction_localisation,Jurisdiction-specific bank or account reference,33,85,84,772,0.163366,2.328118,33,0,0.163366,0.0,2.34246,-0.014342
full_screened,All combined records evaluated by the deterministic screen,17. XmrBazaar,974,cashout_laundering_service,Cash-out or laundering service,mule_recruitment,Mule recruitment or account-holder solicitation,7,111,2,854,0.058333,6.419962,7,0,0.058333,0.0,6.45951,-0.039548
full_screened,All combined records evaluated by the deterministic screen,17. XmrBazaar,974,cashout_laundering_service,Cash-out or laundering service,telegram_off_platform,Telegram or private-channel coordination reference,39,79,43,813,0.242236,3.925796,39,0,0.242236,0.0,3.949979,-0.024183
full_screened,All combined records evaluated by the deterministic screen,17. XmrBazaar,974,cashout_laundering_service,Cash-out or laundering service,tutorial_training_recruitment,"Tutorial, guide, or training content",46,72,57,799,0.262857,3.686358,46,0,0.261364,0.001493,3.673403,0.012955
full_screened,All combined records evaluated by the deterministic screen,17. XmrBazaar,974,crypto_payment_or_conversion,Cryptocurrency payment or conversion reference,email_access_takeover,Email-access-enabled account takeover,17,107,45,805,0.100592,2.153746,17,0,0.099415,0.001177,2.132616,0.02113
full_screened,All combined records evaluated by the deterministic screen,17. XmrBazaar,974,crypto_payment_or_conversion,Cryptocurrency payment or conversion reference,escrow_trust_reputation,"Escrow, trust, reputation, or scam-risk discourse",51,73,69,781,0.264249,3.338306,52,-1,0.266667,-0.002418,3.342516,-0.00421
full_screened,All combined records evaluated by the deterministic screen,17. XmrBazaar,974,crypto_payment_or_conversion,Cryptocurrency payment or conversion reference,fullz_identity_package,Fullz or identity package,44,80,80,770,0.215686,2.787201,44,0,0.213592,0.002094,2.759857,0.027344
full_screened,All combined records evaluated by the deterministic screen,17. XmrBazaar,974,crypto_payment_or_conversion,Cryptocurrency payment or conversion reference,jurisdiction_localisation,Jurisdiction-specific bank or account reference,35,89,82,768,0.169903,2.349738,35,0,0.168269,0.001634,2.326686,0.023052
full_screened,All combined records evaluated by the deterministic screen,17. XmrBazaar,974,crypto_payment_or_conversion,Cryptocurrency payment or conversion reference,mule_recruitment,Mule recruitment or account-holder solicitation,7,117,2,848,0.055556,6.109319,7,0,0.054688,0.000868,6.049383,0.059936
full_screened,All combined records evaluated by the deterministic screen,17. XmrBazaar,974,crypto_payment_or_conversion,Cryptocurrency payment or conversion reference,telegram_off_platform,Telegram or private-channel coordination reference,34,90,48,802,0.197674,3.256884,34,0,0.195402,0.002272,3.224932,0.031952
full_screened,All combined records evaluated by the deterministic screen,17. XmrBazaar,974,crypto_payment_or_conversion,Cryptocurrency payment or conversion reference,tutorial_training_recruitment,"Tutorial, guide, or training content",43,81,60,790,0.233696,3.279205,44,-1,0.236559,-0.002863,3.290598,-0.011393
full_screened,All combined records evaluated by the deterministic screen,17. XmrBazaar,974,email_access_takeover,Email-access-enabled account takeover,escrow_trust_reputation,"Escrow, trust, reputation, or scam-risk discourse",13,49,107,805,0.076923,1.701882,13,0,0.076471,0.000452,1.698214,0.003668
full_screened,All combined records evaluated by the deterministic screen,17. XmrBazaar,974,email_access_takeover,Email-access-enabled account takeover,fullz_identity_package,Fullz or identity package,24,38,100,812,0.148148,3.040583,24,0,0.148148,0.0,3.059313,-0.01873
full_screened,All combined records evaluated by the deterministic screen,17. XmrBazaar,974,email_access_takeover,Email-access-enabled account takeover,jurisdiction_localisation,Jurisdiction-specific bank or account reference,40,22,77,835,0.28777,5.37083,40,0,0.28777,0.0,5.403915,-0.033085
full_screened,All combined records evaluated by the deterministic screen,17. XmrBazaar,974,email_access_takeover,Email-access-enabled account takeover,mule_recruitment,Mule recruitment or account-holder solicitation,0,62,9,903,0.0,0.0,0,0,0.0,0.0,0.0,0.0
full_screened,All combined records evaluated by the deterministic screen,17. XmrBazaar,974,email_access_takeover,Email-access-enabled account takeover,telegram_off_platform,Telegram or private-channel coordination reference,10,52,72,840,0.074627,1.915814,10,0,0.074627,0.0,1.927616,-0.011802
full_screened,All combined records evaluated by the deterministic screen,17. XmrBazaar,974,email_access_takeover,Email-access-enabled account takeover,tutorial_training_recruitment,"Tutorial, guide, or training content",20,42,83,829,0.137931,3.050423,20,0,0.136986,0.000945,3.039702,0.010721
full_screened,All combined records evaluated by the deterministic screen,17. XmrBazaar,974,escrow_trust_reputation,"Escrow, trust, reputation, or scam-risk discourse",fullz_identity_package,Fullz or identity package,34,86,90,764,0.161905,2.225538,34,0,0.161137,0.000768,2.220741,0.004797
full_screened,All combined records evaluated by the deterministic screen,17. XmrBazaar,974,escrow_trust_reputation,"Escrow, trust, reputation, or scam-risk discourse",jurisdiction_localisation,Jurisdiction-specific bank or account reference,34,86,83,771,0.167488,2.358689,34,0,0.166667,0.000821,2.353606,0.005083
full_screened,All combined records evaluated by the deterministic screen,17. XmrBazaar,974,escrow_trust_reputation,"Escrow, trust, reputation, or scam-risk discourse",mule_recruitment,Mule recruitment or account-holder solicitation,5,115,4,850,0.040323,4.509259,5,0,0.04,0.000323,4.499541,0.009718
full_screened,All combined records evaluated by the deterministic screen,17. XmrBazaar,974,escrow_trust_reputation,"Escrow, trust, reputation, or scam-risk discourse",telegram_off_platform,Telegram or private-channel coordination reference,26,94,56,798,0.147727,2.573577,26,0,0.146893,0.000834,2.568031,0.005546
full_screened,All combined records evaluated by the deterministic screen,17. XmrBazaar,974,escrow_trust_reputation,"Escrow, trust, reputation, or scam-risk discourse",tutorial_training_recruitment,"Tutorial, guide, or training content",36,84,67,787,0.192513,2.836893,37,-1,0.196809,-0.004296,2.881437,-0.044544
full_screened,All combined records evaluated by the deterministic screen,17. XmrBazaar,974,fullz_identity_package,Fullz or identity package,jurisdiction_localisation,Jurisdiction-specific bank or account reference,44,80,73,777,0.22335,2.953956,44,0,0.22335,0.0,2.972153,-0.018197
full_screened,All combined records evaluated by the deterministic screen,17. XmrBazaar,974,fullz_identity_package,Fullz or identity package,mule_recruitment,Mule recruitment or account-holder solicitation,4,120,5,845,0.031008,3.491039,4,0,0.031008,0.0,3.512545,-0.021506
full_screened,All combined records evaluated by the deterministic screen,17. XmrBazaar,974,fullz_identity_package,Fullz or identity package,telegram_off_platform,Telegram or private-channel coordination reference,30,94,52,798,0.170455,2.873721,30,0,0.170455,0.0,2.891424,-0.017703
full_screened,All combined records evaluated by the deterministic screen,17. XmrBazaar,974,fullz_identity_package,Fullz or identity package,tutorial_training_recruitment,"Tutorial, guide, or training content",40,84,63,787,0.213904,3.050423,40,0,0.212766,0.001138,3.039702,0.010721
full_screened,All combined records evaluated by the deterministic screen,17. XmrBazaar,974,jurisdiction_localisation,Jurisdiction-specific bank or account reference,mule_recruitment,Mule recruitment or account-holder solicitation,4,113,5,852,0.032787,3.699905,4,0,0.032787,0.0,3.722697,-0.022792
full_screened,All combined records evaluated by the deterministic screen,17. XmrBazaar,974,jurisdiction_localisation,Jurisdiction-specific bank or account reference,telegram_off_platform,Telegram or private-channel coordination reference,18,99,64,793,0.099448,1.827392,18,0,0.099448,0.0,1.838649,-0.011257
full_screened,All combined records evaluated by the deterministic screen,17. XmrBazaar,974,jurisdiction_localisation,Jurisdiction-specific bank or account reference,tutorial_training_recruitment,"Tutorial, guide, or training content",30,87,73,784,0.157895,2.424695,30,0,0.157068,0.000827,2.416174,0.008521
full_screened,All combined records evaluated by the deterministic screen,17. XmrBazaar,974,mule_recruitment,Mule recruitment or account-holder solicitation,telegram_off_platform,Telegram or private-channel coordination reference,7,2,75,890,0.083333,9.238482,7,0,0.083333,0.0,9.295393,-0.056911
full_screened,All combined records evaluated by the deterministic screen,17. XmrBazaar,974,mule_recruitment,Mule recruitment or account-holder solicitation,tutorial_training_recruitment,"Tutorial, guide, or training content",5,4,98,867,0.046729,5.253506,5,0,0.046296,0.000433,5.235043,0.018463
full_screened,All combined records evaluated by the deterministic screen,17. XmrBazaar,974,telegram_off_platform,Telegram or private-channel coordination reference,tutorial_training_recruitment,"Tutorial, guide, or training content",29,53,74,818,0.185897,3.344305,29,0,0.184713,0.001184,3.332552,0.011753
full_screened,All combined records evaluated by the deterministic screen,2. Altenen,908,bank_drop_sale,Bank drop sale or bank-drop infrastructure,bank_log_sale,Compromised bank log sale or discussion,74,40,89,705,0.364532,3.615972,76,-2,0.348624,0.015908,3.607129,0.008843
full_screened,All combined records evaluated by the deterministic screen,2. Altenen,908,bank_drop_sale,Bank drop sale or bank-drop infrastructure,cashout_laundering_service,Cash-out or laundering service,30,84,79,715,0.15544,2.192178,31,-1,0.152709,0.002731,2.219462,-0.027284
full_screened,All combined records evaluated by the deterministic screen,2. Altenen,908,bank_drop_sale,Bank drop sale or bank-drop infrastructure,crypto_payment_or_conversion,Cryptocurrency payment or conversion reference,36,78,77,717,0.188482,2.537494,38,-2,0.186275,0.002207,2.547893,-0.010399
full_screened,All combined records evaluated by the deterministic screen,2. Altenen,908,bank_drop_sale,Bank drop sale or bank-drop infrastructure,email_access_takeover,Email-access-enabled account takeover,28,86,30,764,0.194444,3.84513,28,0,0.186667,0.007777,3.81535,0.02978
full_screened,All combined records evaluated by the deterministic screen,2. Altenen,908,bank_drop_sale,Bank drop sale or bank-drop infrastructure,escrow_trust_reputation,"Escrow, trust, reputation, or scam-risk discourse",33,81,86,708,0.165,2.208757,33,0,0.161765,0.003235,2.304075,-0.095318
full_screened,All combined records evaluated by the deterministic screen,2. Altenen,908,bank_drop_sale,Bank drop sale or bank-drop infrastructure,fullz_identity_package,Fullz or identity package,58,56,47,747,0.360248,4.399666,60,-2,0.333333,0.026915,4.087875,0.311791
full_screened,All combined records evaluated by the deterministic screen,2. Altenen,908,bank_drop_sale,Bank drop sale or bank-drop infrastructure,jurisdiction_localisation,Jurisdiction-specific bank or account reference,62,52,55,739,0.366864,4.220723,62,0,0.362573,0.004291,4.476864,-0.256141
full_screened,All combined records evaluated by the deterministic screen,2. Altenen,908,bank_drop_sale,Bank drop sale or bank-drop infrastructure,mule_recruitment,Mule recruitment or account-holder solicitation,2,112,4,790,0.016949,2.654971,4,-2,0.033058,-0.016109,3.754789,-1.099818
full_screened,All combined records evaluated by the deterministic screen,2. Altenen,908,bank_drop_sale,Bank drop sale or bank-drop infrastructure,telegram_off_platform,Telegram or private-channel coordination reference,11,103,53,741,0.065868,1.368969,13,-2,0.07027,-0.004402,1.339361,0.029608
full_screened,All combined records evaluated by the deterministic screen,2. Altenen,908,bank_drop_sale,Bank drop sale or bank-drop infrastructure,tutorial_training_recruitment,"Tutorial, guide, or training content",38,76,47,747,0.236025,3.560784,38,0,0.208791,0.027234,3.08687,0.473914
full_screened,All combined records evaluated by the deterministic screen,2. Altenen,908,bank_log_sale,Compromised bank log sale or discussion,cashout_laundering_service,Cash-out or laundering service,58,105,51,694,0.271028,2.964147,66,-8,0.286957,-0.015929,3.079413,-0.115266
full_screened,All combined records evaluated by the deterministic screen,2. Altenen,908,bank_log_sale,Compromised bank log sale or discussion,crypto_payment_or_conversion,Cryptocurrency payment or conversion reference,68,95,45,700,0.326923,3.352191,77,-9,0.339207,-0.012284,3.364544,-0.012353
full_screened,All combined records evaluated by the deterministic screen,2. Altenen,908,bank_log_sale,Compromised bank log sale or discussion,email_access_takeover,Email-access-enabled account takeover,49,114,9,736,0.284884,4.706156,53,-4,0.283422,0.001462,4.706415,-0.000259
full_screened,All combined records evaluated by the deterministic screen,2. Altenen,908,bank_log_sale,Compromised bank log sale or discussion,escrow_trust_reputation,"Escrow, trust, reputation, or scam-risk discourse",47,116,72,673,0.2,2.200134,48,-1,0.191235,0.008765,2.184047,0.016087
full_screened,All combined records evaluated by the deterministic screen,2. Altenen,908,bank_log_sale,Compromised bank log sale or discussion,fullz_identity_package,Fullz or identity package,50,113,55,690,0.229358,2.652644,60,-10,0.247934,-0.018576,2.664009,-0.011365
full_screened,All combined records evaluated by the deterministic screen,2. Altenen,908,bank_log_sale,Compromised bank log sale or discussion,jurisdiction_localisation,Jurisdiction-specific bank or account reference,74,89,43,702,0.359223,3.523255,74,0,0.334842,0.024381,3.482186,0.041069
full_screened,All combined records evaluated by the deterministic screen,2. Altenen,908,bank_log_sale,Compromised bank log sale or discussion,mule_recruitment,Mule recruitment or account-holder solicitation,4,159,2,743,0.024242,3.713701,7,-3,0.038889,-0.014647,4.282147,-0.568446
full_screened,All combined records evaluated by the deterministic screen,2. Altenen,908,bank_log_sale,Compromised bank log sale or discussion,telegram_off_platform,Telegram or private-channel coordination reference,15,148,49,696,0.070755,1.305598,24,-9,0.101695,-0.03094,1.6114,-0.305802
full_screened,All combined records evaluated by the deterministic screen,2. Altenen,908,bank_log_sale,Compromised bank log sale or discussion,tutorial_training_recruitment,"Tutorial, guide, or training content",51,112,34,711,0.258883,3.342331,62,-11,0.281818,-0.022935,3.282195,0.060136
full_screened,All combined records evaluated by the deterministic screen,2. Altenen,908,cashout_laundering_service,Cash-out or laundering service,crypto_payment_or_conversion,Cryptocurrency payment or conversion reference,53,56,60,739,0.313609,3.90712,59,-6,0.318919,-0.00531,3.888889,0.018231
full_screened,All combined records evaluated by the deterministic screen,2. Altenen,908,cashout_laundering_service,Cash-out or laundering service,email_access_takeover,Email-access-enabled account takeover,13,96,45,754,0.084416,1.867131,15,-2,0.090909,-0.006493,2.009295,-0.142164
full_screened,All combined records evaluated by the deterministic screen,2. Altenen,908,cashout_laundering_service,Cash-out or laundering service,escrow_trust_reputation,"Escrow, trust, reputation, or scam-risk discourse",31,78,88,711,0.15736,2.170072,32,-1,0.154589,0.002771,2.196386,-0.026314
full_screened,All combined records evaluated by the deterministic screen,2. Altenen,908,cashout_laundering_service,Cash-out or laundering service,fullz_identity_package,Fullz or identity package,30,79,75,724,0.163043,2.380079,34,-4,0.163462,-0.000419,2.277201,0.102878
full_screened,All combined records evaluated by the deterministic screen,2. Altenen,908,cashout_laundering_service,Cash-out or laundering service,jurisdiction_localisation,Jurisdiction-specific bank or account reference,33,76,84,715,0.170984,2.349565,33,0,0.163366,0.007618,2.34246,0.007105
full_screened,All combined records evaluated by the deterministic screen,2. Altenen,908,cashout_laundering_service,Cash-out or laundering service,mule_recruitment,Mule recruitment or account-holder solicitation,5,104,1,798,0.045455,6.941896,7,-2,0.058333,-0.012878,6.45951,0.482386
full_screened,All combined records evaluated by the deterministic screen,2. Altenen,908,cashout_laundering_service,Cash-out or laundering service,telegram_off_platform,Telegram or private-channel coordination reference,34,75,30,769,0.244604,4.425459,39,-5,0.242236,0.002368,3.949979,0.47548
full_screened,All combined records evaluated by the deterministic screen,2. Altenen,908,cashout_laundering_service,Cash-out or laundering service,tutorial_training_recruitment,"Tutorial, guide, or training content",39,70,46,753,0.251613,3.822126,46,-7,0.261364,-0.009751,3.673403,0.148723
full_screened,All combined records evaluated by the deterministic screen,2. Altenen,908,crypto_payment_or_conversion,Cryptocurrency payment or conversion reference,email_access_takeover,Email-access-enabled account takeover,16,97,42,753,0.103226,2.216662,17,-1,0.099415,0.003811,2.132616,0.084046
full_screened,All combined records evaluated by the deterministic screen,2. Altenen,908,crypto_payment_or_conversion,Cryptocurrency payment or conversion reference,escrow_trust_reputation,"Escrow, trust, reputation, or scam-risk discourse",51,62,68,727,0.281768,3.443742,52,-1,0.266667,0.015101,3.342516,0.101226
full_screened,All combined records evaluated by the deterministic screen,2. Altenen,908,crypto_payment_or_conversion,Cryptocurrency payment or conversion reference,fullz_identity_package,Fullz or identity package,34,79,71,724,0.184783,2.601938,44,-10,0.213592,-0.028809,2.759857,-0.157919
full_screened,All combined records evaluated by the deterministic screen,2. Altenen,908,crypto_payment_or_conversion,Cryptocurrency payment or conversion reference,jurisdiction_localisation,Jurisdiction-specific bank or account reference,35,78,82,713,0.179487,2.403752,35,0,0.168269,0.011218,2.326686,0.077066
full_screened,All combined records evaluated by the deterministic screen,2. Altenen,908,crypto_payment_or_conversion,Cryptocurrency payment or conversion reference,mule_recruitment,Mule recruitment or account-holder solicitation,4,109,2,793,0.034783,5.356932,7,-3,0.054688,-0.019905,6.049383,-0.692451
full_screened,All combined records evaluated by the deterministic screen,2. Altenen,908,crypto_payment_or_conversion,Cryptocurrency payment or conversion reference,telegram_off_platform,Telegram or private-channel coordination reference,24,89,40,755,0.156863,3.013274,34,-10,0.195402,-0.038539,3.224932,-0.211658
full_screened,All combined records evaluated by the deterministic screen,2. Altenen,908,crypto_payment_or_conversion,Cryptocurrency payment or conversion reference,tutorial_training_recruitment,"Tutorial, guide, or training content",36,77,49,746,0.222222,3.403227,44,-8,0.236559,-0.014337,3.290598,0.112629
full_screened,All combined records evaluated by the deterministic screen,2. Altenen,908,email_access_takeover,Email-access-enabled account takeover,escrow_trust_reputation,"Escrow, trust, reputation, or scam-risk discourse",13,45,106,744,0.079268,1.710229,13,0,0.076471,0.002797,1.698214,0.012015
full_screened,All combined records evaluated by the deterministic screen,2. Altenen,908,email_access_takeover,Email-access-enabled account takeover,fullz_identity_package,Fullz or identity package,22,36,83,767,0.156028,3.280131,24,-2,0.148148,0.00788,3.059313,0.220818
full_screened,All combined records evaluated by the deterministic screen,2. Altenen,908,email_access_takeover,Email-access-enabled account takeover,jurisdiction_localisation,Jurisdiction-specific bank or account reference,40,18,77,773,0.296296,5.352196,40,0,0.28777,0.008526,5.403915,-0.051719
full_screened,All combined records evaluated by the deterministic screen,2. Altenen,908,email_access_takeover,Email-access-enabled account takeover,mule_recruitment,Mule recruitment or account-holder solicitation,0,58,6,844,0.0,0.0,0,0,0.0,0.0,0.0,0.0
full_screened,All combined records evaluated by the deterministic screen,2. Altenen,908,email_access_takeover,Email-access-enabled account takeover,telegram_off_platform,Telegram or private-channel coordination reference,8,50,56,794,0.070175,1.956897,10,-2,0.074627,-0.004452,1.927616,0.029281
full_screened,All combined records evaluated by the deterministic screen,2. Altenen,908,email_access_takeover,Email-access-enabled account takeover,tutorial_training_recruitment,"Tutorial, guide, or training content",17,41,68,782,0.134921,3.131034,20,-3,0.136986,-0.002065,3.039702,0.091332
full_screened,All combined records evaluated by the deterministic screen,2. Altenen,908,escrow_trust_reputation,"Escrow, trust, reputation, or scam-risk discourse",fullz_identity_package,Fullz or identity package,34,85,71,718,0.178947,2.470748,34,0,0.161137,0.01781,2.220741,0.250007
full_screened,All combined records evaluated by the deterministic screen,2. Altenen,908,escrow_trust_reputation,"Escrow, trust, reputation, or scam-risk discourse",jurisdiction_localisation,Jurisdiction-specific bank or account reference,34,85,83,706,0.168317,2.217338,34,0,0.166667,0.00165,2.353606,-0.136268
full_screened,All combined records evaluated by the deterministic screen,2. Altenen,908,escrow_trust_reputation,"Escrow, trust, reputation, or scam-risk discourse",mule_recruitment,Mule recruitment or account-holder solicitation,4,115,2,787,0.033058,5.086835,5,-1,0.04,-0.006942,4.499541,0.587294
full_screened,All combined records evaluated by the deterministic screen,2. Altenen,908,escrow_trust_reputation,"Escrow, trust, reputation, or scam-risk discourse",telegram_off_platform,Telegram or private-channel coordination reference,25,94,39,750,0.158228,2.980567,26,-1,0.146893,0.011335,2.568031,0.412536
full_screened,All combined records evaluated by the deterministic screen,2. Altenen,908,escrow_trust_reputation,"Escrow, trust, reputation, or scam-risk discourse",tutorial_training_recruitment,"Tutorial, guide, or training content",36,83,49,740,0.214286,3.231636,37,-1,0.196809,0.017477,2.881437,0.350199
full_screened,All combined records evaluated by the deterministic screen,2. Altenen,908,fullz_identity_package,Fullz or identity package,jurisdiction_localisation,Jurisdiction-specific bank or account reference,44,61,73,730,0.247191,3.252096,44,0,0.22335,0.023841,2.972153,0.279943
full_screened,All combined records evaluated by the deterministic screen,2. Altenen,908,fullz_identity_package,Fullz or identity package,mule_recruitment,Mule recruitment or account-holder solicitation,2,103,4,799,0.018349,2.88254,4,-2,0.031008,-0.012659,3.512545,-0.630005
full_screened,All combined records evaluated by the deterministic screen,2. Altenen,908,fullz_identity_package,Fullz or identity package,telegram_off_platform,Telegram or private-channel coordination reference,15,90,49,754,0.097403,2.026786,30,-15,0.170455,-0.073052,2.891424,-0.864638
full_screened,All combined records evaluated by the deterministic screen,2. Altenen,908,fullz_identity_package,Fullz or identity package,tutorial_training_recruitment,"Tutorial, guide, or training content",30,75,55,748,0.1875,3.052101,40,-10,0.212766,-0.025266,3.039702,0.012399
full_screened,All combined records evaluated by the deterministic screen,2. Altenen,908,jurisdiction_localisation,Jurisdiction-specific bank or account reference,mule_recruitment,Mule recruitment or account-holder solicitation,4,113,2,789,0.033613,5.173789,4,0,0.032787,0.000826,3.722697,1.451092
full_screened,All combined records evaluated by the deterministic screen,2. Altenen,908,jurisdiction_localisation,Jurisdiction-specific bank or account reference,telegram_off_platform,Telegram or private-channel coordination reference,18,99,46,745,0.110429,2.182692,18,0,0.099448,0.010981,1.838649,0.344043
full_screened,All combined records evaluated by the deterministic screen,2. Altenen,908,jurisdiction_localisation,Jurisdiction-specific bank or account reference,tutorial_training_recruitment,"Tutorial, guide, or training content",30,87,55,736,0.174419,2.739065,30,0,0.157068,0.017351,2.416174,0.322891
full_screened,All combined records evaluated by the deterministic screen,2. Altenen,908,mule_recruitment,Mule recruitment or account-holder solicitation,telegram_off_platform,Telegram or private-channel coordination reference,4,2,60,842,0.060606,9.458333,7,-3,0.083333,-0.022727,9.295393,0.16294
full_screened,All combined records evaluated by the deterministic screen,2. Altenen,908,mule_recruitment,Mule recruitment or account-holder solicitation,tutorial_training_recruitment,"Tutorial, guide, or training content",4,2,81,821,0.045977,7.121569,5,-1,0.046296,-0.000319,5.235043,1.886526
full_screened,All combined records evaluated by the deterministic screen,2. Altenen,908,telegram_off_platform,Telegram or private-channel coordination reference,tutorial_training_recruitment,"Tutorial, guide, or training content",22,42,63,781,0.173228,3.672059,29,-7,0.184713,-0.011485,3.332552,0.339507
full_screened,All combined records evaluated by the deterministic screen,3. Pitch,890,bank_drop_sale,Bank drop sale or bank-drop infrastructure,bank_log_sale,Compromised bank log sale or discussion,70,34,93,693,0.35533,3.675083,76,-6,0.348624,0.006706,3.607129,0.067954
full_screened,All combined records evaluated by the deterministic screen,3. Pitch,890,bank_drop_sale,Bank drop sale or bank-drop infrastructure,cashout_laundering_service,Cash-out or laundering service,26,78,80,706,0.141304,2.099057,31,-5,0.152709,-0.011405,2.219462,-0.120405
full_screened,All combined records evaluated by the deterministic screen,3. Pitch,890,bank_drop_sale,Bank drop sale or bank-drop infrastructure,crypto_payment_or_conversion,Cryptocurrency payment or conversion reference,33,71,77,709,0.18232,2.567308,38,-5,0.186275,-0.003955,2.547893,0.019415
full_screened,All combined records evaluated by the deterministic screen,3. Pitch,890,bank_drop_sale,Bank drop sale or bank-drop infrastructure,email_access_takeover,Email-access-enabled account takeover,24,80,29,757,0.180451,3.875181,28,-4,0.186667,-0.006216,3.81535,0.059831
full_screened,All combined records evaluated by the deterministic screen,3. Pitch,890,bank_drop_sale,Bank drop sale or bank-drop infrastructure,escrow_trust_reputation,"Escrow, trust, reputation, or scam-risk discourse",29,75,74,712,0.162921,2.409447,33,-4,0.161765,0.001156,2.304075,0.105372
full_screened,All combined records evaluated by the deterministic screen,3. Pitch,890,bank_drop_sale,Bank drop sale or bank-drop infrastructure,fullz_identity_package,Fullz or identity package,57,47,55,731,0.358491,4.355254,60,-3,0.333333,0.025158,4.087875,0.267379
full_screened,All combined records evaluated by the deterministic screen,3. Pitch,890,bank_drop_sale,Bank drop sale or bank-drop infrastructure,jurisdiction_localisation,Jurisdiction-specific bank or account reference,57,47,47,739,0.377483,4.690274,62,-5,0.362573,0.01491,4.476864,0.21341
full_screened,All combined records evaluated by the deterministic screen,3. Pitch,890,bank_drop_sale,Bank drop sale or bank-drop infrastructure,mule_recruitment,Mule recruitment or account-holder solicitation,3,101,3,783,0.028037,4.278846,4,-1,0.033058,-0.005021,3.754789,0.524057
full_screened,All combined records evaluated by the deterministic screen,3. Pitch,890,bank_drop_sale,Bank drop sale or bank-drop infrastructure,telegram_off_platform,Telegram or private-channel coordination reference,9,95,53,733,0.057325,1.242246,13,-4,0.07027,-0.012945,1.339361,-0.097115
full_screened,All combined records evaluated by the deterministic screen,3. Pitch,890,bank_drop_sale,Bank drop sale or bank-drop infrastructure,tutorial_training_recruitment,"Tutorial, guide, or training content",31,73,53,733,0.197452,3.158196,38,-7,0.208791,-0.011339,3.08687,0.071326
full_screened,All combined records evaluated by the deterministic screen,3. Pitch,890,bank_log_sale,Compromised bank log sale or discussion,cashout_laundering_service,Cash-out or laundering service,59,104,47,680,0.280952,3.039125,66,-7,0.286957,-0.006005,3.079413,-0.040288
full_screened,All combined records evaluated by the deterministic screen,3. Pitch,890,bank_log_sale,Compromised bank log sale or discussion,crypto_payment_or_conversion,Cryptocurrency payment or conversion reference,71,92,39,688,0.351485,3.524261,77,-6,0.339207,0.012278,3.364544,0.159717
full_screened,All combined records evaluated by the deterministic screen,3. Pitch,890,bank_log_sale,Compromised bank log sale or discussion,email_access_takeover,Email-access-enabled account takeover,45,118,8,719,0.263158,4.635953,53,-8,0.283422,-0.020264,4.706415,-0.070462
full_screened,All combined records evaluated by the deterministic screen,3. Pitch,890,bank_log_sale,Compromised bank log sale or discussion,escrow_trust_reputation,"Escrow, trust, reputation, or scam-risk discourse",41,122,62,665,0.182222,2.173447,48,-7,0.191235,-0.009013,2.184047,-0.0106
full_screened,All combined records evaluated by the deterministic screen,3. Pitch,890,bank_log_sale,Compromised bank log sale or discussion,fullz_identity_package,Fullz or identity package,59,104,53,674,0.273148,2.876315,60,-1,0.247934,0.025214,2.664009,0.212306
full_screened,All combined records evaluated by the deterministic screen,3. Pitch,890,bank_log_sale,Compromised bank log sale or discussion,jurisdiction_localisation,Jurisdiction-specific bank or account reference,71,92,33,694,0.362245,3.727584,74,-3,0.334842,0.027403,3.482186,0.245398
full_screened,All combined records evaluated by the deterministic screen,3. Pitch,890,bank_log_sale,Compromised bank log sale or discussion,mule_recruitment,Mule recruitment or account-holder solicitation,6,157,0,727,0.03681,5.460123,7,-1,0.038889,-0.002079,4.282147,1.177976
full_screened,All combined records evaluated by the deterministic screen,3. Pitch,890,bank_log_sale,Compromised bank log sale or discussion,telegram_off_platform,Telegram or private-channel coordination reference,19,144,43,684,0.092233,1.673263,24,-5,0.101695,-0.009462,1.6114,0.061863
full_screened,All combined records evaluated by the deterministic screen,3. Pitch,890,bank_log_sale,Compromised bank log sale or discussion,tutorial_training_recruitment,"Tutorial, guide, or training content",50,113,34,693,0.253807,3.250073,62,-12,0.281818,-0.028011,3.282195,-0.032122
full_screened,All combined records evaluated by the deterministic screen,3. Pitch,890,cashout_laundering_service,Cash-out or laundering service,crypto_payment_or_conversion,Cryptocurrency payment or conversion reference,53,53,57,727,0.325153,4.045455,59,-6,0.318919,0.006234,3.888889,0.156566
full_screened,All combined records evaluated by the deterministic screen,3. Pitch,890,cashout_laundering_service,Cash-out or laundering service,email_access_takeover,Email-access-enabled account takeover,11,95,42,742,0.074324,1.742613,15,-4,0.090909,-0.016585,2.009295,-0.266682
full_screened,All combined records evaluated by the deterministic screen,3. Pitch,890,cashout_laundering_service,Cash-out or laundering service,escrow_trust_reputation,"Escrow, trust, reputation, or scam-risk discourse",26,80,77,707,0.142077,2.119436,32,-6,0.154589,-0.012512,2.196386,-0.07695
full_screened,All combined records evaluated by the deterministic screen,3. Pitch,890,cashout_laundering_service,Cash-out or laundering service,fullz_identity_package,Fullz or identity package,32,74,80,704,0.172043,2.398922,34,-2,0.163462,0.008581,2.277201,0.121721
full_screened,All combined records evaluated by the deterministic screen,3. Pitch,890,cashout_laundering_service,Cash-out or laundering service,jurisdiction_localisation,Jurisdiction-specific bank or account reference,28,78,76,708,0.153846,2.260522,33,-5,0.163366,-0.00952,2.34246,-0.081938
full_screened,All combined records evaluated by the deterministic screen,3. Pitch,890,cashout_laundering_service,Cash-out or laundering service,mule_recruitment,Mule recruitment or account-holder solicitation,5,101,1,783,0.046729,6.996855,7,-2,0.058333,-0.011604,6.45951,0.537345
full_screened,All combined records evaluated by the deterministic screen,3. Pitch,890,cashout_laundering_service,Cash-out or laundering service,telegram_off_platform,Telegram or private-channel coordination reference,33,73,29,755,0.244444,4.468959,39,-6,0.242236,0.002208,3.949979,0.51898
full_screened,All combined records evaluated by the deterministic screen,3. Pitch,890,cashout_laundering_service,Cash-out or laundering service,tutorial_training_recruitment,"Tutorial, guide, or training content",38,68,46,738,0.25,3.798293,46,-8,0.261364,-0.011364,3.673403,0.12489
full_screened,All combined records evaluated by the deterministic screen,3. Pitch,890,crypto_payment_or_conversion,Cryptocurrency payment or conversion reference,email_access_takeover,Email-access-enabled account takeover,15,95,38,742,0.101351,2.28988,17,-2,0.099415,0.001936,2.132616,0.157264
full_screened,All combined records evaluated by the deterministic screen,3. Pitch,890,crypto_payment_or_conversion,Cryptocurrency payment or conversion reference,escrow_trust_reputation,"Escrow, trust, reputation, or scam-risk discourse",41,69,62,718,0.238372,3.220653,52,-11,0.266667,-0.028295,3.342516,-0.121863
full_screened,All combined records evaluated by the deterministic screen,3. Pitch,890,crypto_payment_or_conversion,Cryptocurrency payment or conversion reference,fullz_identity_package,Fullz or identity package,40,70,72,708,0.21978,2.88961,44,-4,0.213592,0.006188,2.759857,0.129753
full_screened,All combined records evaluated by the deterministic screen,3. Pitch,890,crypto_payment_or_conversion,Cryptocurrency payment or conversion reference,jurisdiction_localisation,Jurisdiction-specific bank or account reference,30,80,74,706,0.163043,2.333916,35,-5,0.168269,-0.005226,2.326686,0.00723
full_screened,All combined records evaluated by the deterministic screen,3. Pitch,890,crypto_payment_or_conversion,Cryptocurrency payment or conversion reference,mule_recruitment,Mule recruitment or account-holder solicitation,5,105,1,779,0.045045,6.742424,7,-2,0.054688,-0.009643,6.049383,0.693041
full_screened,All combined records evaluated by the deterministic screen,3. Pitch,890,crypto_payment_or_conversion,Cryptocurrency payment or conversion reference,telegram_off_platform,Telegram or private-channel coordination reference,28,82,34,746,0.194444,3.653959,34,-6,0.195402,-0.000958,3.224932,0.429027
full_screened,All combined records evaluated by the deterministic screen,3. Pitch,890,crypto_payment_or_conversion,Cryptocurrency payment or conversion reference,tutorial_training_recruitment,"Tutorial, guide, or training content",32,78,52,728,0.197531,3.082251,44,-12,0.236559,-0.039028,3.290598,-0.208347
full_screened,All combined records evaluated by the deterministic screen,3. Pitch,890,email_access_takeover,Email-access-enabled account takeover,escrow_trust_reputation,"Escrow, trust, reputation, or scam-risk discourse",9,44,94,743,0.061224,1.467302,13,-4,0.076471,-0.015247,1.698214,-0.230912
full_screened,All combined records evaluated by the deterministic screen,3. Pitch,890,email_access_takeover,Email-access-enabled account takeover,fullz_identity_package,Fullz or identity package,22,31,90,747,0.153846,3.298518,24,-2,0.148148,0.005698,3.059313,0.239205
full_screened,All combined records evaluated by the deterministic screen,3. Pitch,890,email_access_takeover,Email-access-enabled account takeover,jurisdiction_localisation,Jurisdiction-specific bank or account reference,37,16,67,770,0.308333,5.974238,40,-3,0.28777,0.020563,5.403915,0.570323
full_screened,All combined records evaluated by the deterministic screen,3. Pitch,890,email_access_takeover,Email-access-enabled account takeover,mule_recruitment,Mule recruitment or account-holder solicitation,0,53,6,831,0.0,0.0,0,0,0.0,0.0,0.0,0.0
full_screened,All combined records evaluated by the deterministic screen,3. Pitch,890,email_access_takeover,Email-access-enabled account takeover,telegram_off_platform,Telegram or private-channel coordination reference,6,47,56,781,0.055046,1.625076,10,-4,0.074627,-0.019581,1.927616,-0.30254
full_screened,All combined records evaluated by the deterministic screen,3. Pitch,890,email_access_takeover,Email-access-enabled account takeover,tutorial_training_recruitment,"Tutorial, guide, or training content",14,39,70,767,0.113821,2.798742,20,-6,0.136986,-0.023165,3.039702,-0.24096
full_screened,All combined records evaluated by the deterministic screen,3. Pitch,890,escrow_trust_reputation,"Escrow, trust, reputation, or scam-risk discourse",fullz_identity_package,Fullz or identity package,31,72,81,706,0.168478,2.391644,34,-3,0.161137,0.007341,2.220741,0.170903
full_screened,All combined records evaluated by the deterministic screen,3. Pitch,890,escrow_trust_reputation,"Escrow, trust, reputation, or scam-risk discourse",jurisdiction_localisation,Jurisdiction-specific bank or account reference,29,74,75,712,0.162921,2.409447,34,-5,0.166667,-0.003746,2.353606,0.055841
full_screened,All combined records evaluated by the deterministic screen,3. Pitch,890,escrow_trust_reputation,"Escrow, trust, reputation, or scam-risk discourse",mule_recruitment,Mule recruitment or account-holder solicitation,3,100,3,784,0.028302,4.320388,5,-2,0.04,-0.011698,4.499541,-0.179153
full_screened,All combined records evaluated by the deterministic screen,3. Pitch,890,escrow_trust_reputation,"Escrow, trust, reputation, or scam-risk discourse",telegram_off_platform,Telegram or private-channel coordination reference,17,86,45,742,0.114865,2.369245,26,-9,0.146893,-0.032028,2.568031,-0.198786
full_screened,All combined records evaluated by the deterministic screen,3. Pitch,890,escrow_trust_reputation,"Escrow, trust, reputation, or scam-risk discourse",tutorial_training_recruitment,"Tutorial, guide, or training content",28,75,56,731,0.176101,2.880259,37,-9,0.196809,-0.020708,2.881437,-0.001178
full_screened,All combined records evaluated by the deterministic screen,3. Pitch,890,fullz_identity_package,Fullz or identity package,jurisdiction_localisation,Jurisdiction-specific bank or account reference,41,71,63,715,0.234286,3.132727,44,-3,0.22335,0.010936,2.972153,0.160574
full_screened,All combined records evaluated by the deterministic screen,3. Pitch,890,fullz_identity_package,Fullz or identity package,mule_recruitment,Mule recruitment or account-holder solicitation,3,109,3,775,0.026087,3.973214,4,-1,0.031008,-0.004921,3.512545,0.460669
full_screened,All combined records evaluated by the deterministic screen,3. Pitch,890,fullz_identity_package,Fullz or identity package,telegram_off_platform,Telegram or private-channel coordination reference,25,87,37,741,0.167785,3.204205,30,-5,0.170455,-0.00267,2.891424,0.312781
full_screened,All combined records evaluated by the deterministic screen,3. Pitch,890,fullz_identity_package,Fullz or identity package,tutorial_training_recruitment,"Tutorial, guide, or training content",37,75,47,731,0.232704,3.500213,40,-3,0.212766,0.019938,3.039702,0.460511
full_screened,All combined records evaluated by the deterministic screen,3. Pitch,890,jurisdiction_localisation,Jurisdiction-specific bank or account reference,mule_recruitment,Mule recruitment or account-holder solicitation,2,102,4,782,0.018519,2.852564,4,-2,0.032787,-0.014268,3.722697,-0.870133
full_screened,All combined records evaluated by the deterministic screen,3. Pitch,890,jurisdiction_localisation,Jurisdiction-specific bank or account reference,telegram_off_platform,Telegram or private-channel coordination reference,13,91,49,737,0.084967,1.794355,18,-5,0.099448,-0.014481,1.838649,-0.044294
full_screened,All combined records evaluated by the deterministic screen,3. Pitch,890,jurisdiction_localisation,Jurisdiction-specific bank or account reference,tutorial_training_recruitment,"Tutorial, guide, or training content",24,80,60,726,0.146341,2.445055,30,-6,0.157068,-0.010727,2.416174,0.028881
full_screened,All combined records evaluated by the deterministic screen,3. Pitch,890,mule_recruitment,Mule recruitment or account-holder solicitation,telegram_off_platform,Telegram or private-channel coordination reference,6,0,56,828,0.096774,14.354839,7,-1,0.083333,0.013441,9.295393,5.059446
full_screened,All combined records evaluated by the deterministic screen,3. Pitch,890,mule_recruitment,Mule recruitment or account-holder solicitation,tutorial_training_recruitment,"Tutorial, guide, or training content",3,3,81,803,0.034483,5.297619,5,-2,0.046296,-0.011813,5.235043,0.062576
full_screened,All combined records evaluated by the deterministic screen,3. Pitch,890,telegram_off_platform,Telegram or private-channel coordination reference,tutorial_training_recruitment,"Tutorial, guide, or training content",22,40,62,766,0.177419,3.759601,29,-7,0.184713,-0.007294,3.332552,0.427049
full_screened,All combined records evaluated by the deterministic screen,4. Caders Heven,903,bank_drop_sale,Bank drop sale or bank-drop infrastructure,bank_log_sale,Compromised bank log sale or discussion,70,40,80,713,0.368421,3.830909,76,-6,0.348624,0.019797,3.607129,0.22378
full_screened,All combined records evaluated by the deterministic screen,4. Caders Heven,903,bank_drop_sale,Bank drop sale or bank-drop infrastructure,cashout_laundering_service,Cash-out or laundering service,30,80,66,727,0.170455,2.565341,31,-1,0.152709,0.017746,2.219462,0.345879
full_screened,All combined records evaluated by the deterministic screen,4. Caders Heven,903,bank_drop_sale,Bank drop sale or bank-drop infrastructure,crypto_payment_or_conversion,Cryptocurrency payment or conversion reference,36,74,66,727,0.204545,2.897326,38,-2,0.186275,0.01827,2.547893,0.349433
full_screened,All combined records evaluated by the deterministic screen,4. Caders Heven,903,bank_drop_sale,Bank drop sale or bank-drop infrastructure,email_access_takeover,Email-access-enabled account takeover,27,83,31,762,0.191489,3.821473,28,-1,0.186667,0.004822,3.81535,0.006123
full_screened,All combined records evaluated by the deterministic screen,4. Caders Heven,903,bank_drop_sale,Bank drop sale or bank-drop infrastructure,escrow_trust_reputation,"Escrow, trust, reputation, or scam-risk discourse",33,77,87,706,0.167513,2.2575,33,0,0.161765,0.005748,2.304075,-0.046575
full_screened,All combined records evaluated by the deterministic screen,4. Caders Heven,903,bank_drop_sale,Bank drop sale or bank-drop infrastructure,fullz_identity_package,Fullz or identity package,54,56,58,735,0.321429,3.957955,60,-6,0.333333,-0.011904,4.087875,-0.12992
full_screened,All combined records evaluated by the deterministic screen,4. Caders Heven,903,bank_drop_sale,Bank drop sale or bank-drop infrastructure,jurisdiction_localisation,Jurisdiction-specific bank or account reference,61,49,54,739,0.371951,4.354387,62,-1,0.362573,0.009378,4.476864,-0.122477
full_screened,All combined records evaluated by the deterministic screen,4. Caders Heven,903,bank_drop_sale,Bank drop sale or bank-drop infrastructure,mule_recruitment,Mule recruitment or account-holder solicitation,4,106,5,788,0.034783,3.648485,4,0,0.033058,0.001725,3.754789,-0.106304
full_screened,All combined records evaluated by the deterministic screen,4. Caders Heven,903,bank_drop_sale,Bank drop sale or bank-drop infrastructure,telegram_off_platform,Telegram or private-channel coordination reference,13,97,69,724,0.072626,1.301441,13,0,0.07027,0.002356,1.339361,-0.03792
full_screened,All combined records evaluated by the deterministic screen,4. Caders Heven,903,bank_drop_sale,Bank drop sale or bank-drop infrastructure,tutorial_training_recruitment,"Tutorial, guide, or training content",37,73,65,728,0.211429,2.977807,38,-1,0.208791,0.002638,3.08687,-0.109063
full_screened,All combined records evaluated by the deterministic screen,4. Caders Heven,903,bank_log_sale,Compromised bank log sale or discussion,cashout_laundering_service,Cash-out or laundering service,46,104,50,703,0.23,2.884583,66,-20,0.286957,-0.056957,3.079413,-0.19483
full_screened,All combined records evaluated by the deterministic screen,4. Caders Heven,903,bank_log_sale,Compromised bank log sale or discussion,crypto_payment_or_conversion,Cryptocurrency payment or conversion reference,55,95,47,706,0.279188,3.246078,77,-22,0.339207,-0.060019,3.364544,-0.118466
full_screened,All combined records evaluated by the deterministic screen,4. Caders Heven,903,bank_log_sale,Compromised bank log sale or discussion,email_access_takeover,Email-access-enabled account takeover,49,101,9,744,0.308176,5.085862,53,-4,0.283422,0.024754,4.706415,0.379447
full_screened,All combined records evaluated by the deterministic screen,4. Caders Heven,903,bank_log_sale,Compromised bank log sale or discussion,escrow_trust_reputation,"Escrow, trust, reputation, or scam-risk discourse",48,102,72,681,0.216216,2.408,48,0,0.191235,0.024981,2.184047,0.223953
full_screened,All combined records evaluated by the deterministic screen,4. Caders Heven,903,bank_log_sale,Compromised bank log sale or discussion,fullz_identity_package,Fullz or identity package,50,100,62,691,0.235849,2.6875,60,-10,0.247934,-0.012085,2.664009,0.023491
full_screened,All combined records evaluated by the deterministic screen,4. Caders Heven,903,bank_log_sale,Compromised bank log sale or discussion,jurisdiction_localisation,Jurisdiction-specific bank or account reference,72,78,43,710,0.373057,3.769043,74,-2,0.334842,0.038215,3.482186,0.286857
full_screened,All combined records evaluated by the deterministic screen,4. Caders Heven,903,bank_log_sale,Compromised bank log sale or discussion,mule_recruitment,Mule recruitment or account-holder solicitation,7,143,2,751,0.046053,4.682222,7,0,0.038889,0.007164,4.282147,0.400075
full_screened,All combined records evaluated by the deterministic screen,4. Caders Heven,903,bank_log_sale,Compromised bank log sale or discussion,telegram_off_platform,Telegram or private-channel coordination reference,24,126,58,695,0.115385,1.761951,24,0,0.101695,0.01369,1.6114,0.150551
full_screened,All combined records evaluated by the deterministic screen,4. Caders Heven,903,bank_log_sale,Compromised bank log sale or discussion,tutorial_training_recruitment,"Tutorial, guide, or training content",60,90,42,711,0.3125,3.541176,62,-2,0.281818,0.030682,3.282195,0.258981
full_screened,All combined records evaluated by the deterministic screen,4. Caders Heven,903,cashout_laundering_service,Cash-out or laundering service,crypto_payment_or_conversion,Cryptocurrency payment or conversion reference,38,58,64,743,0.2375,3.504289,59,-21,0.318919,-0.081419,3.888889,-0.3846
full_screened,All combined records evaluated by the deterministic screen,4. Caders Heven,903,cashout_laundering_service,Cash-out or laundering service,email_access_takeover,Email-access-enabled account takeover,14,82,44,763,0.1,2.270474,15,-1,0.090909,0.009091,2.009295,0.261179
full_screened,All combined records evaluated by the deterministic screen,4. Caders Heven,903,cashout_laundering_service,Cash-out or laundering service,escrow_trust_reputation,"Escrow, trust, reputation, or scam-risk discourse",32,64,88,719,0.173913,2.508333,32,0,0.154589,0.019324,2.196386,0.311947
full_screened,All combined records evaluated by the deterministic screen,4. Caders Heven,903,cashout_laundering_service,Cash-out or laundering service,fullz_identity_package,Fullz or identity package,27,69,85,722,0.149171,2.267578,34,-7,0.163462,-0.014291,2.277201,-0.009623
full_screened,All combined records evaluated by the deterministic screen,4. Caders Heven,903,cashout_laundering_service,Cash-out or laundering service,jurisdiction_localisation,Jurisdiction-specific bank or account reference,33,63,82,725,0.185393,2.699185,33,0,0.163366,0.022027,2.34246,0.356725
full_screened,All combined records evaluated by the deterministic screen,4. Caders Heven,903,cashout_laundering_service,Cash-out or laundering service,mule_recruitment,Mule recruitment or account-holder solicitation,7,89,2,805,0.071429,7.315972,7,0,0.058333,0.013096,6.45951,0.856462
full_screened,All combined records evaluated by the deterministic screen,4. Caders Heven,903,cashout_laundering_service,Cash-out or laundering service,telegram_off_platform,Telegram or private-channel coordination reference,39,57,43,764,0.280576,4.473704,39,0,0.242236,0.03834,3.949979,0.523725
full_screened,All combined records evaluated by the deterministic screen,4. Caders Heven,903,cashout_laundering_service,Cash-out or laundering service,tutorial_training_recruitment,"Tutorial, guide, or training content",46,50,56,751,0.302632,4.242034,46,0,0.261364,0.041268,3.673403,0.568631
full_screened,All combined records evaluated by the deterministic screen,4. Caders Heven,903,crypto_payment_or_conversion,Cryptocurrency payment or conversion reference,email_access_takeover,Email-access-enabled account takeover,15,87,43,758,0.103448,2.289554,17,-2,0.099415,0.004033,2.132616,0.156938
full_screened,All combined records evaluated by the deterministic screen,4. Caders Heven,903,crypto_payment_or_conversion,Cryptocurrency payment or conversion reference,escrow_trust_reputation,"Escrow, trust, reputation, or scam-risk discourse",51,51,69,732,0.298246,3.7625,52,-1,0.266667,0.031579,3.342516,0.419984
full_screened,All combined records evaluated by the deterministic screen,4. Caders Heven,903,crypto_payment_or_conversion,Cryptocurrency payment or conversion reference,fullz_identity_package,Fullz or identity package,37,65,75,726,0.20904,2.924632,44,-7,0.213592,-0.004552,2.759857,0.164775
full_screened,All combined records evaluated by the deterministic screen,4. Caders Heven,903,crypto_payment_or_conversion,Cryptocurrency payment or conversion reference,jurisdiction_localisation,Jurisdiction-specific bank or account reference,34,68,81,720,0.185792,2.617391,35,-1,0.168269,0.017523,2.326686,0.290705
full_screened,All combined records evaluated by the deterministic screen,4. Caders Heven,903,crypto_payment_or_conversion,Cryptocurrency payment or conversion reference,mule_recruitment,Mule recruitment or account-holder solicitation,7,95,2,799,0.067308,6.885621,7,0,0.054688,0.01262,6.049383,0.836238
full_screened,All combined records evaluated by the deterministic screen,4. Caders Heven,903,crypto_payment_or_conversion,Cryptocurrency payment or conversion reference,telegram_off_platform,Telegram or private-channel coordination reference,34,68,48,753,0.226667,3.670732,34,0,0.195402,0.031265,3.224932,0.4458
full_screened,All combined records evaluated by the deterministic screen,4. Caders Heven,903,crypto_payment_or_conversion,Cryptocurrency payment or conversion reference,tutorial_training_recruitment,"Tutorial, guide, or training content",42,60,60,741,0.259259,3.645329,44,-2,0.236559,0.0227,3.290598,0.354731
full_screened,All combined records evaluated by the deterministic screen,4. Caders Heven,903,email_access_takeover,Email-access-enabled account takeover,escrow_trust_reputation,"Escrow, trust, reputation, or scam-risk discourse",13,45,107,738,0.078788,1.686638,13,0,0.076471,0.002317,1.698214,-0.011576
full_screened,All combined records evaluated by the deterministic screen,4. Caders Heven,903,email_access_takeover,Email-access-enabled account takeover,fullz_identity_package,Fullz or identity package,22,36,90,755,0.148649,3.05819,24,-2,0.148148,0.000501,3.059313,-0.001123
full_screened,All combined records evaluated by the deterministic screen,4. Caders Heven,903,email_access_takeover,Email-access-enabled account takeover,jurisdiction_localisation,Jurisdiction-specific bank or account reference,38,20,77,768,0.281481,5.144528,40,-2,0.28777,-0.006289,5.403915,-0.259387
full_screened,All combined records evaluated by the deterministic screen,4. Caders Heven,903,email_access_takeover,Email-access-enabled account takeover,mule_recruitment,Mule recruitment or account-holder solicitation,0,58,9,836,0.0,0.0,0,0,0.0,0.0,0.0,0.0
full_screened,All combined records evaluated by the deterministic screen,4. Caders Heven,903,email_access_takeover,Email-access-enabled account takeover,telegram_off_platform,Telegram or private-channel coordination reference,10,48,72,773,0.076923,1.898654,10,0,0.074627,0.002296,1.927616,-0.028962
full_screened,All combined records evaluated by the deterministic screen,4. Caders Heven,903,email_access_takeover,Email-access-enabled account takeover,tutorial_training_recruitment,"Tutorial, guide, or training content",19,39,83,762,0.134752,2.900101,20,-1,0.136986,-0.002234,3.039702,-0.139601
full_screened,All combined records evaluated by the deterministic screen,4. Caders Heven,903,escrow_trust_reputation,"Escrow, trust, reputation, or scam-risk discourse",fullz_identity_package,Fullz or identity package,34,86,78,705,0.171717,2.284375,34,0,0.161137,0.01058,2.220741,0.063634
full_screened,All combined records evaluated by the deterministic screen,4. Caders Heven,903,escrow_trust_reputation,"Escrow, trust, reputation, or scam-risk discourse",jurisdiction_localisation,Jurisdiction-specific bank or account reference,34,86,81,702,0.169154,2.224783,34,0,0.166667,0.002487,2.353606,-0.128823
full_screened,All combined records evaluated by the deterministic screen,4. Caders Heven,903,escrow_trust_reputation,"Escrow, trust, reputation, or scam-risk discourse",mule_recruitment,Mule recruitment or account-holder solicitation,5,115,4,779,0.040323,4.180556,5,0,0.04,0.000323,4.499541,-0.318985
full_screened,All combined records evaluated by the deterministic screen,4. Caders Heven,903,escrow_trust_reputation,"Escrow, trust, reputation, or scam-risk discourse",telegram_off_platform,Telegram or private-channel coordination reference,26,94,56,727,0.147727,2.385976,26,0,0.146893,0.000834,2.568031,-0.182055
full_screened,All combined records evaluated by the deterministic screen,4. Caders Heven,903,escrow_trust_reputation,"Escrow, trust, reputation, or scam-risk discourse",tutorial_training_recruitment,"Tutorial, guide, or training content",37,83,65,718,0.2,2.729657,37,0,0.196809,0.003191,2.881437,-0.15178
full_screened,All combined records evaluated by the deterministic screen,4. Caders Heven,903,fullz_identity_package,Fullz or identity package,jurisdiction_localisation,Jurisdiction-specific bank or account reference,43,69,72,719,0.233696,3.014674,44,-1,0.22335,0.010346,2.972153,0.042521
full_screened,All combined records evaluated by the deterministic screen,4. Caders Heven,903,fullz_identity_package,Fullz or identity package,mule_recruitment,Mule recruitment or account-holder solicitation,4,108,5,786,0.034188,3.583333,4,0,0.031008,0.00318,3.512545,0.070788
full_screened,All combined records evaluated by the deterministic screen,4. Caders Heven,903,fullz_identity_package,Fullz or identity package,telegram_off_platform,Telegram or private-channel coordination reference,30,82,52,739,0.182927,2.949695,30,0,0.170455,0.012472,2.891424,0.058271
full_screened,All combined records evaluated by the deterministic screen,4. Caders Heven,903,fullz_identity_package,Fullz or identity package,tutorial_training_recruitment,"Tutorial, guide, or training content",39,73,63,728,0.222857,3.082721,40,-1,0.212766,0.010091,3.039702,0.043019
full_screened,All combined records evaluated by the deterministic screen,4. Caders Heven,903,jurisdiction_localisation,Jurisdiction-specific bank or account reference,mule_recruitment,Mule recruitment or account-holder solicitation,4,111,5,783,0.033333,3.489855,4,0,0.032787,0.000546,3.722697,-0.232842
full_screened,All combined records evaluated by the deterministic screen,4. Caders Heven,903,jurisdiction_localisation,Jurisdiction-specific bank or account reference,telegram_off_platform,Telegram or private-channel coordination reference,18,97,64,724,0.100559,1.723648,18,0,0.099448,0.001111,1.838649,-0.115001
full_screened,All combined records evaluated by the deterministic screen,4. Caders Heven,903,jurisdiction_localisation,Jurisdiction-specific bank or account reference,tutorial_training_recruitment,"Tutorial, guide, or training content",29,86,73,715,0.154255,2.232481,30,-1,0.157068,-0.002813,2.416174,-0.183693
full_screened,All combined records evaluated by the deterministic screen,4. Caders Heven,903,mule_recruitment,Mule recruitment or account-holder solicitation,telegram_off_platform,Telegram or private-channel coordination reference,7,2,75,819,0.083333,8.565041,7,0,0.083333,0.0,9.295393,-0.730352
full_screened,All combined records evaluated by the deterministic screen,4. Caders Heven,903,mule_recruitment,Mule recruitment or account-holder solicitation,tutorial_training_recruitment,"Tutorial, guide, or training content",5,4,97,797,0.04717,4.918301,5,0,0.046296,0.000874,5.235043,-0.316742
full_screened,All combined records evaluated by the deterministic screen,4. Caders Heven,903,telegram_off_platform,Telegram or private-channel coordination reference,tutorial_training_recruitment,"Tutorial, guide, or training content",29,53,73,748,0.187097,3.130918,29,0,0.184713,0.002384,3.332552,-0.201634
full_screened,All combined records evaluated by the deterministic screen,5. CardPro,889,bank_drop_sale,Bank drop sale or bank-drop infrastructure,bank_log_sale,Compromised bank log sale or discussion,76,34,100,679,0.361905,3.489876,76,0,0.348624,0.013281,3.607129,-0.117253
full_screened,All combined records evaluated by the deterministic screen,5. CardPro,889,bank_drop_sale,Bank drop sale or bank-drop infrastructure,cashout_laundering_service,Cash-out or laundering service,26,84,60,719,0.152941,2.44334,31,-5,0.152709,0.000232,2.219462,0.223878
full_screened,All combined records evaluated by the deterministic screen,5. CardPro,889,bank_drop_sale,Bank drop sale or bank-drop infrastructure,crypto_payment_or_conversion,Cryptocurrency payment or conversion reference,36,74,83,696,0.186528,2.44492,38,-2,0.186275,0.000253,2.547893,-0.102973
full_screened,All combined records evaluated by the deterministic screen,5. CardPro,889,bank_drop_sale,Bank drop sale or bank-drop infrastructure,email_access_takeover,Email-access-enabled account takeover,28,82,34,745,0.194444,3.649853,28,0,0.186667,0.007777,3.81535,-0.165497
full_screened,All combined records evaluated by the deterministic screen,5. CardPro,889,bank_drop_sale,Bank drop sale or bank-drop infrastructure,escrow_trust_reputation,"Escrow, trust, reputation, or scam-risk discourse",32,78,85,694,0.164103,2.210412,33,-1,0.161765,0.002338,2.304075,-0.093663
full_screened,All combined records evaluated by the deterministic screen,5. CardPro,889,bank_drop_sale,Bank drop sale or bank-drop infrastructure,fullz_identity_package,Fullz or identity package,56,54,63,716,0.323699,3.803209,60,-4,0.333333,-0.009634,4.087875,-0.284666
full_screened,All combined records evaluated by the deterministic screen,5. CardPro,889,bank_drop_sale,Bank drop sale or bank-drop infrastructure,jurisdiction_localisation,Jurisdiction-specific bank or account reference,59,51,47,732,0.375796,4.49837,62,-3,0.362573,0.013223,4.476864,0.021506
full_screened,All combined records evaluated by the deterministic screen,5. CardPro,889,bank_drop_sale,Bank drop sale or bank-drop infrastructure,mule_recruitment,Mule recruitment or account-holder solicitation,4,106,4,775,0.035088,4.040909,4,0,0.033058,0.00203,3.754789,0.28612
full_screened,All combined records evaluated by the deterministic screen,5. CardPro,889,bank_drop_sale,Bank drop sale or bank-drop infrastructure,telegram_off_platform,Telegram or private-channel coordination reference,10,100,50,729,0.0625,1.34697,13,-3,0.07027,-0.00777,1.339361,0.007609
full_screened,All combined records evaluated by the deterministic screen,5. CardPro,889,bank_drop_sale,Bank drop sale or bank-drop infrastructure,tutorial_training_recruitment,"Tutorial, guide, or training content",37,73,64,715,0.212644,2.960666,38,-1,0.208791,0.003853,3.08687,-0.126204
full_screened,All combined records evaluated by the deterministic screen,5. CardPro,889,bank_log_sale,Compromised bank log sale or discussion,cashout_laundering_service,Cash-out or laundering service,64,112,22,691,0.323232,3.758985,66,-2,0.286957,0.036275,3.079413,0.679572
full_screened,All combined records evaluated by the deterministic screen,5. CardPro,889,bank_log_sale,Compromised bank log sale or discussion,crypto_payment_or_conversion,Cryptocurrency payment or conversion reference,77,99,42,671,0.353211,3.268382,77,0,0.339207,0.014004,3.364544,-0.096162
full_screened,All combined records evaluated by the deterministic screen,5. CardPro,889,bank_log_sale,Compromised bank log sale or discussion,email_access_takeover,Email-access-enabled account takeover,53,123,9,704,0.286486,4.317907,53,0,0.283422,0.003064,4.706415,-0.388508
full_screened,All combined records evaluated by the deterministic screen,5. CardPro,889,bank_log_sale,Compromised bank log sale or discussion,escrow_trust_reputation,"Escrow, trust, reputation, or scam-risk discourse",48,128,69,644,0.195918,2.072261,48,0,0.191235,0.004683,2.184047,-0.111786
full_screened,All combined records evaluated by the deterministic screen,5. CardPro,889,bank_log_sale,Compromised bank log sale or discussion,fullz_identity_package,Fullz or identity package,60,116,59,654,0.255319,2.546791,60,0,0.247934,0.007385,2.664009,-0.117218
full_screened,All combined records evaluated by the deterministic screen,5. CardPro,889,bank_log_sale,Compromised bank log sale or discussion,jurisdiction_localisation,Jurisdiction-specific bank or account reference,73,103,33,680,0.349282,3.478613,74,-1,0.334842,0.01444,3.482186,-0.003573
full_screened,All combined records evaluated by the deterministic screen,5. CardPro,889,bank_log_sale,Compromised bank log sale or discussion,mule_recruitment,Mule recruitment or account-holder solicitation,6,170,2,711,0.033708,3.788352,7,-1,0.038889,-0.005181,4.282147,-0.493795
full_screened,All combined records evaluated by the deterministic screen,5. CardPro,889,bank_log_sale,Compromised bank log sale or discussion,telegram_off_platform,Telegram or private-channel coordination reference,23,153,37,676,0.107981,1.936269,24,-1,0.101695,0.006286,1.6114,0.324869
full_screened,All combined records evaluated by the deterministic screen,5. CardPro,889,bank_log_sale,Compromised bank log sale or discussion,tutorial_training_recruitment,"Tutorial, guide, or training content",61,115,40,673,0.282407,3.050686,62,-1,0.281818,0.000589,3.282195,-0.231509
full_screened,All combined records evaluated by the deterministic screen,5. CardPro,889,cashout_laundering_service,Cash-out or laundering service,crypto_payment_or_conversion,Cryptocurrency payment or conversion reference,54,32,65,738,0.357616,4.690834,59,-5,0.318919,0.038697,3.888889,0.801945
full_screened,All combined records evaluated by the deterministic screen,5. CardPro,889,cashout_laundering_service,Cash-out or laundering service,email_access_takeover,Email-access-enabled account takeover,15,71,47,756,0.112782,2.500938,15,0,0.090909,0.021873,2.009295,0.491643
full_screened,All combined records evaluated by the deterministic screen,5. CardPro,889,cashout_laundering_service,Cash-out or laundering service,escrow_trust_reputation,"Escrow, trust, reputation, or scam-risk discourse",30,56,87,716,0.17341,2.650566,32,-2,0.154589,0.018821,2.196386,0.45418
full_screened,All combined records evaluated by the deterministic screen,5. CardPro,889,cashout_laundering_service,Cash-out or laundering service,fullz_identity_package,Fullz or identity package,31,55,88,715,0.178161,2.692886,34,-3,0.163462,0.014699,2.277201,0.415685
full_screened,All combined records evaluated by the deterministic screen,5. CardPro,889,cashout_laundering_service,Cash-out or laundering service,jurisdiction_localisation,Jurisdiction-specific bank or account reference,22,64,84,719,0.129412,2.145459,33,-11,0.163366,-0.033954,2.34246,-0.197001
full_screened,All combined records evaluated by the deterministic screen,5. CardPro,889,cashout_laundering_service,Cash-out or laundering service,mule_recruitment,Mule recruitment or account-holder solicitation,6,80,2,801,0.068182,7.752907,7,-1,0.058333,0.009849,6.45951,1.293397
full_screened,All combined records evaluated by the deterministic screen,5. CardPro,889,cashout_laundering_service,Cash-out or laundering service,telegram_off_platform,Telegram or private-channel coordination reference,21,65,39,764,0.168,3.618023,39,-18,0.242236,-0.074236,3.949979,-0.331956
full_screened,All combined records evaluated by the deterministic screen,5. CardPro,889,cashout_laundering_service,Cash-out or laundering service,tutorial_training_recruitment,"Tutorial, guide, or training content",43,43,58,745,0.298611,4.40099,46,-3,0.261364,0.037247,3.673403,0.727587
full_screened,All combined records evaluated by the deterministic screen,5. CardPro,889,crypto_payment_or_conversion,Cryptocurrency payment or conversion reference,email_access_takeover,Email-access-enabled account takeover,17,102,45,725,0.103659,2.048387,17,0,0.099415,0.004244,2.132616,-0.084229
full_screened,All combined records evaluated by the deterministic screen,5. CardPro,889,crypto_payment_or_conversion,Cryptocurrency payment or conversion reference,escrow_trust_reputation,"Escrow, trust, reputation, or scam-risk discourse",50,69,67,703,0.268817,3.192559,52,-2,0.266667,0.00215,3.342516,-0.149957
full_screened,All combined records evaluated by the deterministic screen,5. CardPro,889,crypto_payment_or_conversion,Cryptocurrency payment or conversion reference,fullz_identity_package,Fullz or identity package,42,77,77,693,0.214286,2.636678,44,-2,0.213592,0.000694,2.759857,-0.123179
full_screened,All combined records evaluated by the deterministic screen,5. CardPro,889,crypto_payment_or_conversion,Cryptocurrency payment or conversion reference,jurisdiction_localisation,Jurisdiction-specific bank or account reference,33,86,73,697,0.171875,2.325749,35,-2,0.168269,0.003606,2.326686,-0.000937
full_screened,All combined records evaluated by the deterministic screen,5. CardPro,889,crypto_payment_or_conversion,Cryptocurrency payment or conversion reference,mule_recruitment,Mule recruitment or account-holder solicitation,7,112,1,769,0.058333,6.536765,7,0,0.054688,0.003645,6.049383,0.487382
full_screened,All combined records evaluated by the deterministic screen,5. CardPro,889,crypto_payment_or_conversion,Cryptocurrency payment or conversion reference,telegram_off_platform,Telegram or private-channel coordination reference,27,92,33,737,0.177632,3.361765,34,-7,0.195402,-0.01777,3.224932,0.136833
full_screened,All combined records evaluated by the deterministic screen,5. CardPro,889,crypto_payment_or_conversion,Cryptocurrency payment or conversion reference,tutorial_training_recruitment,"Tutorial, guide, or training content",44,75,57,713,0.25,3.254514,44,0,0.236559,0.013441,3.290598,-0.036084
full_screened,All combined records evaluated by the deterministic screen,5. CardPro,889,email_access_takeover,Email-access-enabled account takeover,escrow_trust_reputation,"Escrow, trust, reputation, or scam-risk discourse",13,49,104,723,0.078313,1.59319,13,0,0.076471,0.001842,1.698214,-0.105024
full_screened,All combined records evaluated by the deterministic screen,5. CardPro,889,email_access_takeover,Email-access-enabled account takeover,fullz_identity_package,Fullz or identity package,24,38,95,732,0.152866,2.891841,24,0,0.148148,0.004718,3.059313,-0.167472
full_screened,All combined records evaluated by the deterministic screen,5. CardPro,889,email_access_takeover,Email-access-enabled account takeover,jurisdiction_localisation,Jurisdiction-specific bank or account reference,40,22,66,761,0.3125,5.410834,40,0,0.28777,0.02473,5.403915,0.006919
full_screened,All combined records evaluated by the deterministic screen,5. CardPro,889,email_access_takeover,Email-access-enabled account takeover,mule_recruitment,Mule recruitment or account-holder solicitation,0,62,8,819,0.0,0.0,0,0,0.0,0.0,0.0,0.0
full_screened,All combined records evaluated by the deterministic screen,5. CardPro,889,email_access_takeover,Email-access-enabled account takeover,telegram_off_platform,Telegram or private-channel coordination reference,10,52,50,777,0.089286,2.389785,10,0,0.074627,0.014659,1.927616,0.462169
full_screened,All combined records evaluated by the deterministic screen,5. CardPro,889,email_access_takeover,Email-access-enabled account takeover,tutorial_training_recruitment,"Tutorial, guide, or training content",20,42,81,746,0.13986,2.839348,20,0,0.136986,0.002874,3.039702,-0.200354
full_screened,All combined records evaluated by the deterministic screen,5. CardPro,889,escrow_trust_reputation,"Escrow, trust, reputation, or scam-risk discourse",fullz_identity_package,Fullz or identity package,33,84,86,686,0.162562,2.107089,34,-1,0.161137,0.001425,2.220741,-0.113652
full_screened,All combined records evaluated by the deterministic screen,5. CardPro,889,escrow_trust_reputation,"Escrow, trust, reputation, or scam-risk discourse",jurisdiction_localisation,Jurisdiction-specific bank or account reference,34,83,72,700,0.179894,2.437188,34,0,0.166667,0.013227,2.353606,0.083582
full_screened,All combined records evaluated by the deterministic screen,5. CardPro,889,escrow_trust_reputation,"Escrow, trust, reputation, or scam-risk discourse",mule_recruitment,Mule recruitment or account-holder solicitation,5,112,3,769,0.041667,4.748932,5,0,0.04,0.001667,4.499541,0.249391
full_screened,All combined records evaluated by the deterministic screen,5. CardPro,889,escrow_trust_reputation,"Escrow, trust, reputation, or scam-risk discourse",telegram_off_platform,Telegram or private-channel coordination reference,24,93,36,736,0.156863,3.039316,26,-2,0.146893,0.00997,2.568031,0.471285
full_screened,All combined records evaluated by the deterministic screen,5. CardPro,889,escrow_trust_reputation,"Escrow, trust, reputation, or scam-risk discourse",tutorial_training_recruitment,"Tutorial, guide, or training content",37,80,64,708,0.20442,2.783532,37,0,0.196809,0.007611,2.881437,-0.097905
full_screened,All combined records evaluated by the deterministic screen,5. CardPro,889,fullz_identity_package,Fullz or identity package,jurisdiction_localisation,Jurisdiction-specific bank or account reference,42,77,64,706,0.229508,2.960044,44,-2,0.22335,0.006158,2.972153,-0.012109
full_screened,All combined records evaluated by the deterministic screen,5. CardPro,889,fullz_identity_package,Fullz or identity package,mule_recruitment,Mule recruitment or account-holder solicitation,4,115,4,766,0.03252,3.735294,4,0,0.031008,0.001512,3.512545,0.222749
full_screened,All combined records evaluated by the deterministic screen,5. CardPro,889,fullz_identity_package,Fullz or identity package,telegram_off_platform,Telegram or private-channel coordination reference,27,92,33,737,0.177632,3.361765,30,-3,0.170455,0.007177,2.891424,0.470341
full_screened,All combined records evaluated by the deterministic screen,5. CardPro,889,fullz_identity_package,Fullz or identity package,tutorial_training_recruitment,"Tutorial, guide, or training content",40,79,61,709,0.222222,2.958649,40,0,0.212766,0.009456,3.039702,-0.081053
full_screened,All combined records evaluated by the deterministic screen,5. CardPro,889,jurisdiction_localisation,Jurisdiction-specific bank or account reference,mule_recruitment,Mule recruitment or account-holder solicitation,3,103,5,778,0.027027,3.145047,4,-1,0.032787,-0.00576,3.722697,-0.57765
full_screened,All combined records evaluated by the deterministic screen,5. CardPro,889,jurisdiction_localisation,Jurisdiction-specific bank or account reference,telegram_off_platform,Telegram or private-channel coordination reference,11,95,49,734,0.070968,1.537579,18,-7,0.099448,-0.02848,1.838649,-0.30107
full_screened,All combined records evaluated by the deterministic screen,5. CardPro,889,jurisdiction_localisation,Jurisdiction-specific bank or account reference,tutorial_training_recruitment,"Tutorial, guide, or training content",28,78,73,710,0.156425,2.325051,30,-2,0.157068,-0.000643,2.416174,-0.091123
full_screened,All combined records evaluated by the deterministic screen,5. CardPro,889,mule_recruitment,Mule recruitment or account-holder solicitation,telegram_off_platform,Telegram or private-channel coordination reference,6,2,54,827,0.096774,11.1125,7,-1,0.083333,0.013441,9.295393,1.817107
full_screened,All combined records evaluated by the deterministic screen,5. CardPro,889,mule_recruitment,Mule recruitment or account-holder solicitation,tutorial_training_recruitment,"Tutorial, guide, or training content",4,4,97,784,0.038095,4.40099,5,-1,0.046296,-0.008201,5.235043,-0.834053
full_screened,All combined records evaluated by the deterministic screen,5. CardPro,889,telegram_off_platform,Telegram or private-channel coordination reference,tutorial_training_recruitment,"Tutorial, guide, or training content",27,33,74,755,0.201493,3.960891,29,-2,0.184713,0.01678,3.332552,0.628339
full_screened,All combined records evaluated by the deterministic screen,6. The X Wave Market,890,bank_drop_sale,Bank drop sale or bank-drop infrastructure,bank_log_sale,Compromised bank log sale or discussion,73,34,100,683,0.352657,3.509805,76,-3,0.348624,0.004033,3.607129,-0.097324
full_screened,All combined records evaluated by the deterministic screen,6. The X Wave Market,890,bank_drop_sale,Bank drop sale or bank-drop infrastructure,cashout_laundering_service,Cash-out or laundering service,27,80,81,702,0.143617,2.079439,31,-4,0.152709,-0.009092,2.219462,-0.140023
full_screened,All combined records evaluated by the deterministic screen,6. The X Wave Market,890,bank_drop_sale,Bank drop sale or bank-drop infrastructure,crypto_payment_or_conversion,Cryptocurrency payment or conversion reference,33,74,83,700,0.173684,2.366258,38,-5,0.186275,-0.012591,2.547893,-0.181635
full_screened,All combined records evaluated by the deterministic screen,6. The X Wave Market,890,bank_drop_sale,Bank drop sale or bank-drop infrastructure,email_access_takeover,Email-access-enabled account takeover,25,82,34,749,0.177305,3.524473,28,-3,0.186667,-0.009362,3.81535,-0.290877
full_screened,All combined records evaluated by the deterministic screen,6. The X Wave Market,890,bank_drop_sale,Bank drop sale or bank-drop infrastructure,escrow_trust_reputation,"Escrow, trust, reputation, or scam-risk discourse",24,83,56,727,0.147239,2.495327,33,-9,0.161765,-0.014526,2.304075,0.191252
full_screened,All combined records evaluated by the deterministic screen,6. The X Wave Market,890,bank_drop_sale,Bank drop sale or bank-drop infrastructure,fullz_identity_package,Fullz or identity package,53,54,51,732,0.335443,4.238857,60,-7,0.333333,0.00211,4.087875,0.150982
full_screened,All combined records evaluated by the deterministic screen,6. The X Wave Market,890,bank_drop_sale,Bank drop sale or bank-drop infrastructure,jurisdiction_localisation,Jurisdiction-specific bank or account reference,58,49,53,730,0.3625,4.346215,62,-4,0.362573,-7.3e-05,4.476864,-0.130649
full_screened,All combined records evaluated by the deterministic screen,6. The X Wave Market,890,bank_drop_sale,Bank drop sale or bank-drop infrastructure,mule_recruitment,Mule recruitment or account-holder solicitation,4,103,5,778,0.035714,3.696781,4,0,0.033058,0.002656,3.754789,-0.058008
full_screened,All combined records evaluated by the deterministic screen,6. The X Wave Market,890,bank_drop_sale,Bank drop sale or bank-drop infrastructure,telegram_off_platform,Telegram or private-channel coordination reference,13,94,69,714,0.073864,1.318669,13,0,0.07027,0.003594,1.339361,-0.020692
full_screened,All combined records evaluated by the deterministic screen,6. The X Wave Market,890,bank_drop_sale,Bank drop sale or bank-drop infrastructure,tutorial_training_recruitment,"Tutorial, guide, or training content",35,72,59,724,0.210843,3.097037,38,-3,0.208791,0.002052,3.08687,0.010167
full_screened,All combined records evaluated by the deterministic screen,6. The X Wave Market,890,bank_log_sale,Compromised bank log sale or discussion,cashout_laundering_service,Cash-out or laundering service,64,109,44,673,0.294931,3.048598,66,-2,0.286957,0.007974,3.079413,-0.030815
full_screened,All combined records evaluated by the deterministic screen,6. The X Wave Market,890,bank_log_sale,Compromised bank log sale or discussion,crypto_payment_or_conversion,Cryptocurrency payment or conversion reference,74,99,42,675,0.344186,3.281842,77,-3,0.339207,0.004979,3.364544,-0.082702
full_screened,All combined records evaluated by the deterministic screen,6. The X Wave Market,890,bank_log_sale,Compromised bank log sale or discussion,email_access_takeover,Email-access-enabled account takeover,51,122,8,709,0.281768,4.446948,53,-2,0.283422,-0.001654,4.706415,-0.259467
full_screened,All combined records evaluated by the deterministic screen,6. The X Wave Market,890,bank_log_sale,Compromised bank log sale or discussion,escrow_trust_reputation,"Escrow, trust, reputation, or scam-risk discourse",43,130,37,680,0.204762,2.765173,48,-5,0.191235,0.013527,2.184047,0.581126
full_screened,All combined records evaluated by the deterministic screen,6. The X Wave Market,890,bank_log_sale,Compromised bank log sale or discussion,fullz_identity_package,Fullz or identity package,56,117,48,669,0.253394,2.77012,60,-4,0.247934,0.00546,2.664009,0.106111
full_screened,All combined records evaluated by the deterministic screen,6. The X Wave Market,890,bank_log_sale,Compromised bank log sale or discussion,jurisdiction_localisation,Jurisdiction-specific bank or account reference,69,104,42,675,0.32093,3.197938,74,-5,0.334842,-0.013912,3.482186,-0.284248
full_screened,All combined records evaluated by the deterministic screen,6. The X Wave Market,890,bank_log_sale,Compromised bank log sale or discussion,mule_recruitment,Mule recruitment or account-holder solicitation,7,166,2,715,0.04,4.001285,7,0,0.038889,0.001111,4.282147,-0.280862
full_screened,All combined records evaluated by the deterministic screen,6. The X Wave Market,890,bank_log_sale,Compromised bank log sale or discussion,telegram_off_platform,Telegram or private-channel coordination reference,24,149,58,659,0.103896,1.50571,24,0,0.101695,0.002201,1.6114,-0.10569
full_screened,All combined records evaluated by the deterministic screen,6. The X Wave Market,890,bank_log_sale,Compromised bank log sale or discussion,tutorial_training_recruitment,"Tutorial, guide, or training content",61,112,33,684,0.296117,3.338458,62,-1,0.281818,0.014299,3.282195,0.056263
full_screened,All combined records evaluated by the deterministic screen,6. The X Wave Market,890,cashout_laundering_service,Cash-out or laundering service,crypto_payment_or_conversion,Cryptocurrency payment or conversion reference,53,55,63,719,0.309942,3.765166,59,-6,0.318919,-0.008977,3.888889,-0.123723
full_screened,All combined records evaluated by the deterministic screen,6. The X Wave Market,890,cashout_laundering_service,Cash-out or laundering service,email_access_takeover,Email-access-enabled account takeover,12,96,47,735,0.077419,1.676083,15,-3,0.090909,-0.01349,2.009295,-0.333212
full_screened,All combined records evaluated by the deterministic screen,6. The X Wave Market,890,cashout_laundering_service,Cash-out or laundering service,escrow_trust_reputation,"Escrow, trust, reputation, or scam-risk discourse",22,86,58,724,0.13253,2.266204,32,-10,0.154589,-0.022059,2.196386,0.069818
full_screened,All combined records evaluated by the deterministic screen,6. The X Wave Market,890,cashout_laundering_service,Cash-out or laundering service,fullz_identity_package,Fullz or identity package,26,82,78,704,0.139785,2.060185,34,-8,0.163462,-0.023677,2.277201,-0.217016
full_screened,All combined records evaluated by the deterministic screen,6. The X Wave Market,890,cashout_laundering_service,Cash-out or laundering service,jurisdiction_localisation,Jurisdiction-specific bank or account reference,30,78,81,701,0.15873,2.227227,33,-3,0.163366,-0.004636,2.34246,-0.115233
full_screened,All combined records evaluated by the deterministic screen,6. The X Wave Market,890,cashout_laundering_service,Cash-out or laundering service,mule_recruitment,Mule recruitment or account-holder solicitation,7,101,2,780,0.063636,6.409465,7,0,0.058333,0.005303,6.45951,-0.050045
full_screened,All combined records evaluated by the deterministic screen,6. The X Wave Market,890,cashout_laundering_service,Cash-out or laundering service,telegram_off_platform,Telegram or private-channel coordination reference,39,69,43,739,0.258278,3.919377,39,0,0.242236,0.016042,3.949979,-0.030602
full_screened,All combined records evaluated by the deterministic screen,6. The X Wave Market,890,cashout_laundering_service,Cash-out or laundering service,tutorial_training_recruitment,"Tutorial, guide, or training content",40,68,54,728,0.246914,3.506698,46,-6,0.261364,-0.01445,3.673403,-0.166705
full_screened,All combined records evaluated by the deterministic screen,6. The X Wave Market,890,crypto_payment_or_conversion,Cryptocurrency payment or conversion reference,email_access_takeover,Email-access-enabled account takeover,14,102,45,729,0.086957,1.820573,17,-3,0.099415,-0.012458,2.132616,-0.312043
full_screened,All combined records evaluated by the deterministic screen,6. The X Wave Market,890,crypto_payment_or_conversion,Cryptocurrency payment or conversion reference,escrow_trust_reputation,"Escrow, trust, reputation, or scam-risk discourse",43,73,37,737,0.281046,4.123922,52,-9,0.266667,0.014379,3.342516,0.781406
full_screened,All combined records evaluated by the deterministic screen,6. The X Wave Market,890,crypto_payment_or_conversion,Cryptocurrency payment or conversion reference,fullz_identity_package,Fullz or identity package,38,78,66,708,0.208791,2.803382,44,-6,0.213592,-0.004801,2.759857,0.043525
full_screened,All combined records evaluated by the deterministic screen,6. The X Wave Market,890,crypto_payment_or_conversion,Cryptocurrency payment or conversion reference,jurisdiction_localisation,Jurisdiction-specific bank or account reference,31,85,80,694,0.158163,2.142746,35,-4,0.168269,-0.010106,2.326686,-0.18394
full_screened,All combined records evaluated by the deterministic screen,6. The X Wave Market,890,crypto_payment_or_conversion,Cryptocurrency payment or conversion reference,mule_recruitment,Mule recruitment or account-holder solicitation,7,109,2,772,0.059322,5.967433,7,0,0.054688,0.004634,6.049383,-0.08195
full_screened,All combined records evaluated by the deterministic screen,6. The X Wave Market,890,crypto_payment_or_conversion,Cryptocurrency payment or conversion reference,telegram_off_platform,Telegram or private-channel coordination reference,34,82,48,726,0.207317,3.181245,34,0,0.195402,0.011915,3.224932,-0.043687
full_screened,All combined records evaluated by the deterministic screen,6. The X Wave Market,890,crypto_payment_or_conversion,Cryptocurrency payment or conversion reference,tutorial_training_recruitment,"Tutorial, guide, or training content",40,76,54,720,0.235294,3.264857,44,-4,0.236559,-0.001265,3.290598,-0.025741
full_screened,All combined records evaluated by the deterministic screen,6. The X Wave Market,890,email_access_takeover,Email-access-enabled account takeover,escrow_trust_reputation,"Escrow, trust, reputation, or scam-risk discourse",10,49,70,761,0.077519,1.885593,13,-3,0.076471,0.001048,1.698214,0.187379
full_screened,All combined records evaluated by the deterministic screen,6. The X Wave Market,890,email_access_takeover,Email-access-enabled account takeover,fullz_identity_package,Fullz or identity package,21,38,83,748,0.147887,3.045958,24,-3,0.148148,-0.000261,3.059313,-0.013355
full_screened,All combined records evaluated by the deterministic screen,6. The X Wave Market,890,email_access_takeover,Email-access-enabled account takeover,jurisdiction_localisation,Jurisdiction-specific bank or account reference,38,21,73,758,0.287879,5.164147,40,-2,0.28777,0.000109,5.403915,-0.239768
full_screened,All combined records evaluated by the deterministic screen,6. The X Wave Market,890,email_access_takeover,Email-access-enabled account takeover,mule_recruitment,Mule recruitment or account-holder solicitation,0,59,9,822,0.0,0.0,0,0,0.0,0.0,0.0,0.0
full_screened,All combined records evaluated by the deterministic screen,6. The X Wave Market,890,email_access_takeover,Email-access-enabled account takeover,telegram_off_platform,Telegram or private-channel coordination reference,10,49,72,759,0.076336,1.839603,10,0,0.074627,0.001709,1.927616,-0.088013
full_screened,All combined records evaluated by the deterministic screen,6. The X Wave Market,890,email_access_takeover,Email-access-enabled account takeover,tutorial_training_recruitment,"Tutorial, guide, or training content",20,39,74,757,0.150376,3.20952,20,0,0.136986,0.01339,3.039702,0.169818
full_screened,All combined records evaluated by the deterministic screen,6. The X Wave Market,890,escrow_trust_reputation,"Escrow, trust, reputation, or scam-risk discourse",fullz_identity_package,Fullz or identity package,14,66,90,720,0.082353,1.497596,34,-20,0.161137,-0.078784,2.220741,-0.723145
full_screened,All combined records evaluated by the deterministic screen,6. The X Wave Market,890,escrow_trust_reputation,"Escrow, trust, reputation, or scam-risk discourse",jurisdiction_localisation,Jurisdiction-specific bank or account reference,28,52,83,727,0.171779,2.806306,34,-6,0.166667,0.005112,2.353606,0.4527
full_screened,All combined records evaluated by the deterministic screen,6. The X Wave Market,890,escrow_trust_reputation,"Escrow, trust, reputation, or scam-risk discourse",mule_recruitment,Mule recruitment or account-holder solicitation,5,75,4,806,0.059524,6.180556,5,0,0.04,0.019524,4.499541,1.681015
full_screened,All combined records evaluated by the deterministic screen,6. The X Wave Market,890,escrow_trust_reputation,"Escrow, trust, reputation, or scam-risk discourse",telegram_off_platform,Telegram or private-channel coordination reference,26,54,56,754,0.191176,3.527439,26,0,0.146893,0.044283,2.568031,0.959408
full_screened,All combined records evaluated by the deterministic screen,6. The X Wave Market,890,escrow_trust_reputation,"Escrow, trust, reputation, or scam-risk discourse",tutorial_training_recruitment,"Tutorial, guide, or training content",27,53,67,743,0.183673,3.195479,37,-10,0.196809,-0.013136,2.881437,0.314042
full_screened,All combined records evaluated by the deterministic screen,6. The X Wave Market,890,fullz_identity_package,Fullz or identity package,jurisdiction_localisation,Jurisdiction-specific bank or account reference,39,65,72,714,0.221591,3.006757,44,-5,0.22335,-0.001759,2.972153,0.034604
full_screened,All combined records evaluated by the deterministic screen,6. The X Wave Market,890,fullz_identity_package,Fullz or identity package,mule_recruitment,Mule recruitment or account-holder solicitation,4,100,5,781,0.036697,3.803419,4,0,0.031008,0.005689,3.512545,0.290874
full_screened,All combined records evaluated by the deterministic screen,6. The X Wave Market,890,fullz_identity_package,Fullz or identity package,telegram_off_platform,Telegram or private-channel coordination reference,30,74,52,734,0.192308,3.130863,30,0,0.170455,0.021853,2.891424,0.239439
full_screened,All combined records evaluated by the deterministic screen,6. The X Wave Market,890,fullz_identity_package,Fullz or identity package,tutorial_training_recruitment,"Tutorial, guide, or training content",33,71,61,725,0.2,3.004296,40,-7,0.212766,-0.012766,3.039702,-0.035406
full_screened,All combined records evaluated by the deterministic screen,6. The X Wave Market,890,jurisdiction_localisation,Jurisdiction-specific bank or account reference,mule_recruitment,Mule recruitment or account-holder solicitation,4,107,5,774,0.034483,3.563564,4,0,0.032787,0.001696,3.722697,-0.159133
full_screened,All combined records evaluated by the deterministic screen,6. The X Wave Market,890,jurisdiction_localisation,Jurisdiction-specific bank or account reference,telegram_off_platform,Telegram or private-channel coordination reference,18,93,64,715,0.102857,1.760053,18,0,0.099448,0.003409,1.838649,-0.078596
full_screened,All combined records evaluated by the deterministic screen,6. The X Wave Market,890,jurisdiction_localisation,Jurisdiction-specific bank or account reference,tutorial_training_recruitment,"Tutorial, guide, or training content",28,83,66,713,0.158192,2.388346,30,-2,0.157068,0.001124,2.416174,-0.027828
full_screened,All combined records evaluated by the deterministic screen,6. The X Wave Market,890,mule_recruitment,Mule recruitment or account-holder solicitation,telegram_off_platform,Telegram or private-channel coordination reference,7,2,75,806,0.083333,8.441734,7,0,0.083333,0.0,9.295393,-0.853659
full_screened,All combined records evaluated by the deterministic screen,6. The X Wave Market,890,mule_recruitment,Mule recruitment or account-holder solicitation,tutorial_training_recruitment,"Tutorial, guide, or training content",5,4,89,792,0.05102,5.260047,5,0,0.046296,0.004724,5.235043,0.025004
full_screened,All combined records evaluated by the deterministic screen,6. The X Wave Market,890,telegram_off_platform,Telegram or private-channel coordination reference,tutorial_training_recruitment,"Tutorial, guide, or training content",29,53,65,743,0.197279,3.348469,29,0,0.184713,0.012566,3.332552,0.015917
full_screened,All combined records evaluated by the deterministic screen,7. Meta Banklogs,888,bank_drop_sale,Bank drop sale or bank-drop infrastructure,bank_log_sale,Compromised bank log sale or discussion,66,36,83,703,0.356757,3.856297,76,-10,0.348624,0.008133,3.607129,0.249168
full_screened,All combined records evaluated by the deterministic screen,7. Meta Banklogs,888,bank_drop_sale,Bank drop sale or bank-drop infrastructure,cashout_laundering_service,Cash-out or laundering service,28,74,86,700,0.148936,2.138287,31,-3,0.152709,-0.003773,2.219462,-0.081175
full_screened,All combined records evaluated by the deterministic screen,7. Meta Banklogs,888,bank_drop_sale,Bank drop sale or bank-drop infrastructure,crypto_payment_or_conversion,Cryptocurrency payment or conversion reference,35,67,85,701,0.187166,2.539216,38,-3,0.186275,0.000891,2.547893,-0.008677
full_screened,All combined records evaluated by the deterministic screen,7. Meta Banklogs,888,bank_drop_sale,Bank drop sale or bank-drop infrastructure,email_access_takeover,Email-access-enabled account takeover,21,81,20,766,0.172131,4.45911,28,-7,0.186667,-0.014536,3.81535,0.64376
full_screened,All combined records evaluated by the deterministic screen,7. Meta Banklogs,888,bank_drop_sale,Bank drop sale or bank-drop infrastructure,escrow_trust_reputation,"Escrow, trust, reputation, or scam-risk discourse",33,69,87,699,0.174603,2.394118,33,0,0.161765,0.012838,2.304075,0.090043
full_screened,All combined records evaluated by the deterministic screen,7. Meta Banklogs,888,bank_drop_sale,Bank drop sale or bank-drop infrastructure,fullz_identity_package,Fullz or identity package,51,51,61,725,0.312883,3.964286,60,-9,0.333333,-0.02045,4.087875,-0.123589
full_screened,All combined records evaluated by the deterministic screen,7. Meta Banklogs,888,bank_drop_sale,Bank drop sale or bank-drop infrastructure,jurisdiction_localisation,Jurisdiction-specific bank or account reference,48,54,33,753,0.355556,5.159041,62,-14,0.362573,-0.007017,4.476864,0.682177
full_screened,All combined records evaluated by the deterministic screen,7. Meta Banklogs,888,bank_drop_sale,Bank drop sale or bank-drop infrastructure,mule_recruitment,Mule recruitment or account-holder solicitation,4,98,5,781,0.037383,3.869281,4,0,0.033058,0.004325,3.754789,0.114492
full_screened,All combined records evaluated by the deterministic screen,7. Meta Banklogs,888,bank_drop_sale,Bank drop sale or bank-drop infrastructure,telegram_off_platform,Telegram or private-channel coordination reference,11,91,69,717,0.064327,1.197059,13,-2,0.07027,-0.005943,1.339361,-0.142302
full_screened,All combined records evaluated by the deterministic screen,7. Meta Banklogs,888,bank_drop_sale,Bank drop sale or bank-drop infrastructure,tutorial_training_recruitment,"Tutorial, guide, or training content",34,68,64,722,0.204819,3.020408,38,-4,0.208791,-0.003972,3.08687,-0.066462
full_screened,All combined records evaluated by the deterministic screen,7. Meta Banklogs,888,bank_log_sale,Compromised bank log sale or discussion,cashout_laundering_service,Cash-out or laundering service,63,86,51,688,0.315,3.293536,66,-3,0.286957,0.028043,3.079413,0.214123
full_screened,All combined records evaluated by the deterministic screen,7. Meta Banklogs,888,bank_log_sale,Compromised bank log sale or discussion,crypto_payment_or_conversion,Cryptocurrency payment or conversion reference,72,77,48,691,0.365482,3.575839,77,-5,0.339207,0.026275,3.364544,0.211295
full_screened,All combined records evaluated by the deterministic screen,7. Meta Banklogs,888,bank_log_sale,Compromised bank log sale or discussion,email_access_takeover,Email-access-enabled account takeover,34,115,7,732,0.217949,4.942216,53,-19,0.283422,-0.065473,4.706415,0.235801
full_screened,All combined records evaluated by the deterministic screen,7. Meta Banklogs,888,bank_log_sale,Compromised bank log sale or discussion,escrow_trust_reputation,"Escrow, trust, reputation, or scam-risk discourse",48,101,72,667,0.217195,2.383893,48,0,0.191235,0.02596,2.184047,0.199846
full_screened,All combined records evaluated by the deterministic screen,7. Meta Banklogs,888,bank_log_sale,Compromised bank log sale or discussion,fullz_identity_package,Fullz or identity package,52,97,60,679,0.248804,2.767018,60,-8,0.247934,0.00087,2.664009,0.103009
full_screened,All combined records evaluated by the deterministic screen,7. Meta Banklogs,888,bank_log_sale,Compromised bank log sale or discussion,jurisdiction_localisation,Jurisdiction-specific bank or account reference,45,104,36,703,0.243243,3.310962,74,-29,0.334842,-0.091599,3.482186,-0.171224
full_screened,All combined records evaluated by the deterministic screen,7. Meta Banklogs,888,bank_log_sale,Compromised bank log sale or discussion,mule_recruitment,Mule recruitment or account-holder solicitation,7,142,2,737,0.046358,4.635347,7,0,0.038889,0.007469,4.282147,0.3532
full_screened,All combined records evaluated by the deterministic screen,7. Meta Banklogs,888,bank_log_sale,Compromised bank log sale or discussion,telegram_off_platform,Telegram or private-channel coordination reference,24,125,56,683,0.117073,1.787919,24,0,0.101695,0.015378,1.6114,0.176519
full_screened,All combined records evaluated by the deterministic screen,7. Meta Banklogs,888,bank_log_sale,Compromised bank log sale or discussion,tutorial_training_recruitment,"Tutorial, guide, or training content",58,91,40,699,0.306878,3.527188,62,-4,0.281818,0.02506,3.282195,0.244993
full_screened,All combined records evaluated by the deterministic screen,7. Meta Banklogs,888,cashout_laundering_service,Cash-out or laundering service,crypto_payment_or_conversion,Cryptocurrency payment or conversion reference,58,56,62,712,0.329545,3.764912,59,-1,0.318919,0.010626,3.888889,-0.123977
full_screened,All combined records evaluated by the deterministic screen,7. Meta Banklogs,888,cashout_laundering_service,Cash-out or laundering service,email_access_takeover,Email-access-enabled account takeover,13,101,28,746,0.091549,2.469833,15,-2,0.090909,0.00064,2.009295,0.460538
full_screened,All combined records evaluated by the deterministic screen,7. Meta Banklogs,888,cashout_laundering_service,Cash-out or laundering service,escrow_trust_reputation,"Escrow, trust, reputation, or scam-risk discourse",32,82,88,686,0.158416,2.077193,32,0,0.154589,0.003827,2.196386,-0.119193
full_screened,All combined records evaluated by the deterministic screen,7. Meta Banklogs,888,cashout_laundering_service,Cash-out or laundering service,fullz_identity_package,Fullz or identity package,32,82,80,694,0.164948,2.225564,34,-2,0.163462,0.001486,2.277201,-0.051637
full_screened,All combined records evaluated by the deterministic screen,7. Meta Banklogs,888,cashout_laundering_service,Cash-out or laundering service,jurisdiction_localisation,Jurisdiction-specific bank or account reference,29,85,52,722,0.174699,2.788824,33,-4,0.163366,0.011333,2.34246,0.446364
full_screened,All combined records evaluated by the deterministic screen,7. Meta Banklogs,888,cashout_laundering_service,Cash-out or laundering service,mule_recruitment,Mule recruitment or account-holder solicitation,7,107,2,772,0.060345,6.05848,7,0,0.058333,0.002012,6.45951,-0.40103
full_screened,All combined records evaluated by the deterministic screen,7. Meta Banklogs,888,cashout_laundering_service,Cash-out or laundering service,telegram_off_platform,Telegram or private-channel coordination reference,39,75,41,733,0.251613,3.797368,39,0,0.242236,0.009377,3.949979,-0.152611
full_screened,All combined records evaluated by the deterministic screen,7. Meta Banklogs,888,cashout_laundering_service,Cash-out or laundering service,tutorial_training_recruitment,"Tutorial, guide, or training content",43,71,55,719,0.254438,3.41783,46,-3,0.261364,-0.006926,3.673403,-0.255573
full_screened,All combined records evaluated by the deterministic screen,7. Meta Banklogs,888,crypto_payment_or_conversion,Cryptocurrency payment or conversion reference,email_access_takeover,Email-access-enabled account takeover,15,105,26,742,0.10274,2.707317,17,-2,0.099415,0.003325,2.132616,0.574701
full_screened,All combined records evaluated by the deterministic screen,7. Meta Banklogs,888,crypto_payment_or_conversion,Cryptocurrency payment or conversion reference,escrow_trust_reputation,"Escrow, trust, reputation, or scam-risk discourse",51,69,69,699,0.269841,3.145,52,-1,0.266667,0.003174,3.342516,-0.197516
full_screened,All combined records evaluated by the deterministic screen,7. Meta Banklogs,888,crypto_payment_or_conversion,Cryptocurrency payment or conversion reference,fullz_identity_package,Fullz or identity package,42,78,70,698,0.221053,2.775,44,-2,0.213592,0.007461,2.759857,0.015143
full_screened,All combined records evaluated by the deterministic screen,7. Meta Banklogs,888,crypto_payment_or_conversion,Cryptocurrency payment or conversion reference,jurisdiction_localisation,Jurisdiction-specific bank or account reference,30,90,51,717,0.175439,2.740741,35,-5,0.168269,0.00717,2.326686,0.414055
full_screened,All combined records evaluated by the deterministic screen,7. Meta Banklogs,888,crypto_payment_or_conversion,Cryptocurrency payment or conversion reference,mule_recruitment,Mule recruitment or account-holder solicitation,7,113,2,766,0.057377,5.755556,7,0,0.054688,0.002689,6.049383,-0.293827
full_screened,All combined records evaluated by the deterministic screen,7. Meta Banklogs,888,crypto_payment_or_conversion,Cryptocurrency payment or conversion reference,telegram_off_platform,Telegram or private-channel coordination reference,34,86,46,722,0.204819,3.145,34,0,0.195402,0.009417,3.224932,-0.079932
full_screened,All combined records evaluated by the deterministic screen,7. Meta Banklogs,888,crypto_payment_or_conversion,Cryptocurrency payment or conversion reference,tutorial_training_recruitment,"Tutorial, guide, or training content",43,77,55,713,0.245714,3.246939,44,-1,0.236559,0.009155,3.290598,-0.043659
full_screened,All combined records evaluated by the deterministic screen,7. Meta Banklogs,888,email_access_takeover,Email-access-enabled account takeover,escrow_trust_reputation,"Escrow, trust, reputation, or scam-risk discourse",13,28,107,740,0.087838,2.346341,13,0,0.076471,0.011367,1.698214,0.648127
full_screened,All combined records evaluated by the deterministic screen,7. Meta Banklogs,888,email_access_takeover,Email-access-enabled account takeover,fullz_identity_package,Fullz or identity package,20,21,92,755,0.150376,3.867596,24,-4,0.148148,0.002228,3.059313,0.808283
full_screened,All combined records evaluated by the deterministic screen,7. Meta Banklogs,888,email_access_takeover,Email-access-enabled account takeover,jurisdiction_localisation,Jurisdiction-specific bank or account reference,19,22,62,785,0.184466,5.080397,40,-21,0.28777,-0.103304,5.403915,-0.323518
full_screened,All combined records evaluated by the deterministic screen,7. Meta Banklogs,888,email_access_takeover,Email-access-enabled account takeover,mule_recruitment,Mule recruitment or account-holder solicitation,0,41,9,838,0.0,0.0,0,0,0.0,0.0,0.0,0.0
full_screened,All combined records evaluated by the deterministic screen,7. Meta Banklogs,888,email_access_takeover,Email-access-enabled account takeover,telegram_off_platform,Telegram or private-channel coordination reference,9,32,71,776,0.080357,2.436585,10,-1,0.074627,0.00573,1.927616,0.508969
full_screened,All combined records evaluated by the deterministic screen,7. Meta Banklogs,888,email_access_takeover,Email-access-enabled account takeover,tutorial_training_recruitment,"Tutorial, guide, or training content",16,25,82,765,0.130081,3.536088,20,-4,0.136986,-0.006905,3.039702,0.496386
full_screened,All combined records evaluated by the deterministic screen,7. Meta Banklogs,888,escrow_trust_reputation,"Escrow, trust, reputation, or scam-risk discourse",fullz_identity_package,Fullz or identity package,34,86,78,690,0.171717,2.246429,34,0,0.161137,0.01058,2.220741,0.025688
full_screened,All combined records evaluated by the deterministic screen,7. Meta Banklogs,888,escrow_trust_reputation,"Escrow, trust, reputation, or scam-risk discourse",jurisdiction_localisation,Jurisdiction-specific bank or account reference,34,86,47,721,0.203593,3.106173,34,0,0.166667,0.036926,2.353606,0.752567
full_screened,All combined records evaluated by the deterministic screen,7. Meta Banklogs,888,escrow_trust_reputation,"Escrow, trust, reputation, or scam-risk discourse",mule_recruitment,Mule recruitment or account-holder solicitation,5,115,4,764,0.040323,4.111111,5,0,0.04,0.000323,4.499541,-0.38843
full_screened,All combined records evaluated by the deterministic screen,7. Meta Banklogs,888,escrow_trust_reputation,"Escrow, trust, reputation, or scam-risk discourse",telegram_off_platform,Telegram or private-channel coordination reference,26,94,54,714,0.149425,2.405,26,0,0.146893,0.002532,2.568031,-0.163031
full_screened,All combined records evaluated by the deterministic screen,7. Meta Banklogs,888,escrow_trust_reputation,"Escrow, trust, reputation, or scam-risk discourse",tutorial_training_recruitment,"Tutorial, guide, or training content",37,83,61,707,0.20442,2.793878,37,0,0.196809,0.007611,2.881437,-0.087559
full_screened,All combined records evaluated by the deterministic screen,7. Meta Banklogs,888,fullz_identity_package,Fullz or identity package,jurisdiction_localisation,Jurisdiction-specific bank or account reference,32,80,49,727,0.198758,3.132275,44,-12,0.22335,-0.024592,2.972153,0.160122
full_screened,All combined records evaluated by the deterministic screen,7. Meta Banklogs,888,fullz_identity_package,Fullz or identity package,mule_recruitment,Mule recruitment or account-holder solicitation,4,108,5,771,0.034188,3.52381,4,0,0.031008,0.00318,3.512545,0.011265
full_screened,All combined records evaluated by the deterministic screen,7. Meta Banklogs,888,fullz_identity_package,Fullz or identity package,telegram_off_platform,Telegram or private-channel coordination reference,29,83,51,725,0.177914,2.874107,30,-1,0.170455,0.007459,2.891424,-0.017317
full_screened,All combined records evaluated by the deterministic screen,7. Meta Banklogs,888,fullz_identity_package,Fullz or identity package,tutorial_training_recruitment,"Tutorial, guide, or training content",37,75,61,715,0.213873,2.99344,40,-3,0.212766,0.001107,3.039702,-0.046262
full_screened,All combined records evaluated by the deterministic screen,7. Meta Banklogs,888,jurisdiction_localisation,Jurisdiction-specific bank or account reference,mule_recruitment,Mule recruitment or account-holder solicitation,4,77,5,802,0.046512,4.872428,4,0,0.032787,0.013725,3.722697,1.149731
full_screened,All combined records evaluated by the deterministic screen,7. Meta Banklogs,888,jurisdiction_localisation,Jurisdiction-specific bank or account reference,telegram_off_platform,Telegram or private-channel coordination reference,16,65,64,743,0.110345,2.192593,18,-2,0.099448,0.010897,1.838649,0.353944
full_screened,All combined records evaluated by the deterministic screen,7. Meta Banklogs,888,jurisdiction_localisation,Jurisdiction-specific bank or account reference,tutorial_training_recruitment,"Tutorial, guide, or training content",24,57,74,733,0.154839,2.684807,30,-6,0.157068,-0.002229,2.416174,0.268633
full_screened,All combined records evaluated by the deterministic screen,7. Meta Banklogs,888,mule_recruitment,Mule recruitment or account-holder solicitation,telegram_off_platform,Telegram or private-channel coordination reference,7,2,73,806,0.085366,8.633333,7,0,0.083333,0.002033,9.295393,-0.66206
full_screened,All combined records evaluated by the deterministic screen,7. Meta Banklogs,888,mule_recruitment,Mule recruitment or account-holder solicitation,tutorial_training_recruitment,"Tutorial, guide, or training content",5,4,93,786,0.04902,5.034014,5,0,0.046296,0.002724,5.235043,-0.201029
full_screened,All combined records evaluated by the deterministic screen,7. Meta Banklogs,888,telegram_off_platform,Telegram or private-channel coordination reference,tutorial_training_recruitment,"Tutorial, guide, or training content",29,51,69,739,0.194631,3.284694,29,0,0.184713,0.009918,3.332552,-0.047858
full_screened,All combined records evaluated by the deterministic screen,8. Secure ccSeller,886,bank_drop_sale,Bank drop sale or bank-drop infrastructure,bank_log_sale,Compromised bank log sale or discussion,75,40,99,672,0.350467,3.32084,76,-1,0.348624,0.001843,3.607129,-0.286289
full_screened,All combined records evaluated by the deterministic screen,8. Secure ccSeller,886,bank_drop_sale,Bank drop sale or bank-drop infrastructure,cashout_laundering_service,Cash-out or laundering service,31,84,87,684,0.153465,2.024024,31,0,0.152709,0.000756,2.219462,-0.195438
full_screened,All combined records evaluated by the deterministic screen,8. Secure ccSeller,886,bank_drop_sale,Bank drop sale or bank-drop infrastructure,crypto_payment_or_conversion,Cryptocurrency payment or conversion reference,38,77,87,684,0.188119,2.342122,38,0,0.186275,0.001844,2.547893,-0.205771
full_screened,All combined records evaluated by the deterministic screen,8. Secure ccSeller,886,bank_drop_sale,Bank drop sale or bank-drop infrastructure,email_access_takeover,Email-access-enabled account takeover,27,88,31,740,0.184932,3.586507,28,-1,0.186667,-0.001735,3.81535,-0.228843
full_screened,All combined records evaluated by the deterministic screen,8. Secure ccSeller,886,bank_drop_sale,Bank drop sale or bank-drop infrastructure,escrow_trust_reputation,"Escrow, trust, reputation, or scam-risk discourse",33,82,87,684,0.163366,2.118696,33,0,0.161765,0.001601,2.304075,-0.185379
full_screened,All combined records evaluated by the deterministic screen,8. Secure ccSeller,886,bank_drop_sale,Bank drop sale or bank-drop infrastructure,fullz_identity_package,Fullz or identity package,59,56,59,712,0.33908,3.852174,60,-1,0.333333,0.005747,4.087875,-0.235701
full_screened,All combined records evaluated by the deterministic screen,8. Secure ccSeller,886,bank_drop_sale,Bank drop sale or bank-drop infrastructure,jurisdiction_localisation,Jurisdiction-specific bank or account reference,61,54,51,720,0.36747,4.196118,62,-1,0.362573,0.004897,4.476864,-0.280746
full_screened,All combined records evaluated by the deterministic screen,8. Secure ccSeller,886,bank_drop_sale,Bank drop sale or bank-drop infrastructure,mule_recruitment,Mule recruitment or account-holder solicitation,4,111,5,766,0.033333,3.424155,4,0,0.033058,0.000275,3.754789,-0.330634
full_screened,All combined records evaluated by the deterministic screen,8. Secure ccSeller,886,bank_drop_sale,Bank drop sale or bank-drop infrastructure,telegram_off_platform,Telegram or private-channel coordination reference,13,102,69,702,0.070652,1.221421,13,0,0.07027,0.000382,1.339361,-0.11794
full_screened,All combined records evaluated by the deterministic screen,8. Secure ccSeller,886,bank_drop_sale,Bank drop sale or bank-drop infrastructure,tutorial_training_recruitment,"Tutorial, guide, or training content",37,78,63,708,0.207865,2.850609,38,-1,0.208791,-0.000926,3.08687,-0.236261
full_screened,All combined records evaluated by the deterministic screen,8. Secure ccSeller,886,bank_log_sale,Compromised bank log sale or discussion,cashout_laundering_service,Cash-out or laundering service,66,108,52,660,0.292035,2.848042,66,0,0.286957,0.005078,3.079413,-0.231371
full_screened,All combined records evaluated by the deterministic screen,8. Secure ccSeller,886,bank_log_sale,Compromised bank log sale or discussion,crypto_payment_or_conversion,Cryptocurrency payment or conversion reference,77,97,48,664,0.346847,3.136644,77,0,0.339207,0.00764,3.364544,-0.2279
full_screened,All combined records evaluated by the deterministic screen,8. Secure ccSeller,886,bank_log_sale,Compromised bank log sale or discussion,email_access_takeover,Email-access-enabled account takeover,51,123,7,705,0.281768,4.477408,53,-2,0.283422,-0.001654,4.706415,-0.229007
full_screened,All combined records evaluated by the deterministic screen,8. Secure ccSeller,886,bank_log_sale,Compromised bank log sale or discussion,escrow_trust_reputation,"Escrow, trust, reputation, or scam-risk discourse",48,126,72,640,0.195122,2.036782,48,0,0.191235,0.003887,2.184047,-0.147265
full_screened,All combined records evaluated by the deterministic screen,8. Secure ccSeller,886,bank_log_sale,Compromised bank log sale or discussion,fullz_identity_package,Fullz or identity package,57,117,61,651,0.242553,2.459673,60,-3,0.247934,-0.005381,2.664009,-0.204336
full_screened,All combined records evaluated by the deterministic screen,8. Secure ccSeller,886,bank_log_sale,Compromised bank log sale or discussion,jurisdiction_localisation,Jurisdiction-specific bank or account reference,71,103,41,671,0.330233,3.227935,74,-3,0.334842,-0.004609,3.482186,-0.254251
full_screened,All combined records evaluated by the deterministic screen,8. Secure ccSeller,886,bank_log_sale,Compromised bank log sale or discussion,mule_recruitment,Mule recruitment or account-holder solicitation,7,167,2,710,0.039773,3.960409,7,0,0.038889,0.000884,4.282147,-0.321738
full_screened,All combined records evaluated by the deterministic screen,8. Secure ccSeller,886,bank_log_sale,Compromised bank log sale or discussion,telegram_off_platform,Telegram or private-channel coordination reference,24,150,58,654,0.103448,1.490328,24,0,0.101695,0.001753,1.6114,-0.121072
full_screened,All combined records evaluated by the deterministic screen,8. Secure ccSeller,886,bank_log_sale,Compromised bank log sale or discussion,tutorial_training_recruitment,"Tutorial, guide, or training content",60,114,40,672,0.280374,3.055172,62,-2,0.281818,-0.001444,3.282195,-0.227023
full_screened,All combined records evaluated by the deterministic screen,8. Secure ccSeller,886,cashout_laundering_service,Cash-out or laundering service,crypto_payment_or_conversion,Cryptocurrency payment or conversion reference,59,59,66,702,0.320652,3.544,59,0,0.318919,0.001733,3.888889,-0.344889
full_screened,All combined records evaluated by the deterministic screen,8. Secure ccSeller,886,cashout_laundering_service,Cash-out or laundering service,email_access_takeover,Email-access-enabled account takeover,15,103,43,725,0.093168,1.941847,15,0,0.090909,0.002259,2.009295,-0.067448
full_screened,All combined records evaluated by the deterministic screen,8. Secure ccSeller,886,cashout_laundering_service,Cash-out or laundering service,escrow_trust_reputation,"Escrow, trust, reputation, or scam-risk discourse",32,86,88,680,0.15534,2.00226,32,0,0.154589,0.000751,2.196386,-0.194126
full_screened,All combined records evaluated by the deterministic screen,8. Secure ccSeller,886,cashout_laundering_service,Cash-out or laundering service,fullz_identity_package,Fullz or identity package,34,84,84,684,0.168317,2.163459,34,0,0.163462,0.004855,2.277201,-0.113742
full_screened,All combined records evaluated by the deterministic screen,8. Secure ccSeller,886,cashout_laundering_service,Cash-out or laundering service,jurisdiction_localisation,Jurisdiction-specific bank or account reference,33,85,79,689,0.167513,2.212318,33,0,0.163366,0.004147,2.34246,-0.130142
full_screened,All combined records evaluated by the deterministic screen,8. Secure ccSeller,886,cashout_laundering_service,Cash-out or laundering service,mule_recruitment,Mule recruitment or account-holder solicitation,7,111,2,766,0.058333,5.839925,7,0,0.058333,0.0,6.45951,-0.619585
full_screened,All combined records evaluated by the deterministic screen,8. Secure ccSeller,886,cashout_laundering_service,Cash-out or laundering service,telegram_off_platform,Telegram or private-channel coordination reference,39,79,43,725,0.242236,3.571104,39,0,0.242236,0.0,3.949979,-0.378875
full_screened,All combined records evaluated by the deterministic screen,8. Secure ccSeller,886,cashout_laundering_service,Cash-out or laundering service,tutorial_training_recruitment,"Tutorial, guide, or training content",46,72,54,714,0.267442,3.453898,46,0,0.261364,0.006078,3.673403,-0.219505
full_screened,All combined records evaluated by the deterministic screen,8. Secure ccSeller,886,crypto_payment_or_conversion,Cryptocurrency payment or conversion reference,email_access_takeover,Email-access-enabled account takeover,17,108,41,720,0.10241,2.077517,17,0,0.099415,0.002995,2.132616,-0.055099
full_screened,All combined records evaluated by the deterministic screen,8. Secure ccSeller,886,crypto_payment_or_conversion,Cryptocurrency payment or conversion reference,escrow_trust_reputation,"Escrow, trust, reputation, or scam-risk discourse",51,74,69,692,0.262887,3.0124,52,-1,0.266667,-0.00378,3.342516,-0.330116
full_screened,All combined records evaluated by the deterministic screen,8. Secure ccSeller,886,crypto_payment_or_conversion,Cryptocurrency payment or conversion reference,fullz_identity_package,Fullz or identity package,43,82,75,686,0.215,2.582915,44,-1,0.213592,0.001408,2.759857,-0.176942
full_screened,All combined records evaluated by the deterministic screen,8. Secure ccSeller,886,crypto_payment_or_conversion,Cryptocurrency payment or conversion reference,jurisdiction_localisation,Jurisdiction-specific bank or account reference,35,90,77,684,0.173267,2.215,35,0,0.168269,0.004998,2.326686,-0.111686
full_screened,All combined records evaluated by the deterministic screen,8. Secure ccSeller,886,crypto_payment_or_conversion,Cryptocurrency payment or conversion reference,mule_recruitment,Mule recruitment or account-holder solicitation,7,118,2,759,0.055118,5.512889,7,0,0.054688,0.00043,6.049383,-0.536494
full_screened,All combined records evaluated by the deterministic screen,8. Secure ccSeller,886,crypto_payment_or_conversion,Cryptocurrency payment or conversion reference,telegram_off_platform,Telegram or private-channel coordination reference,34,91,48,713,0.196532,2.938927,34,0,0.195402,0.00113,3.224932,-0.286005
full_screened,All combined records evaluated by the deterministic screen,8. Secure ccSeller,886,crypto_payment_or_conversion,Cryptocurrency payment or conversion reference,tutorial_training_recruitment,"Tutorial, guide, or training content",44,81,56,705,0.243094,3.11872,44,0,0.236559,0.006535,3.290598,-0.171878
full_screened,All combined records evaluated by the deterministic screen,8. Secure ccSeller,886,email_access_takeover,Email-access-enabled account takeover,escrow_trust_reputation,"Escrow, trust, reputation, or scam-risk discourse",13,45,107,721,0.078788,1.654885,13,0,0.076471,0.002317,1.698214,-0.043329
full_screened,All combined records evaluated by the deterministic screen,8. Secure ccSeller,886,email_access_takeover,Email-access-enabled account takeover,fullz_identity_package,Fullz or identity package,21,37,97,731,0.135484,2.718586,24,-3,0.148148,-0.012664,3.059313,-0.340727
full_screened,All combined records evaluated by the deterministic screen,8. Secure ccSeller,886,email_access_takeover,Email-access-enabled account takeover,jurisdiction_localisation,Jurisdiction-specific bank or account reference,36,22,76,752,0.268657,4.910099,40,-4,0.28777,-0.019113,5.403915,-0.493816
full_screened,All combined records evaluated by the deterministic screen,8. Secure ccSeller,886,email_access_takeover,Email-access-enabled account takeover,mule_recruitment,Mule recruitment or account-holder solicitation,0,58,9,819,0.0,0.0,0,0,0.0,0.0,0.0,0.0
full_screened,All combined records evaluated by the deterministic screen,8. Secure ccSeller,886,email_access_takeover,Email-access-enabled account takeover,telegram_off_platform,Telegram or private-channel coordination reference,10,48,72,756,0.076923,1.86291,10,0,0.074627,0.002296,1.927616,-0.064706
full_screened,All combined records evaluated by the deterministic screen,8. Secure ccSeller,886,email_access_takeover,Email-access-enabled account takeover,tutorial_training_recruitment,"Tutorial, guide, or training content",19,39,81,747,0.136691,2.902414,20,-1,0.136986,-0.000295,3.039702,-0.137288
full_screened,All combined records evaluated by the deterministic screen,8. Secure ccSeller,886,escrow_trust_reputation,"Escrow, trust, reputation, or scam-risk discourse",fullz_identity_package,Fullz or identity package,33,87,85,681,0.160976,2.064831,34,-1,0.161137,-0.000161,2.220741,-0.15591
full_screened,All combined records evaluated by the deterministic screen,8. Secure ccSeller,886,escrow_trust_reputation,"Escrow, trust, reputation, or scam-risk discourse",jurisdiction_localisation,Jurisdiction-specific bank or account reference,34,86,78,688,0.171717,2.241369,34,0,0.166667,0.00505,2.353606,-0.112237
full_screened,All combined records evaluated by the deterministic screen,8. Secure ccSeller,886,escrow_trust_reputation,"Escrow, trust, reputation, or scam-risk discourse",mule_recruitment,Mule recruitment or account-holder solicitation,5,115,4,762,0.040323,4.101852,5,0,0.04,0.000323,4.499541,-0.397689
full_screened,All combined records evaluated by the deterministic screen,8. Secure ccSeller,886,escrow_trust_reputation,"Escrow, trust, reputation, or scam-risk discourse",telegram_off_platform,Telegram or private-channel coordination reference,26,94,56,710,0.147727,2.341057,26,0,0.146893,0.000834,2.568031,-0.226974
full_screened,All combined records evaluated by the deterministic screen,8. Secure ccSeller,886,escrow_trust_reputation,"Escrow, trust, reputation, or scam-risk discourse",tutorial_training_recruitment,"Tutorial, guide, or training content",37,83,63,703,0.202186,2.731833,37,0,0.196809,0.005377,2.881437,-0.149604
full_screened,All combined records evaluated by the deterministic screen,8. Secure ccSeller,886,fullz_identity_package,Fullz or identity package,jurisdiction_localisation,Jurisdiction-specific bank or account reference,40,78,72,696,0.210526,2.681598,44,-4,0.22335,-0.012824,2.972153,-0.290555
full_screened,All combined records evaluated by the deterministic screen,8. Secure ccSeller,886,fullz_identity_package,Fullz or identity package,mule_recruitment,Mule recruitment or account-holder solicitation,4,114,5,763,0.03252,3.3371,4,0,0.031008,0.001512,3.512545,-0.175445
full_screened,All combined records evaluated by the deterministic screen,8. Secure ccSeller,886,fullz_identity_package,Fullz or identity package,telegram_off_platform,Telegram or private-channel coordination reference,30,88,52,716,0.176471,2.747003,30,0,0.170455,0.006016,2.891424,-0.144421
full_screened,All combined records evaluated by the deterministic screen,8. Secure ccSeller,886,fullz_identity_package,Fullz or identity package,tutorial_training_recruitment,"Tutorial, guide, or training content",39,79,61,707,0.217877,2.928305,40,-1,0.212766,0.005111,3.039702,-0.111397
full_screened,All combined records evaluated by the deterministic screen,8. Secure ccSeller,886,jurisdiction_localisation,Jurisdiction-specific bank or account reference,mule_recruitment,Mule recruitment or account-holder solicitation,4,108,5,769,0.034188,3.515873,4,0,0.032787,0.001401,3.722697,-0.206824
full_screened,All combined records evaluated by the deterministic screen,8. Secure ccSeller,886,jurisdiction_localisation,Jurisdiction-specific bank or account reference,telegram_off_platform,Telegram or private-channel coordination reference,18,94,64,710,0.102273,1.736498,18,0,0.099448,0.002825,1.838649,-0.102151
full_screened,All combined records evaluated by the deterministic screen,8. Secure ccSeller,886,jurisdiction_localisation,Jurisdiction-specific bank or account reference,tutorial_training_recruitment,"Tutorial, guide, or training content",29,83,71,703,0.15847,2.294107,30,-1,0.157068,0.001402,2.416174,-0.122067
full_screened,All combined records evaluated by the deterministic screen,8. Secure ccSeller,886,mule_recruitment,Mule recruitment or account-holder solicitation,telegram_off_platform,Telegram or private-channel coordination reference,7,2,75,802,0.083333,8.403794,7,0,0.083333,0.0,9.295393,-0.891599
full_screened,All combined records evaluated by the deterministic screen,8. Secure ccSeller,886,mule_recruitment,Mule recruitment or account-holder solicitation,tutorial_training_recruitment,"Tutorial, guide, or training content",5,4,95,782,0.048077,4.922222,5,0,0.046296,0.001781,5.235043,-0.312821
full_screened,All combined records evaluated by the deterministic screen,8. Secure ccSeller,886,telegram_off_platform,Telegram or private-channel coordination reference,tutorial_training_recruitment,"Tutorial, guide, or training content",29,53,71,733,0.189542,3.133415,29,0,0.184713,0.004829,3.332552,-0.199137
full_screened,All combined records evaluated by the deterministic screen,9. Deep Shop,933,bank_drop_sale,Bank drop sale or bank-drop infrastructure,bank_log_sale,Compromised bank log sale or discussion,76,40,87,730,0.374384,3.750159,76,0,0.348624,0.02576,3.607129,0.14303
full_screened,All combined records evaluated by the deterministic screen,9. Deep Shop,933,bank_drop_sale,Bank drop sale or bank-drop infrastructure,cashout_laundering_service,Cash-out or laundering service,31,85,83,734,0.155779,2.18716,31,0,0.152709,0.00307,2.219462,-0.032302
full_screened,All combined records evaluated by the deterministic screen,9. Deep Shop,933,bank_drop_sale,Bank drop sale or bank-drop infrastructure,crypto_payment_or_conversion,Cryptocurrency payment or conversion reference,38,78,78,739,0.195876,2.63481,38,0,0.186275,0.009601,2.547893,0.086917
full_screened,All combined records evaluated by the deterministic screen,9. Deep Shop,933,bank_drop_sale,Bank drop sale or bank-drop infrastructure,email_access_takeover,Email-access-enabled account takeover,28,88,32,785,0.189189,3.753448,28,0,0.186667,0.002522,3.81535,-0.061902
full_screened,All combined records evaluated by the deterministic screen,9. Deep Shop,933,bank_drop_sale,Bank drop sale or bank-drop infrastructure,escrow_trust_reputation,"Escrow, trust, reputation, or scam-risk discourse",33,83,81,736,0.167513,2.328267,33,0,0.161765,0.005748,2.304075,0.024192
full_screened,All combined records evaluated by the deterministic screen,9. Deep Shop,933,bank_drop_sale,Bank drop sale or bank-drop infrastructure,fullz_identity_package,Fullz or identity package,60,56,63,754,0.335196,3.923465,60,0,0.333333,0.001863,4.087875,-0.16441
full_screened,All combined records evaluated by the deterministic screen,9. Deep Shop,933,bank_drop_sale,Bank drop sale or bank-drop infrastructure,jurisdiction_localisation,Jurisdiction-specific bank or account reference,62,54,55,762,0.362573,4.262157,62,0,0.362573,0.0,4.476864,-0.214707
full_screened,All combined records evaluated by the deterministic screen,9. Deep Shop,933,bank_drop_sale,Bank drop sale or bank-drop infrastructure,mule_recruitment,Mule recruitment or account-holder solicitation,4,112,5,812,0.033058,3.574713,4,0,0.033058,0.0,3.754789,-0.180076
full_screened,All combined records evaluated by the deterministic screen,9. Deep Shop,933,bank_drop_sale,Bank drop sale or bank-drop infrastructure,telegram_off_platform,Telegram or private-channel coordination reference,13,103,67,750,0.071038,1.307004,13,0,0.07027,0.000768,1.339361,-0.032357
full_screened,All combined records evaluated by the deterministic screen,9. Deep Shop,933,bank_drop_sale,Bank drop sale or bank-drop infrastructure,tutorial_training_recruitment,"Tutorial, guide, or training content",38,78,62,755,0.213483,3.056379,38,0,0.208791,0.004692,3.08687,-0.030491
full_screened,All combined records evaluated by the deterministic screen,9. Deep Shop,933,bank_log_sale,Compromised bank log sale or discussion,cashout_laundering_service,Cash-out or laundering service,63,100,51,719,0.294393,3.163222,66,-3,0.286957,0.007436,3.079413,0.083809
full_screened,All combined records evaluated by the deterministic screen,9. Deep Shop,933,bank_log_sale,Compromised bank log sale or discussion,crypto_payment_or_conversion,Cryptocurrency payment or conversion reference,67,96,49,721,0.316038,3.306061,77,-10,0.339207,-0.023169,3.364544,-0.058483
full_screened,All combined records evaluated by the deterministic screen,9. Deep Shop,933,bank_log_sale,Compromised bank log sale or discussion,email_access_takeover,Email-access-enabled account takeover,51,112,9,761,0.296512,4.865337,53,-2,0.283422,0.01309,4.706415,0.158922
full_screened,All combined records evaluated by the deterministic screen,9. Deep Shop,933,bank_log_sale,Compromised bank log sale or discussion,escrow_trust_reputation,"Escrow, trust, reputation, or scam-risk discourse",41,122,73,697,0.173729,2.058605,48,-7,0.191235,-0.017506,2.184047,-0.125442
full_screened,All combined records evaluated by the deterministic screen,9. Deep Shop,933,bank_log_sale,Compromised bank log sale or discussion,fullz_identity_package,Fullz or identity package,59,104,64,706,0.259912,2.745623,60,-1,0.247934,0.011978,2.664009,0.081614
full_screened,All combined records evaluated by the deterministic screen,9. Deep Shop,933,bank_log_sale,Compromised bank log sale or discussion,jurisdiction_localisation,Jurisdiction-specific bank or account reference,74,89,43,727,0.359223,3.620261,74,0,0.334842,0.024381,3.482186,0.138075
full_screened,All combined records evaluated by the deterministic screen,9. Deep Shop,933,bank_log_sale,Compromised bank log sale or discussion,mule_recruitment,Mule recruitment or account-holder solicitation,7,156,2,768,0.042424,4.451943,7,0,0.038889,0.003535,4.282147,0.169796
full_screened,All combined records evaluated by the deterministic screen,9. Deep Shop,933,bank_log_sale,Compromised bank log sale or discussion,telegram_off_platform,Telegram or private-channel coordination reference,22,141,58,712,0.099548,1.57408,24,-2,0.101695,-0.002147,1.6114,-0.03732
full_screened,All combined records evaluated by the deterministic screen,9. Deep Shop,933,bank_log_sale,Compromised bank log sale or discussion,tutorial_training_recruitment,"Tutorial, guide, or training content",58,105,42,728,0.282927,3.319877,62,-4,0.281818,0.001109,3.282195,0.037682
full_screened,All combined records evaluated by the deterministic screen,9. Deep Shop,933,cashout_laundering_service,Cash-out or laundering service,crypto_payment_or_conversion,Cryptocurrency payment or conversion reference,57,57,59,760,0.32948,4.021552,59,-2,0.318919,0.010561,3.888889,0.132663
full_screened,All combined records evaluated by the deterministic screen,9. Deep Shop,933,cashout_laundering_service,Cash-out or laundering service,email_access_takeover,Email-access-enabled account takeover,15,99,45,774,0.09434,2.046053,15,0,0.090909,0.003431,2.009295,0.036758
full_screened,All combined records evaluated by the deterministic screen,9. Deep Shop,933,cashout_laundering_service,Cash-out or laundering service,escrow_trust_reputation,"Escrow, trust, reputation, or scam-risk discourse",32,82,82,737,0.163265,2.297322,32,0,0.154589,0.008676,2.196386,0.100936
full_screened,All combined records evaluated by the deterministic screen,9. Deep Shop,933,cashout_laundering_service,Cash-out or laundering service,fullz_identity_package,Fullz or identity package,34,80,89,730,0.167488,2.262302,34,0,0.163462,0.004026,2.277201,-0.014899
full_screened,All combined records evaluated by the deterministic screen,9. Deep Shop,933,cashout_laundering_service,Cash-out or laundering service,jurisdiction_localisation,Jurisdiction-specific bank or account reference,33,81,84,735,0.166667,2.308367,33,0,0.163366,0.003301,2.34246,-0.034093
full_screened,All combined records evaluated by the deterministic screen,9. Deep Shop,933,cashout_laundering_service,Cash-out or laundering service,mule_recruitment,Mule recruitment or account-holder solicitation,7,107,2,817,0.060345,6.365497,7,0,0.058333,0.002012,6.45951,-0.094013
full_screened,All combined records evaluated by the deterministic screen,9. Deep Shop,933,cashout_laundering_service,Cash-out or laundering service,telegram_off_platform,Telegram or private-channel coordination reference,39,75,41,778,0.251613,3.989803,39,0,0.242236,0.009377,3.949979,0.039824
full_screened,All combined records evaluated by the deterministic screen,9. Deep Shop,933,cashout_laundering_service,Cash-out or laundering service,tutorial_training_recruitment,"Tutorial, guide, or training content",44,70,56,763,0.258824,3.601053,46,-2,0.261364,-0.00254,3.673403,-0.07235
full_screened,All combined records evaluated by the deterministic screen,9. Deep Shop,933,crypto_payment_or_conversion,Cryptocurrency payment or conversion reference,email_access_takeover,Email-access-enabled account takeover,16,100,44,773,0.1,2.144828,17,-1,0.099415,0.000585,2.132616,0.012212
full_screened,All combined records evaluated by the deterministic screen,9. Deep Shop,933,crypto_payment_or_conversion,Cryptocurrency payment or conversion reference,escrow_trust_reputation,"Escrow, trust, reputation, or scam-risk discourse",45,71,69,748,0.243243,3.174909,52,-7,0.266667,-0.023424,3.342516,-0.167607
full_screened,All combined records evaluated by the deterministic screen,9. Deep Shop,933,crypto_payment_or_conversion,Cryptocurrency payment or conversion reference,fullz_identity_package,Fullz or identity package,44,72,79,738,0.225641,2.877208,44,0,0.213592,0.012049,2.759857,0.117351
full_screened,All combined records evaluated by the deterministic screen,9. Deep Shop,933,crypto_payment_or_conversion,Cryptocurrency payment or conversion reference,jurisdiction_localisation,Jurisdiction-specific bank or account reference,35,81,82,735,0.176768,2.406057,35,0,0.168269,0.008499,2.326686,0.079371
full_screened,All combined records evaluated by the deterministic screen,9. Deep Shop,933,crypto_payment_or_conversion,Cryptocurrency payment or conversion reference,mule_recruitment,Mule recruitment or account-holder solicitation,7,109,2,815,0.059322,6.255747,7,0,0.054688,0.004634,6.049383,0.206364
full_screened,All combined records evaluated by the deterministic screen,9. Deep Shop,933,crypto_payment_or_conversion,Cryptocurrency payment or conversion reference,telegram_off_platform,Telegram or private-channel coordination reference,33,83,47,770,0.202454,3.31778,34,-1,0.195402,0.007052,3.224932,0.092848
full_screened,All combined records evaluated by the deterministic screen,9. Deep Shop,933,crypto_payment_or_conversion,Cryptocurrency payment or conversion reference,tutorial_training_recruitment,"Tutorial, guide, or training content",41,75,59,758,0.234286,3.297672,44,-3,0.236559,-0.002273,3.290598,0.007074
full_screened,All combined records evaluated by the deterministic screen,9. Deep Shop,933,email_access_takeover,Email-access-enabled account takeover,escrow_trust_reputation,"Escrow, trust, reputation, or scam-risk discourse",13,47,101,772,0.080745,1.773246,13,0,0.076471,0.004274,1.698214,0.075032
full_screened,All combined records evaluated by the deterministic screen,9. Deep Shop,933,email_access_takeover,Email-access-enabled account takeover,fullz_identity_package,Fullz or identity package,24,36,99,774,0.150943,3.034146,24,0,0.148148,0.002795,3.059313,-0.025167
full_screened,All combined records evaluated by the deterministic screen,9. Deep Shop,933,email_access_takeover,Email-access-enabled account takeover,jurisdiction_localisation,Jurisdiction-specific bank or account reference,40,20,77,796,0.291971,5.316239,40,0,0.28777,0.004201,5.403915,-0.087676
full_screened,All combined records evaluated by the deterministic screen,9. Deep Shop,933,email_access_takeover,Email-access-enabled account takeover,mule_recruitment,Mule recruitment or account-holder solicitation,0,60,9,864,0.0,0.0,0,0,0.0,0.0,0.0,0.0
full_screened,All combined records evaluated by the deterministic screen,9. Deep Shop,933,email_access_takeover,Email-access-enabled account takeover,telegram_off_platform,Telegram or private-channel coordination reference,8,52,72,801,0.060606,1.555,10,-2,0.074627,-0.014021,1.927616,-0.372616
full_screened,All combined records evaluated by the deterministic screen,9. Deep Shop,933,email_access_takeover,Email-access-enabled account takeover,tutorial_training_recruitment,"Tutorial, guide, or training content",18,42,82,791,0.126761,2.799,20,-2,0.136986,-0.010225,3.039702,-0.240702
full_screened,All combined records evaluated by the deterministic screen,9. Deep Shop,933,escrow_trust_reputation,"Escrow, trust, reputation, or scam-risk discourse",fullz_identity_package,Fullz or identity package,34,80,89,730,0.167488,2.262302,34,0,0.161137,0.006351,2.220741,0.041561
full_screened,All combined records evaluated by the deterministic screen,9. Deep Shop,933,escrow_trust_reputation,"Escrow, trust, reputation, or scam-risk discourse",jurisdiction_localisation,Jurisdiction-specific bank or account reference,34,80,83,736,0.172589,2.378318,34,0,0.166667,0.005922,2.353606,0.024712
full_screened,All combined records evaluated by the deterministic screen,9. Deep Shop,933,escrow_trust_reputation,"Escrow, trust, reputation, or scam-risk discourse",mule_recruitment,Mule recruitment or account-holder solicitation,5,109,4,815,0.042373,4.546784,5,0,0.04,0.002373,4.499541,0.047243
full_screened,All combined records evaluated by the deterministic screen,9. Deep Shop,933,escrow_trust_reputation,"Escrow, trust, reputation, or scam-risk discourse",telegram_off_platform,Telegram or private-channel coordination reference,26,88,54,765,0.154762,2.659868,26,0,0.146893,0.007869,2.568031,0.091837
full_screened,All combined records evaluated by the deterministic screen,9. Deep Shop,933,escrow_trust_reputation,"Escrow, trust, reputation, or scam-risk discourse",tutorial_training_recruitment,"Tutorial, guide, or training content",37,77,63,756,0.20904,3.028158,37,0,0.196809,0.012231,2.881437,0.146721
full_screened,All combined records evaluated by the deterministic screen,9. Deep Shop,933,fullz_identity_package,Fullz or identity package,jurisdiction_localisation,Jurisdiction-specific bank or account reference,44,79,73,737,0.22449,2.852616,44,0,0.22335,0.00114,2.972153,-0.119537
full_screened,All combined records evaluated by the deterministic screen,9. Deep Shop,933,fullz_identity_package,Fullz or identity package,mule_recruitment,Mule recruitment or account-holder solicitation,4,119,5,805,0.03125,3.371274,4,0,0.031008,0.000242,3.512545,-0.141271
full_screened,All combined records evaluated by the deterministic screen,9. Deep Shop,933,fullz_identity_package,Fullz or identity package,telegram_off_platform,Telegram or private-channel coordination reference,30,93,50,760,0.17341,2.844512,30,0,0.170455,0.002955,2.891424,-0.046912
full_screened,All combined records evaluated by the deterministic screen,9. Deep Shop,933,fullz_identity_package,Fullz or identity package,tutorial_training_recruitment,"Tutorial, guide, or training content",40,83,60,750,0.218579,3.034146,40,0,0.212766,0.005813,3.039702,-0.005556
full_screened,All combined records evaluated by the deterministic screen,9. Deep Shop,933,jurisdiction_localisation,Jurisdiction-specific bank or account reference,mule_recruitment,Mule recruitment or account-holder solicitation,4,113,5,811,0.032787,3.54416,4,0,0.032787,0.0,3.722697,-0.178537
full_screened,All combined records evaluated by the deterministic screen,9. Deep Shop,933,jurisdiction_localisation,Jurisdiction-specific bank or account reference,telegram_off_platform,Telegram or private-channel coordination reference,18,99,62,754,0.100559,1.794231,18,0,0.099448,0.001111,1.838649,-0.044418
full_screened,All combined records evaluated by the deterministic screen,9. Deep Shop,933,jurisdiction_localisation,Jurisdiction-specific bank or account reference,tutorial_training_recruitment,"Tutorial, guide, or training content",30,87,70,746,0.160428,2.392308,30,0,0.157068,0.00336,2.416174,-0.023866
full_screened,All combined records evaluated by the deterministic screen,9. Deep Shop,933,mule_recruitment,Mule recruitment or account-holder solicitation,telegram_off_platform,Telegram or private-channel coordination reference,7,2,73,851,0.085366,9.070833,7,0,0.083333,0.002033,9.295393,-0.22456
full_screened,All combined records evaluated by the deterministic screen,9. Deep Shop,933,mule_recruitment,Mule recruitment or account-holder solicitation,tutorial_training_recruitment,"Tutorial, guide, or training content",5,4,95,829,0.048077,5.183333,5,0,0.046296,0.001781,5.235043,-0.05171
full_screened,All combined records evaluated by the deterministic screen,9. Deep Shop,933,telegram_off_platform,Telegram or private-channel coordination reference,tutorial_training_recruitment,"Tutorial, guide, or training content",27,53,73,780,0.176471,3.148875,29,-2,0.184713,-0.008242,3.332552,-0.183677
exact_text_unique_sensitivity,One deterministic representative per combined-text SHA-256 value; sensitivity population only,1. Dread,415,bank_drop_sale,Bank drop sale or bank-drop infrastructure,bank_log_sale,Compromised bank log sale or discussion,65,32,97,221,0.335052,1.716622,76,-11,0.35023,-0.015178,1.713813,0.002809
exact_text_unique_sensitivity,One deterministic representative per combined-text SHA-256 value; sensitivity population only,1. Dread,415,bank_drop_sale,Bank drop sale or bank-drop infrastructure,cashout_laundering_service,Cash-out or laundering service,27,70,81,237,0.151685,1.069588,31,-4,0.152709,-0.001024,1.048583,0.021005
exact_text_unique_sensitivity,One deterministic representative per combined-text SHA-256 value; sensitivity population only,1. Dread,415,bank_drop_sale,Bank drop sale or bank-drop infrastructure,crypto_payment_or_conversion,Cryptocurrency payment or conversion reference,32,65,84,234,0.176796,1.180235,38,-6,0.186275,-0.009479,1.203749,-0.023514
exact_text_unique_sensitivity,One deterministic representative per combined-text SHA-256 value; sensitivity population only,1. Dread,415,bank_drop_sale,Bank drop sale or bank-drop infrastructure,email_access_takeover,Email-access-enabled account takeover,25,72,34,284,0.19084,1.81286,28,-3,0.186667,0.004173,1.802558,0.010302
exact_text_unique_sensitivity,One deterministic representative per combined-text SHA-256 value; sensitivity population only,1. Dread,415,bank_drop_sale,Bank drop sale or bank-drop infrastructure,escrow_trust_reputation,"Escrow, trust, reputation, or scam-risk discourse",25,72,73,245,0.147059,1.091416,33,-8,0.162562,-0.015503,1.097629,-0.006213
exact_text_unique_sensitivity,One deterministic representative per combined-text SHA-256 value; sensitivity population only,1. Dread,415,bank_drop_sale,Bank drop sale or bank-drop infrastructure,fullz_identity_package,Fullz or identity package,57,40,56,262,0.372549,2.158106,60,-3,0.333333,0.039216,1.931313,0.226793
exact_text_unique_sensitivity,One deterministic representative per combined-text SHA-256 value; sensitivity population only,1. Dread,415,bank_drop_sale,Bank drop sale or bank-drop infrastructure,jurisdiction_localisation,Jurisdiction-specific bank or account reference,48,49,51,267,0.324324,2.074352,62,-14,0.364706,-0.040382,2.133323,-0.058971
exact_text_unique_sensitivity,One deterministic representative per combined-text SHA-256 value; sensitivity population only,1. Dread,415,bank_drop_sale,Bank drop sale or bank-drop infrastructure,mule_recruitment,Mule recruitment or account-holder solicitation,3,94,4,314,0.029703,1.833579,4,-1,0.033058,-0.003355,1.773946,0.059633
exact_text_unique_sensitivity,One deterministic representative per combined-text SHA-256 value; sensitivity population only,1. Dread,415,bank_drop_sale,Bank drop sale or bank-drop infrastructure,telegram_off_platform,Telegram or private-channel coordination reference,11,86,57,261,0.071429,0.692086,13,-2,0.070652,0.000777,0.640592,0.051494
exact_text_unique_sensitivity,One deterministic representative per combined-text SHA-256 value; sensitivity population only,1. Dread,415,bank_drop_sale,Bank drop sale or bank-drop infrastructure,tutorial_training_recruitment,"Tutorial, guide, or training content",30,67,57,261,0.194805,1.475293,38,-8,0.208791,-0.013986,1.458389,0.016904
exact_text_unique_sensitivity,One deterministic representative per combined-text SHA-256 value; sensitivity population only,1. Dread,415,bank_log_sale,Compromised bank log sale or discussion,cashout_laundering_service,Cash-out or laundering service,58,104,50,203,0.273585,1.375743,66,-8,0.28821,-0.014625,1.463085,-0.087342
exact_text_unique_sensitivity,One deterministic representative per combined-text SHA-256 value; sensitivity population only,1. Dread,415,bank_log_sale,Compromised bank log sale or discussion,crypto_payment_or_conversion,Cryptocurrency payment or conversion reference,70,92,46,207,0.336538,1.545871,77,-7,0.340708,-0.00417,1.598556,-0.052685
exact_text_unique_sensitivity,One deterministic representative per combined-text SHA-256 value; sensitivity population only,1. Dread,415,bank_log_sale,Compromised bank log sale or discussion,email_access_takeover,Email-access-enabled account takeover,51,111,8,245,0.3,2.214375,53,-2,0.284946,0.015054,2.236104,-0.021729
exact_text_unique_sensitivity,One deterministic representative per combined-text SHA-256 value; sensitivity population only,1. Dread,415,bank_log_sale,Compromised bank log sale or discussion,escrow_trust_reputation,"Escrow, trust, reputation, or scam-risk discourse",37,125,61,192,0.165919,0.967183,48,-11,0.192771,-0.026852,1.046328,-0.079145
exact_text_unique_sensitivity,One deterministic representative per combined-text SHA-256 value; sensitivity population only,1. Dread,415,bank_log_sale,Compromised bank log sale or discussion,fullz_identity_package,Fullz or identity package,57,105,56,197,0.261468,1.292199,60,-3,0.248963,0.012505,1.265719,0.02648
exact_text_unique_sensitivity,One deterministic representative per combined-text SHA-256 value; sensitivity population only,1. Dread,415,bank_log_sale,Compromised bank log sale or discussion,jurisdiction_localisation,Jurisdiction-specific bank or account reference,64,98,35,218,0.324873,1.656067,73,-9,0.331818,-0.006945,1.646162,0.009905
exact_text_unique_sensitivity,One deterministic representative per combined-text SHA-256 value; sensitivity population only,1. Dread,415,bank_log_sale,Compromised bank log sale or discussion,mule_recruitment,Mule recruitment or account-holder solicitation,5,157,2,251,0.030488,1.829806,7,-2,0.039106,-0.008618,2.034526,-0.20472
exact_text_unique_sensitivity,One deterministic representative per combined-text SHA-256 value; sensitivity population only,1. Dread,415,bank_log_sale,Compromised bank log sale or discussion,telegram_off_platform,Telegram or private-channel coordination reference,20,142,48,205,0.095238,0.75345,24,-4,0.102564,-0.007326,0.775058,-0.021608
exact_text_unique_sensitivity,One deterministic representative per combined-text SHA-256 value; sensitivity population only,1. Dread,415,bank_log_sale,Compromised bank log sale or discussion,tutorial_training_recruitment,"Tutorial, guide, or training content",54,108,33,220,0.276923,1.590038,62,-8,0.283105,-0.006182,1.559431,0.030607
exact_text_unique_sensitivity,One deterministic representative per combined-text SHA-256 value; sensitivity population only,1. Dread,415,cashout_laundering_service,Cash-out or laundering service,crypto_payment_or_conversion,Cryptocurrency payment or conversion reference,54,54,62,245,0.317647,1.788793,59,-5,0.318919,-0.001272,1.837302,-0.048509
exact_text_unique_sensitivity,One deterministic representative per combined-text SHA-256 value; sensitivity population only,1. Dread,415,cashout_laundering_service,Cash-out or laundering service,email_access_takeover,Email-access-enabled account takeover,13,95,46,261,0.084416,0.846673,15,-2,0.090909,-0.006493,0.949289,-0.102616
exact_text_unique_sensitivity,One deterministic representative per combined-text SHA-256 value; sensitivity population only,1. Dread,415,cashout_laundering_service,Cash-out or laundering service,escrow_trust_reputation,"Escrow, trust, reputation, or scam-risk discourse",24,84,74,233,0.131868,0.941043,32,-8,0.15534,-0.023472,1.046328,-0.105285
exact_text_unique_sensitivity,One deterministic representative per combined-text SHA-256 value; sensitivity population only,1. Dread,415,cashout_laundering_service,Cash-out or laundering service,fullz_identity_package,Fullz or identity package,30,78,83,224,0.157068,1.020157,34,-4,0.163462,-0.006394,1.075861,-0.055704
exact_text_unique_sensitivity,One deterministic representative per combined-text SHA-256 value; sensitivity population only,1. Dread,415,cashout_laundering_service,Cash-out or laundering service,jurisdiction_localisation,Jurisdiction-specific bank or account reference,28,80,71,236,0.156425,1.086794,33,-5,0.164179,-0.007754,1.116233,-0.029439
exact_text_unique_sensitivity,One deterministic representative per combined-text SHA-256 value; sensitivity population only,1. Dread,415,cashout_laundering_service,Cash-out or laundering service,mule_recruitment,Mule recruitment or account-holder solicitation,5,103,2,305,0.045455,2.744709,7,-2,0.058333,-0.012878,3.051789,-0.30708
exact_text_unique_sensitivity,One deterministic representative per combined-text SHA-256 value; sensitivity population only,1. Dread,415,cashout_laundering_service,Cash-out or laundering service,telegram_off_platform,Telegram or private-channel coordination reference,33,75,35,272,0.230769,1.864788,39,-6,0.24375,-0.012981,1.889203,-0.024415
exact_text_unique_sensitivity,One deterministic representative per combined-text SHA-256 value; sensitivity population only,1. Dread,415,cashout_laundering_service,Cash-out or laundering service,tutorial_training_recruitment,"Tutorial, guide, or training content",42,66,45,262,0.27451,1.855045,46,-4,0.261364,0.013146,1.735495,0.11955
exact_text_unique_sensitivity,One deterministic representative per combined-text SHA-256 value; sensitivity population only,1. Dread,415,crypto_payment_or_conversion,Cryptocurrency payment or conversion reference,email_access_takeover,Email-access-enabled account takeover,15,101,44,255,0.09375,0.909556,17,-2,0.099415,-0.005665,1.007552,-0.097996
exact_text_unique_sensitivity,One deterministic representative per combined-text SHA-256 value; sensitivity population only,1. Dread,415,crypto_payment_or_conversion,Cryptocurrency payment or conversion reference,escrow_trust_reputation,"Escrow, trust, reputation, or scam-risk discourse",43,73,55,244,0.251462,1.569757,52,-9,0.268041,-0.016579,1.592328,-0.022571
exact_text_unique_sensitivity,One deterministic representative per combined-text SHA-256 value; sensitivity population only,1. Dread,415,crypto_payment_or_conversion,Cryptocurrency payment or conversion reference,fullz_identity_package,Fullz or identity package,39,77,74,225,0.205263,1.234742,44,-5,0.213592,-0.008329,1.303891,-0.069149
exact_text_unique_sensitivity,One deterministic representative per combined-text SHA-256 value; sensitivity population only,1. Dread,415,crypto_payment_or_conversion,Cryptocurrency payment or conversion reference,jurisdiction_localisation,Jurisdiction-specific bank or account reference,27,89,72,227,0.143617,0.975705,35,-8,0.169082,-0.025465,1.108716,-0.133011
exact_text_unique_sensitivity,One deterministic representative per combined-text SHA-256 value; sensitivity population only,1. Dread,415,crypto_payment_or_conversion,Cryptocurrency payment or conversion reference,mule_recruitment,Mule recruitment or account-holder solicitation,5,111,2,297,0.042373,2.555419,7,-2,0.054688,-0.012315,2.858025,-0.302606
exact_text_unique_sensitivity,One deterministic representative per combined-text SHA-256 value; sensitivity population only,1. Dread,415,crypto_payment_or_conversion,Cryptocurrency payment or conversion reference,telegram_off_platform,Telegram or private-channel coordination reference,29,87,39,260,0.187097,1.525735,34,-5,0.196532,-0.009435,1.542426,-0.016691
exact_text_unique_sensitivity,One deterministic representative per combined-text SHA-256 value; sensitivity population only,1. Dread,415,crypto_payment_or_conversion,Cryptocurrency payment or conversion reference,tutorial_training_recruitment,"Tutorial, guide, or training content",39,77,48,251,0.237805,1.603746,44,-5,0.236559,0.001246,1.55464,0.049106
exact_text_unique_sensitivity,One deterministic representative per combined-text SHA-256 value; sensitivity population only,1. Dread,415,email_access_takeover,Email-access-enabled account takeover,escrow_trust_reputation,"Escrow, trust, reputation, or scam-risk discourse",12,47,86,270,0.082759,0.861294,13,-1,0.076923,0.005836,0.809005,0.052289
exact_text_unique_sensitivity,One deterministic representative per combined-text SHA-256 value; sensitivity population only,1. Dread,415,email_access_takeover,Email-access-enabled account takeover,fullz_identity_package,Fullz or identity package,22,37,91,265,0.146667,1.369432,24,-2,0.148148,-0.001481,1.445369,-0.075937
exact_text_unique_sensitivity,One deterministic representative per combined-text SHA-256 value; sensitivity population only,1. Dread,415,email_access_takeover,Email-access-enabled account takeover,jurisdiction_localisation,Jurisdiction-specific bank or account reference,38,21,61,295,0.316667,2.69988,40,-2,0.289855,0.026812,2.575083,0.124797
exact_text_unique_sensitivity,One deterministic representative per combined-text SHA-256 value; sensitivity population only,1. Dread,415,email_access_takeover,Email-access-enabled account takeover,mule_recruitment,Mule recruitment or account-holder solicitation,0,59,7,349,0.0,0.0,0,0,0.0,0.0,0.0,0.0
exact_text_unique_sensitivity,One deterministic representative per combined-text SHA-256 value; sensitivity population only,1. Dread,415,email_access_takeover,Email-access-enabled account takeover,telegram_off_platform,Telegram or private-channel coordination reference,10,49,58,298,0.08547,1.034397,10,0,0.075188,0.010282,0.921943,0.112454
exact_text_unique_sensitivity,One deterministic representative per combined-text SHA-256 value; sensitivity population only,1. Dread,415,email_access_takeover,Email-access-enabled account takeover,tutorial_training_recruitment,"Tutorial, guide, or training content",19,40,68,288,0.149606,1.536139,20,-1,0.136986,0.01262,1.436104,0.100035
exact_text_unique_sensitivity,One deterministic representative per combined-text SHA-256 value; sensitivity population only,1. Dread,415,escrow_trust_reputation,"Escrow, trust, reputation, or scam-risk discourse",fullz_identity_package,Fullz or identity package,27,71,86,231,0.146739,1.01183,34,-7,0.161905,-0.015166,1.05793,-0.0461
exact_text_unique_sensitivity,One deterministic representative per combined-text SHA-256 value; sensitivity population only,1. Dread,415,escrow_trust_reputation,"Escrow, trust, reputation, or scam-risk discourse",jurisdiction_localisation,Jurisdiction-specific bank or account reference,23,75,76,241,0.132184,0.983818,34,-11,0.168317,-0.036133,1.130891,-0.147073
exact_text_unique_sensitivity,One deterministic representative per combined-text SHA-256 value; sensitivity population only,1. Dread,415,escrow_trust_reputation,"Escrow, trust, reputation, or scam-risk discourse",mule_recruitment,Mule recruitment or account-holder solicitation,3,95,4,313,0.029412,1.814869,5,-2,0.040323,-0.010911,2.143519,-0.32865
exact_text_unique_sensitivity,One deterministic representative per combined-text SHA-256 value; sensitivity population only,1. Dread,415,escrow_trust_reputation,"Escrow, trust, reputation, or scam-risk discourse",telegram_off_platform,Telegram or private-channel coordination reference,15,83,53,264,0.099338,0.934124,25,-10,0.142045,-0.042707,1.190844,-0.25672
exact_text_unique_sensitivity,One deterministic representative per combined-text SHA-256 value; sensitivity population only,1. Dread,415,escrow_trust_reputation,"Escrow, trust, reputation, or scam-risk discourse",tutorial_training_recruitment,"Tutorial, guide, or training content",26,72,61,256,0.163522,1.265541,37,-11,0.197861,-0.034339,1.372676,-0.107135
exact_text_unique_sensitivity,One deterministic representative per combined-text SHA-256 value; sensitivity population only,1. Dread,415,fullz_identity_package,Fullz or identity package,jurisdiction_localisation,Jurisdiction-specific bank or account reference,39,74,60,242,0.225434,1.446769,44,-5,0.22449,0.000944,1.416296,0.030473
exact_text_unique_sensitivity,One deterministic representative per combined-text SHA-256 value; sensitivity population only,1. Dread,415,fullz_identity_package,Fullz or identity package,mule_recruitment,Mule recruitment or account-holder solicitation,3,110,4,298,0.025641,1.573957,4,-1,0.031008,-0.005367,1.659498,-0.085541
exact_text_unique_sensitivity,One deterministic representative per combined-text SHA-256 value; sensitivity population only,1. Dread,415,fullz_identity_package,Fullz or identity package,telegram_off_platform,Telegram or private-channel coordination reference,24,89,44,258,0.152866,1.2962,30,-6,0.171429,-0.018563,1.382915,-0.086715
exact_text_unique_sensitivity,One deterministic representative per combined-text SHA-256 value; sensitivity population only,1. Dread,415,fullz_identity_package,Fullz or identity package,tutorial_training_recruitment,"Tutorial, guide, or training content",34,79,53,249,0.204819,1.435256,40,-6,0.212766,-0.007947,1.436104,-0.000848
exact_text_unique_sensitivity,One deterministic representative per combined-text SHA-256 value; sensitivity population only,1. Dread,415,jurisdiction_localisation,Jurisdiction-specific bank or account reference,mule_recruitment,Mule recruitment or account-holder solicitation,3,96,4,312,0.029126,1.796537,4,-1,0.033058,-0.003932,1.773946,0.022591
exact_text_unique_sensitivity,One deterministic representative per combined-text SHA-256 value; sensitivity population only,1. Dread,415,jurisdiction_localisation,Jurisdiction-specific bank or account reference,telegram_off_platform,Telegram or private-channel coordination reference,15,84,53,263,0.098684,0.924688,18,-3,0.100559,-0.001875,0.886973,0.037715
exact_text_unique_sensitivity,One deterministic representative per combined-text SHA-256 value; sensitivity population only,1. Dread,415,jurisdiction_localisation,Jurisdiction-specific bank or account reference,tutorial_training_recruitment,"Tutorial, guide, or training content",24,75,63,253,0.148148,1.156392,30,-6,0.157895,-0.009747,1.151359,0.005033
exact_text_unique_sensitivity,One deterministic representative per combined-text SHA-256 value; sensitivity population only,1. Dread,415,mule_recruitment,Mule recruitment or account-holder solicitation,telegram_off_platform,Telegram or private-channel coordination reference,5,2,63,345,0.071429,4.359244,7,-2,0.084337,-0.012908,4.445816,-0.086572
exact_text_unique_sensitivity,One deterministic representative per combined-text SHA-256 value; sensitivity population only,1. Dread,415,mule_recruitment,Mule recruitment or account-holder solicitation,tutorial_training_recruitment,"Tutorial, guide, or training content",4,3,83,325,0.044444,2.72578,5,-1,0.046296,-0.001852,2.473291,0.252489
exact_text_unique_sensitivity,One deterministic representative per combined-text SHA-256 value; sensitivity population only,1. Dread,415,telegram_off_platform,Telegram or private-channel coordination reference,tutorial_training_recruitment,"Tutorial, guide, or training content",22,46,65,282,0.165414,1.543272,29,-7,0.185897,-0.020483,1.593898,-0.050626
exact_text_unique_sensitivity,One deterministic representative per combined-text SHA-256 value; sensitivity population only,10. Tor Shop,413,bank_drop_sale,Bank drop sale or bank-drop infrastructure,bank_log_sale,Compromised bank log sale or discussion,50,34,98,231,0.274725,1.661036,76,-26,0.35023,-0.075505,1.713813,-0.052777
exact_text_unique_sensitivity,One deterministic representative per combined-text SHA-256 value; sensitivity population only,10. Tor Shop,413,bank_drop_sale,Bank drop sale or bank-drop infrastructure,cashout_laundering_service,Cash-out or laundering service,23,61,86,243,0.135294,1.037462,31,-8,0.152709,-0.017415,1.048583,-0.011121
exact_text_unique_sensitivity,One deterministic representative per combined-text SHA-256 value; sensitivity population only,10. Tor Shop,413,bank_drop_sale,Bank drop sale or bank-drop infrastructure,crypto_payment_or_conversion,Cryptocurrency payment or conversion reference,30,54,82,247,0.180723,1.316964,38,-8,0.186275,-0.005552,1.203749,0.113215
exact_text_unique_sensitivity,One deterministic representative per combined-text SHA-256 value; sensitivity population only,10. Tor Shop,413,bank_drop_sale,Bank drop sale or bank-drop infrastructure,email_access_takeover,Email-access-enabled account takeover,22,62,33,296,0.188034,1.966667,28,-6,0.186667,0.001367,1.802558,0.164109
exact_text_unique_sensitivity,One deterministic representative per combined-text SHA-256 value; sensitivity population only,10. Tor Shop,413,bank_drop_sale,Bank drop sale or bank-drop infrastructure,escrow_trust_reputation,"Escrow, trust, reputation, or scam-risk discourse",33,51,87,242,0.192982,1.352083,33,0,0.162562,0.03042,1.097629,0.254454
exact_text_unique_sensitivity,One deterministic representative per combined-text SHA-256 value; sensitivity population only,10. Tor Shop,413,bank_drop_sale,Bank drop sale or bank-drop infrastructure,fullz_identity_package,Fullz or identity package,36,48,64,265,0.243243,1.77,60,-24,0.333333,-0.09009,1.931313,-0.161313
exact_text_unique_sensitivity,One deterministic representative per combined-text SHA-256 value; sensitivity population only,10. Tor Shop,413,bank_drop_sale,Bank drop sale or bank-drop infrastructure,jurisdiction_localisation,Jurisdiction-specific bank or account reference,50,34,53,276,0.364964,2.386731,62,-12,0.364706,0.000258,2.133323,0.253408
exact_text_unique_sensitivity,One deterministic representative per combined-text SHA-256 value; sensitivity population only,10. Tor Shop,413,bank_drop_sale,Bank drop sale or bank-drop infrastructure,mule_recruitment,Mule recruitment or account-holder solicitation,4,80,5,324,0.044944,2.185185,4,0,0.033058,0.011886,1.773946,0.411239
exact_text_unique_sensitivity,One deterministic representative per combined-text SHA-256 value; sensitivity population only,10. Tor Shop,413,bank_drop_sale,Bank drop sale or bank-drop infrastructure,telegram_off_platform,Telegram or private-channel coordination reference,13,71,68,261,0.085526,0.789095,13,0,0.070652,0.014874,0.640592,0.148503
exact_text_unique_sensitivity,One deterministic representative per combined-text SHA-256 value; sensitivity population only,10. Tor Shop,413,bank_drop_sale,Bank drop sale or bank-drop infrastructure,tutorial_training_recruitment,"Tutorial, guide, or training content",26,58,66,263,0.173333,1.389493,38,-12,0.208791,-0.035458,1.458389,-0.068896
exact_text_unique_sensitivity,One deterministic representative per combined-text SHA-256 value; sensitivity population only,10. Tor Shop,413,bank_log_sale,Compromised bank log sale or discussion,cashout_laundering_service,Cash-out or laundering service,58,90,51,214,0.291457,1.484875,66,-8,0.28821,0.003247,1.463085,0.02179
exact_text_unique_sensitivity,One deterministic representative per combined-text SHA-256 value; sensitivity population only,10. Tor Shop,413,bank_log_sale,Compromised bank log sale or discussion,crypto_payment_or_conversion,Cryptocurrency payment or conversion reference,71,77,41,224,0.375661,1.769003,77,-6,0.340708,0.034953,1.598556,0.170447
exact_text_unique_sensitivity,One deterministic representative per combined-text SHA-256 value; sensitivity population only,10. Tor Shop,413,bank_log_sale,Compromised bank log sale or discussion,email_access_takeover,Email-access-enabled account takeover,48,100,7,258,0.309677,2.435381,53,-5,0.284946,0.024731,2.236104,0.199277
exact_text_unique_sensitivity,One deterministic representative per combined-text SHA-256 value; sensitivity population only,10. Tor Shop,413,bank_log_sale,Compromised bank log sale or discussion,escrow_trust_reputation,"Escrow, trust, reputation, or scam-risk discourse",48,100,72,193,0.218182,1.116216,48,0,0.192771,0.025411,1.046328,0.069888
exact_text_unique_sensitivity,One deterministic representative per combined-text SHA-256 value; sensitivity population only,10. Tor Shop,413,bank_log_sale,Compromised bank log sale or discussion,fullz_identity_package,Fullz or identity package,41,107,59,206,0.198068,1.144122,60,-19,0.248963,-0.050895,1.265719,-0.121597
exact_text_unique_sensitivity,One deterministic representative per combined-text SHA-256 value; sensitivity population only,10. Tor Shop,413,bank_log_sale,Compromised bank log sale or discussion,jurisdiction_localisation,Jurisdiction-specific bank or account reference,62,86,41,224,0.328042,1.679743,73,-11,0.331818,-0.003776,1.646162,0.033581
exact_text_unique_sensitivity,One deterministic representative per combined-text SHA-256 value; sensitivity population only,10. Tor Shop,413,bank_log_sale,Compromised bank log sale or discussion,mule_recruitment,Mule recruitment or account-holder solicitation,7,141,2,263,0.046667,2.17042,7,0,0.039106,0.007561,2.034526,0.135894
exact_text_unique_sensitivity,One deterministic representative per combined-text SHA-256 value; sensitivity population only,10. Tor Shop,413,bank_log_sale,Compromised bank log sale or discussion,telegram_off_platform,Telegram or private-channel coordination reference,24,124,57,208,0.117073,0.826827,24,0,0.102564,0.014509,0.775058,0.051769
exact_text_unique_sensitivity,One deterministic representative per combined-text SHA-256 value; sensitivity population only,10. Tor Shop,413,bank_log_sale,Compromised bank log sale or discussion,tutorial_training_recruitment,"Tutorial, guide, or training content",50,98,42,223,0.263158,1.516598,62,-12,0.283105,-0.019947,1.559431,-0.042833
exact_text_unique_sensitivity,One deterministic representative per combined-text SHA-256 value; sensitivity population only,10. Tor Shop,413,cashout_laundering_service,Cash-out or laundering service,crypto_payment_or_conversion,Cryptocurrency payment or conversion reference,57,52,55,249,0.347561,1.928326,59,-2,0.318919,0.028642,1.837302,0.091024
exact_text_unique_sensitivity,One deterministic representative per combined-text SHA-256 value; sensitivity population only,10. Tor Shop,413,cashout_laundering_service,Cash-out or laundering service,email_access_takeover,Email-access-enabled account takeover,15,94,40,264,0.100671,1.033361,15,0,0.090909,0.009762,0.949289,0.084072
exact_text_unique_sensitivity,One deterministic representative per combined-text SHA-256 value; sensitivity population only,10. Tor Shop,413,cashout_laundering_service,Cash-out or laundering service,escrow_trust_reputation,"Escrow, trust, reputation, or scam-risk discourse",32,77,88,216,0.162437,1.010398,32,0,0.15534,0.007097,1.046328,-0.03593
exact_text_unique_sensitivity,One deterministic representative per combined-text SHA-256 value; sensitivity population only,10. Tor Shop,413,cashout_laundering_service,Cash-out or laundering service,fullz_identity_package,Fullz or identity package,30,79,70,234,0.167598,1.136697,34,-4,0.163462,0.004136,1.075861,0.060836
exact_text_unique_sensitivity,One deterministic representative per combined-text SHA-256 value; sensitivity population only,10. Tor Shop,413,cashout_laundering_service,Cash-out or laundering service,jurisdiction_localisation,Jurisdiction-specific bank or account reference,31,78,72,232,0.171271,1.140376,33,-2,0.164179,0.007092,1.116233,0.024143
exact_text_unique_sensitivity,One deterministic representative per combined-text SHA-256 value; sensitivity population only,10. Tor Shop,413,cashout_laundering_service,Cash-out or laundering service,mule_recruitment,Mule recruitment or account-holder solicitation,7,102,2,302,0.063063,2.946993,7,0,0.058333,0.00473,3.051789,-0.104796
exact_text_unique_sensitivity,One deterministic representative per combined-text SHA-256 value; sensitivity population only,10. Tor Shop,413,cashout_laundering_service,Cash-out or laundering service,telegram_off_platform,Telegram or private-channel coordination reference,39,70,42,262,0.258278,1.824329,39,0,0.24375,0.014528,1.889203,-0.064874
exact_text_unique_sensitivity,One deterministic representative per combined-text SHA-256 value; sensitivity population only,10. Tor Shop,413,cashout_laundering_service,Cash-out or laundering service,tutorial_training_recruitment,"Tutorial, guide, or training content",38,71,54,250,0.233129,1.565018,46,-8,0.261364,-0.028235,1.735495,-0.170477
exact_text_unique_sensitivity,One deterministic representative per combined-text SHA-256 value; sensitivity population only,10. Tor Shop,413,crypto_payment_or_conversion,Cryptocurrency payment or conversion reference,email_access_takeover,Email-access-enabled account takeover,15,97,40,261,0.098684,1.005682,17,-2,0.099415,-0.000731,1.007552,-0.00187
exact_text_unique_sensitivity,One deterministic representative per combined-text SHA-256 value; sensitivity population only,10. Tor Shop,413,crypto_payment_or_conversion,Cryptocurrency payment or conversion reference,escrow_trust_reputation,"Escrow, trust, reputation, or scam-risk discourse",52,60,68,233,0.288889,1.597917,52,0,0.268041,0.020848,1.592328,0.005589
exact_text_unique_sensitivity,One deterministic representative per combined-text SHA-256 value; sensitivity population only,10. Tor Shop,413,crypto_payment_or_conversion,Cryptocurrency payment or conversion reference,fullz_identity_package,Fullz or identity package,38,74,62,239,0.218391,1.40125,44,-6,0.213592,0.004799,1.303891,0.097359
exact_text_unique_sensitivity,One deterministic representative per combined-text SHA-256 value; sensitivity population only,10. Tor Shop,413,crypto_payment_or_conversion,Cryptocurrency payment or conversion reference,jurisdiction_localisation,Jurisdiction-specific bank or account reference,31,81,72,229,0.168478,1.10983,35,-4,0.169082,-0.000604,1.108716,0.001114
exact_text_unique_sensitivity,One deterministic representative per combined-text SHA-256 value; sensitivity population only,10. Tor Shop,413,crypto_payment_or_conversion,Cryptocurrency payment or conversion reference,mule_recruitment,Mule recruitment or account-holder solicitation,7,105,2,299,0.061404,2.868056,7,0,0.054688,0.006716,2.858025,0.010031
exact_text_unique_sensitivity,One deterministic representative per combined-text SHA-256 value; sensitivity population only,10. Tor Shop,413,crypto_payment_or_conversion,Cryptocurrency payment or conversion reference,telegram_off_platform,Telegram or private-channel coordination reference,34,78,47,254,0.213836,1.54784,34,0,0.196532,0.017304,1.542426,0.005414
exact_text_unique_sensitivity,One deterministic representative per combined-text SHA-256 value; sensitivity population only,10. Tor Shop,413,crypto_payment_or_conversion,Cryptocurrency payment or conversion reference,tutorial_training_recruitment,"Tutorial, guide, or training content",42,70,50,251,0.259259,1.683424,44,-2,0.236559,0.0227,1.55464,0.128784
exact_text_unique_sensitivity,One deterministic representative per combined-text SHA-256 value; sensitivity population only,10. Tor Shop,413,email_access_takeover,Email-access-enabled account takeover,escrow_trust_reputation,"Escrow, trust, reputation, or scam-risk discourse",13,42,107,251,0.080247,0.813485,13,0,0.076923,0.003324,0.809005,0.00448
exact_text_unique_sensitivity,One deterministic representative per combined-text SHA-256 value; sensitivity population only,10. Tor Shop,413,email_access_takeover,Email-access-enabled account takeover,fullz_identity_package,Fullz or identity package,19,36,81,277,0.139706,1.426727,24,-5,0.148148,-0.008442,1.445369,-0.018642
exact_text_unique_sensitivity,One deterministic representative per combined-text SHA-256 value; sensitivity population only,10. Tor Shop,413,email_access_takeover,Email-access-enabled account takeover,jurisdiction_localisation,Jurisdiction-specific bank or account reference,37,18,66,292,0.305785,2.69744,40,-3,0.289855,0.01593,2.575083,0.122357
exact_text_unique_sensitivity,One deterministic representative per combined-text SHA-256 value; sensitivity population only,10. Tor Shop,413,email_access_takeover,Email-access-enabled account takeover,mule_recruitment,Mule recruitment or account-holder solicitation,0,55,9,349,0.0,0.0,0,0,0.0,0.0,0.0,0.0
exact_text_unique_sensitivity,One deterministic representative per combined-text SHA-256 value; sensitivity population only,10. Tor Shop,413,email_access_takeover,Email-access-enabled account takeover,telegram_off_platform,Telegram or private-channel coordination reference,10,45,71,287,0.079365,0.927048,10,0,0.075188,0.004177,0.921943,0.005105
exact_text_unique_sensitivity,One deterministic representative per combined-text SHA-256 value; sensitivity population only,10. Tor Shop,413,email_access_takeover,Email-access-enabled account takeover,tutorial_training_recruitment,"Tutorial, guide, or training content",20,35,72,286,0.15748,1.632411,20,0,0.136986,0.020494,1.436104,0.196307
exact_text_unique_sensitivity,One deterministic representative per combined-text SHA-256 value; sensitivity population only,10. Tor Shop,413,escrow_trust_reputation,"Escrow, trust, reputation, or scam-risk discourse",fullz_identity_package,Fullz or identity package,34,86,66,227,0.182796,1.170167,34,0,0.161905,0.020891,1.05793,0.112237
exact_text_unique_sensitivity,One deterministic representative per combined-text SHA-256 value; sensitivity population only,10. Tor Shop,413,escrow_trust_reputation,"Escrow, trust, reputation, or scam-risk discourse",jurisdiction_localisation,Jurisdiction-specific bank or account reference,34,86,69,224,0.179894,1.136084,34,0,0.168317,0.011577,1.130891,0.005193
exact_text_unique_sensitivity,One deterministic representative per combined-text SHA-256 value; sensitivity population only,10. Tor Shop,413,escrow_trust_reputation,"Escrow, trust, reputation, or scam-risk discourse",mule_recruitment,Mule recruitment or account-holder solicitation,5,115,4,289,0.040323,1.912037,5,0,0.040323,0.0,2.143519,-0.231482
exact_text_unique_sensitivity,One deterministic representative per combined-text SHA-256 value; sensitivity population only,10. Tor Shop,413,escrow_trust_reputation,"Escrow, trust, reputation, or scam-risk discourse",telegram_off_platform,Telegram or private-channel coordination reference,25,95,56,237,0.142045,1.062243,25,0,0.142045,0.0,1.190844,-0.128601
exact_text_unique_sensitivity,One deterministic representative per combined-text SHA-256 value; sensitivity population only,10. Tor Shop,413,escrow_trust_reputation,"Escrow, trust, reputation, or scam-risk discourse",tutorial_training_recruitment,"Tutorial, guide, or training content",37,83,55,238,0.211429,1.384149,37,0,0.197861,0.013568,1.372676,0.011473
exact_text_unique_sensitivity,One deterministic representative per combined-text SHA-256 value; sensitivity population only,10. Tor Shop,413,fullz_identity_package,Fullz or identity package,jurisdiction_localisation,Jurisdiction-specific bank or account reference,34,66,69,244,0.201183,1.363301,44,-10,0.22449,-0.023307,1.416296,-0.052995
exact_text_unique_sensitivity,One deterministic representative per combined-text SHA-256 value; sensitivity population only,10. Tor Shop,413,fullz_identity_package,Fullz or identity package,mule_recruitment,Mule recruitment or account-holder solicitation,4,96,5,308,0.038095,1.835556,4,0,0.031008,0.007087,1.659498,0.176058
exact_text_unique_sensitivity,One deterministic representative per combined-text SHA-256 value; sensitivity population only,10. Tor Shop,413,fullz_identity_package,Fullz or identity package,telegram_off_platform,Telegram or private-channel coordination reference,30,70,51,262,0.198675,1.52963,30,0,0.171429,0.027246,1.382915,0.146715
exact_text_unique_sensitivity,One deterministic representative per combined-text SHA-256 value; sensitivity population only,10. Tor Shop,413,fullz_identity_package,Fullz or identity package,tutorial_training_recruitment,"Tutorial, guide, or training content",32,68,60,253,0.2,1.436522,40,-8,0.212766,-0.012766,1.436104,0.000418
exact_text_unique_sensitivity,One deterministic representative per combined-text SHA-256 value; sensitivity population only,10. Tor Shop,413,jurisdiction_localisation,Jurisdiction-specific bank or account reference,mule_recruitment,Mule recruitment or account-holder solicitation,4,99,5,305,0.037037,1.782093,4,0,0.033058,0.003979,1.773946,0.008147
exact_text_unique_sensitivity,One deterministic representative per combined-text SHA-256 value; sensitivity population only,10. Tor Shop,413,jurisdiction_localisation,Jurisdiction-specific bank or account reference,telegram_off_platform,Telegram or private-channel coordination reference,18,85,63,247,0.108434,0.891046,18,0,0.100559,0.007875,0.886973,0.004073
exact_text_unique_sensitivity,One deterministic representative per combined-text SHA-256 value; sensitivity population only,10. Tor Shop,413,jurisdiction_localisation,Jurisdiction-specific bank or account reference,tutorial_training_recruitment,"Tutorial, guide, or training content",27,76,65,245,0.160714,1.176762,30,-3,0.157895,0.002819,1.151359,0.025403
exact_text_unique_sensitivity,One deterministic representative per combined-text SHA-256 value; sensitivity population only,10. Tor Shop,413,mule_recruitment,Mule recruitment or account-holder solicitation,telegram_off_platform,Telegram or private-channel coordination reference,7,2,74,330,0.084337,3.965706,7,0,0.084337,0.0,4.445816,-0.48011
exact_text_unique_sensitivity,One deterministic representative per combined-text SHA-256 value; sensitivity population only,10. Tor Shop,413,mule_recruitment,Mule recruitment or account-holder solicitation,tutorial_training_recruitment,"Tutorial, guide, or training content",5,4,87,317,0.052083,2.493961,5,0,0.046296,0.005787,2.473291,0.02067
exact_text_unique_sensitivity,One deterministic representative per combined-text SHA-256 value; sensitivity population only,10. Tor Shop,413,telegram_off_platform,Telegram or private-channel coordination reference,tutorial_training_recruitment,"Tutorial, guide, or training content",29,52,63,269,0.201389,1.60722,29,0,0.185897,0.015492,1.593898,0.013322
exact_text_unique_sensitivity,One deterministic representative per combined-text SHA-256 value; sensitivity population only,11. Legit Market,432,bank_drop_sale,Bank drop sale or bank-drop infrastructure,bank_log_sale,Compromised bank log sale or discussion,67,38,95,232,0.335,1.701587,76,-9,0.35023,-0.01523,1.713813,-0.012226
exact_text_unique_sensitivity,One deterministic representative per combined-text SHA-256 value; sensitivity population only,11. Legit Market,432,bank_drop_sale,Bank drop sale or bank-drop infrastructure,cashout_laundering_service,Cash-out or laundering service,31,74,84,243,0.164021,1.109068,31,0,0.152709,0.011312,1.048583,0.060485
exact_text_unique_sensitivity,One deterministic representative per combined-text SHA-256 value; sensitivity population only,11. Legit Market,432,bank_drop_sale,Bank drop sale or bank-drop infrastructure,crypto_payment_or_conversion,Cryptocurrency payment or conversion reference,34,71,86,241,0.17801,1.165714,38,-4,0.186275,-0.008265,1.203749,-0.038035
exact_text_unique_sensitivity,One deterministic representative per combined-text SHA-256 value; sensitivity population only,11. Legit Market,432,bank_drop_sale,Bank drop sale or bank-drop infrastructure,email_access_takeover,Email-access-enabled account takeover,25,80,33,294,0.181159,1.773399,28,-3,0.186667,-0.005508,1.802558,-0.029159
exact_text_unique_sensitivity,One deterministic representative per combined-text SHA-256 value; sensitivity population only,11. Legit Market,432,bank_drop_sale,Bank drop sale or bank-drop infrastructure,escrow_trust_reputation,"Escrow, trust, reputation, or scam-risk discourse",22,83,78,249,0.120219,0.905143,33,-11,0.162562,-0.042343,1.097629,-0.192486
exact_text_unique_sensitivity,One deterministic representative per combined-text SHA-256 value; sensitivity population only,11. Legit Market,432,bank_drop_sale,Bank drop sale or bank-drop infrastructure,fullz_identity_package,Fullz or identity package,59,46,63,264,0.35119,1.989696,60,-1,0.333333,0.017857,1.931313,0.058383
exact_text_unique_sensitivity,One deterministic representative per combined-text SHA-256 value; sensitivity population only,11. Legit Market,432,bank_drop_sale,Bank drop sale or bank-drop infrastructure,jurisdiction_localisation,Jurisdiction-specific bank or account reference,54,51,50,277,0.348387,2.136264,62,-8,0.364706,-0.016319,2.133323,0.002941
exact_text_unique_sensitivity,One deterministic representative per combined-text SHA-256 value; sensitivity population only,11. Legit Market,432,bank_drop_sale,Bank drop sale or bank-drop infrastructure,mule_recruitment,Mule recruitment or account-holder solicitation,4,101,5,322,0.036364,1.828571,4,0,0.033058,0.003306,1.773946,0.054625
exact_text_unique_sensitivity,One deterministic representative per combined-text SHA-256 value; sensitivity population only,11. Legit Market,432,bank_drop_sale,Bank drop sale or bank-drop infrastructure,telegram_off_platform,Telegram or private-channel coordination reference,13,92,67,260,0.075581,0.668571,13,0,0.070652,0.004929,0.640592,0.027979
exact_text_unique_sensitivity,One deterministic representative per combined-text SHA-256 value; sensitivity population only,11. Legit Market,432,bank_drop_sale,Bank drop sale or bank-drop infrastructure,tutorial_training_recruitment,"Tutorial, guide, or training content",37,68,64,263,0.218935,1.507214,38,-1,0.208791,0.010144,1.458389,0.048825
exact_text_unique_sensitivity,One deterministic representative per combined-text SHA-256 value; sensitivity population only,11. Legit Market,432,bank_log_sale,Compromised bank log sale or discussion,cashout_laundering_service,Cash-out or laundering service,64,98,51,219,0.300469,1.484058,66,-2,0.28821,0.012259,1.463085,0.020973
exact_text_unique_sensitivity,One deterministic representative per combined-text SHA-256 value; sensitivity population only,11. Legit Market,432,bank_log_sale,Compromised bank log sale or discussion,crypto_payment_or_conversion,Cryptocurrency payment or conversion reference,72,90,48,222,0.342857,1.6,77,-5,0.340708,0.002149,1.598556,0.001444
exact_text_unique_sensitivity,One deterministic representative per combined-text SHA-256 value; sensitivity population only,11. Legit Market,432,bank_log_sale,Compromised bank log sale or discussion,email_access_takeover,Email-access-enabled account takeover,49,113,9,261,0.28655,2.252874,53,-4,0.284946,0.001604,2.236104,0.01677
exact_text_unique_sensitivity,One deterministic representative per combined-text SHA-256 value; sensitivity population only,11. Legit Market,432,bank_log_sale,Compromised bank log sale or discussion,escrow_trust_reputation,"Escrow, trust, reputation, or scam-risk discourse",33,129,67,203,0.144105,0.88,48,-15,0.192771,-0.048666,1.046328,-0.166328
exact_text_unique_sensitivity,One deterministic representative per combined-text SHA-256 value; sensitivity population only,11. Legit Market,432,bank_log_sale,Compromised bank log sale or discussion,fullz_identity_package,Fullz or identity package,59,103,63,207,0.262222,1.289617,60,-1,0.248963,0.013259,1.265719,0.023898
exact_text_unique_sensitivity,One deterministic representative per combined-text SHA-256 value; sensitivity population only,11. Legit Market,432,bank_log_sale,Compromised bank log sale or discussion,jurisdiction_localisation,Jurisdiction-specific bank or account reference,63,99,41,229,0.310345,1.615385,73,-10,0.331818,-0.021473,1.646162,-0.030777
exact_text_unique_sensitivity,One deterministic representative per combined-text SHA-256 value; sensitivity population only,11. Legit Market,432,bank_log_sale,Compromised bank log sale or discussion,mule_recruitment,Mule recruitment or account-holder solicitation,7,155,2,268,0.042683,2.074074,7,0,0.039106,0.003577,2.034526,0.039548
exact_text_unique_sensitivity,One deterministic representative per combined-text SHA-256 value; sensitivity population only,11. Legit Market,432,bank_log_sale,Compromised bank log sale or discussion,telegram_off_platform,Telegram or private-channel coordination reference,24,138,56,214,0.110092,0.8,24,0,0.102564,0.007528,0.775058,0.024942
exact_text_unique_sensitivity,One deterministic representative per combined-text SHA-256 value; sensitivity population only,11. Legit Market,432,bank_log_sale,Compromised bank log sale or discussion,tutorial_training_recruitment,"Tutorial, guide, or training content",60,102,41,229,0.295567,1.584158,62,-2,0.283105,0.012462,1.559431,0.024727
exact_text_unique_sensitivity,One deterministic representative per combined-text SHA-256 value; sensitivity population only,11. Legit Market,432,cashout_laundering_service,Cash-out or laundering service,crypto_payment_or_conversion,Cryptocurrency payment or conversion reference,57,58,63,254,0.320225,1.784348,59,-2,0.318919,0.001306,1.837302,-0.052954
exact_text_unique_sensitivity,One deterministic representative per combined-text SHA-256 value; sensitivity population only,11. Legit Market,432,cashout_laundering_service,Cash-out or laundering service,email_access_takeover,Email-access-enabled account takeover,15,100,43,274,0.094937,0.971514,15,0,0.090909,0.004028,0.949289,0.022225
exact_text_unique_sensitivity,One deterministic representative per combined-text SHA-256 value; sensitivity population only,11. Legit Market,432,cashout_laundering_service,Cash-out or laundering service,escrow_trust_reputation,"Escrow, trust, reputation, or scam-risk discourse",29,86,71,246,0.155914,1.089391,32,-3,0.15534,0.000574,1.046328,0.043063
exact_text_unique_sensitivity,One deterministic representative per combined-text SHA-256 value; sensitivity population only,11. Legit Market,432,cashout_laundering_service,Cash-out or laundering service,fullz_identity_package,Fullz or identity package,34,81,88,229,0.167488,1.0469,34,0,0.163462,0.004026,1.075861,-0.028961
exact_text_unique_sensitivity,One deterministic representative per combined-text SHA-256 value; sensitivity population only,11. Legit Market,432,cashout_laundering_service,Cash-out or laundering service,jurisdiction_localisation,Jurisdiction-specific bank or account reference,31,84,73,244,0.164894,1.119732,33,-2,0.164179,0.000715,1.116233,0.003499
exact_text_unique_sensitivity,One deterministic representative per combined-text SHA-256 value; sensitivity population only,11. Legit Market,432,cashout_laundering_service,Cash-out or laundering service,mule_recruitment,Mule recruitment or account-holder solicitation,7,108,2,315,0.059829,2.921739,7,0,0.058333,0.001496,3.051789,-0.13005
exact_text_unique_sensitivity,One deterministic representative per combined-text SHA-256 value; sensitivity population only,11. Legit Market,432,cashout_laundering_service,Cash-out or laundering service,telegram_off_platform,Telegram or private-channel coordination reference,38,77,42,275,0.242038,1.784348,39,-1,0.24375,-0.001712,1.889203,-0.104855
exact_text_unique_sensitivity,One deterministic representative per combined-text SHA-256 value; sensitivity population only,11. Legit Market,432,cashout_laundering_service,Cash-out or laundering service,tutorial_training_recruitment,"Tutorial, guide, or training content",44,71,57,260,0.255814,1.636505,46,-2,0.261364,-0.00555,1.735495,-0.09899
exact_text_unique_sensitivity,One deterministic representative per combined-text SHA-256 value; sensitivity population only,11. Legit Market,432,crypto_payment_or_conversion,Cryptocurrency payment or conversion reference,email_access_takeover,Email-access-enabled account takeover,16,104,42,270,0.098765,0.993103,17,-1,0.099415,-0.00065,1.007552,-0.014449
exact_text_unique_sensitivity,One deterministic representative per combined-text SHA-256 value; sensitivity population only,11. Legit Market,432,crypto_payment_or_conversion,Cryptocurrency payment or conversion reference,escrow_trust_reputation,"Escrow, trust, reputation, or scam-risk discourse",46,74,54,258,0.264368,1.656,52,-6,0.268041,-0.003673,1.592328,0.063672
exact_text_unique_sensitivity,One deterministic representative per combined-text SHA-256 value; sensitivity population only,11. Legit Market,432,crypto_payment_or_conversion,Cryptocurrency payment or conversion reference,fullz_identity_package,Fullz or identity package,43,77,79,233,0.21608,1.268852,44,-1,0.213592,0.002488,1.303891,-0.035039
exact_text_unique_sensitivity,One deterministic representative per combined-text SHA-256 value; sensitivity population only,11. Legit Market,432,crypto_payment_or_conversion,Cryptocurrency payment or conversion reference,jurisdiction_localisation,Jurisdiction-specific bank or account reference,30,90,74,238,0.154639,1.038462,35,-5,0.169082,-0.014443,1.108716,-0.070254
exact_text_unique_sensitivity,One deterministic representative per combined-text SHA-256 value; sensitivity population only,11. Legit Market,432,crypto_payment_or_conversion,Cryptocurrency payment or conversion reference,mule_recruitment,Mule recruitment or account-holder solicitation,7,113,2,310,0.057377,2.8,7,0,0.054688,0.002689,2.858025,-0.058025
exact_text_unique_sensitivity,One deterministic representative per combined-text SHA-256 value; sensitivity population only,11. Legit Market,432,crypto_payment_or_conversion,Cryptocurrency payment or conversion reference,telegram_off_platform,Telegram or private-channel coordination reference,33,87,47,265,0.197605,1.485,34,-1,0.196532,0.001073,1.542426,-0.057426
exact_text_unique_sensitivity,One deterministic representative per combined-text SHA-256 value; sensitivity population only,11. Legit Market,432,crypto_payment_or_conversion,Cryptocurrency payment or conversion reference,tutorial_training_recruitment,"Tutorial, guide, or training content",41,79,60,252,0.227778,1.461386,44,-3,0.236559,-0.008781,1.55464,-0.093254
exact_text_unique_sensitivity,One deterministic representative per combined-text SHA-256 value; sensitivity population only,11. Legit Market,432,email_access_takeover,Email-access-enabled account takeover,escrow_trust_reputation,"Escrow, trust, reputation, or scam-risk discourse",9,49,91,283,0.060403,0.670345,13,-4,0.076923,-0.01652,0.809005,-0.13866
exact_text_unique_sensitivity,One deterministic representative per combined-text SHA-256 value; sensitivity population only,11. Legit Market,432,email_access_takeover,Email-access-enabled account takeover,fullz_identity_package,Fullz or identity package,23,35,99,275,0.146497,1.404183,24,-1,0.148148,-0.001651,1.445369,-0.041186
exact_text_unique_sensitivity,One deterministic representative per combined-text SHA-256 value; sensitivity population only,11. Legit Market,432,email_access_takeover,Email-access-enabled account takeover,jurisdiction_localisation,Jurisdiction-specific bank or account reference,37,21,67,307,0.296,2.649867,40,-3,0.289855,0.006145,2.575083,0.074784
exact_text_unique_sensitivity,One deterministic representative per combined-text SHA-256 value; sensitivity population only,11. Legit Market,432,email_access_takeover,Email-access-enabled account takeover,mule_recruitment,Mule recruitment or account-holder solicitation,0,58,9,365,0.0,0.0,0,0,0.0,0.0,0.0,0.0
exact_text_unique_sensitivity,One deterministic representative per combined-text SHA-256 value; sensitivity population only,11. Legit Market,432,email_access_takeover,Email-access-enabled account takeover,telegram_off_platform,Telegram or private-channel coordination reference,10,48,70,304,0.078125,0.931034,10,0,0.075188,0.002937,0.921943,0.009091
exact_text_unique_sensitivity,One deterministic representative per combined-text SHA-256 value; sensitivity population only,11. Legit Market,432,email_access_takeover,Email-access-enabled account takeover,tutorial_training_recruitment,"Tutorial, guide, or training content",19,39,82,292,0.135714,1.401161,20,-1,0.136986,-0.001272,1.436104,-0.034943
exact_text_unique_sensitivity,One deterministic representative per combined-text SHA-256 value; sensitivity population only,11. Legit Market,432,escrow_trust_reputation,"Escrow, trust, reputation, or scam-risk discourse",fullz_identity_package,Fullz or identity package,32,68,90,242,0.168421,1.133115,34,-2,0.161905,0.006516,1.05793,0.075185
exact_text_unique_sensitivity,One deterministic representative per combined-text SHA-256 value; sensitivity population only,11. Legit Market,432,escrow_trust_reputation,"Escrow, trust, reputation, or scam-risk discourse",jurisdiction_localisation,Jurisdiction-specific bank or account reference,22,78,82,250,0.120879,0.913846,34,-12,0.168317,-0.047438,1.130891,-0.217045
exact_text_unique_sensitivity,One deterministic representative per combined-text SHA-256 value; sensitivity population only,11. Legit Market,432,escrow_trust_reputation,"Escrow, trust, reputation, or scam-risk discourse",mule_recruitment,Mule recruitment or account-holder solicitation,5,95,4,328,0.048077,2.4,5,0,0.040323,0.007754,2.143519,0.256481
exact_text_unique_sensitivity,One deterministic representative per combined-text SHA-256 value; sensitivity population only,11. Legit Market,432,escrow_trust_reputation,"Escrow, trust, reputation, or scam-risk discourse",telegram_off_platform,Telegram or private-channel coordination reference,24,76,56,276,0.153846,1.296,25,-1,0.142045,0.011801,1.190844,0.105156
exact_text_unique_sensitivity,One deterministic representative per combined-text SHA-256 value; sensitivity population only,11. Legit Market,432,escrow_trust_reputation,"Escrow, trust, reputation, or scam-risk discourse",tutorial_training_recruitment,"Tutorial, guide, or training content",34,66,67,265,0.203593,1.454257,37,-3,0.197861,0.005732,1.372676,0.081581
exact_text_unique_sensitivity,One deterministic representative per combined-text SHA-256 value; sensitivity population only,11. Legit Market,432,fullz_identity_package,Fullz or identity package,jurisdiction_localisation,Jurisdiction-specific bank or account reference,42,80,62,248,0.228261,1.430013,44,-2,0.22449,0.003771,1.416296,0.013717
exact_text_unique_sensitivity,One deterministic representative per combined-text SHA-256 value; sensitivity population only,11. Legit Market,432,fullz_identity_package,Fullz or identity package,mule_recruitment,Mule recruitment or account-holder solicitation,4,118,5,305,0.031496,1.57377,4,0,0.031008,0.000488,1.659498,-0.085728
exact_text_unique_sensitivity,One deterministic representative per combined-text SHA-256 value; sensitivity population only,11. Legit Market,432,fullz_identity_package,Fullz or identity package,telegram_off_platform,Telegram or private-channel coordination reference,30,92,50,260,0.174419,1.327869,30,0,0.171429,0.00299,1.382915,-0.055046
exact_text_unique_sensitivity,One deterministic representative per combined-text SHA-256 value; sensitivity population only,11. Legit Market,432,fullz_identity_package,Fullz or identity package,tutorial_training_recruitment,"Tutorial, guide, or training content",39,83,62,248,0.211957,1.367311,40,-1,0.212766,-0.000809,1.436104,-0.068793
exact_text_unique_sensitivity,One deterministic representative per combined-text SHA-256 value; sensitivity population only,11. Legit Market,432,jurisdiction_localisation,Jurisdiction-specific bank or account reference,mule_recruitment,Mule recruitment or account-holder solicitation,4,100,5,323,0.036697,1.846154,4,0,0.033058,0.003639,1.773946,0.072208
exact_text_unique_sensitivity,One deterministic representative per combined-text SHA-256 value; sensitivity population only,11. Legit Market,432,jurisdiction_localisation,Jurisdiction-specific bank or account reference,telegram_off_platform,Telegram or private-channel coordination reference,18,86,62,266,0.108434,0.934615,18,0,0.100559,0.007875,0.886973,0.047642
exact_text_unique_sensitivity,One deterministic representative per combined-text SHA-256 value; sensitivity population only,11. Legit Market,432,jurisdiction_localisation,Jurisdiction-specific bank or account reference,tutorial_training_recruitment,"Tutorial, guide, or training content",28,76,73,255,0.158192,1.151561,30,-2,0.157895,0.000297,1.151359,0.000202
exact_text_unique_sensitivity,One deterministic representative per combined-text SHA-256 value; sensitivity population only,11. Legit Market,432,mule_recruitment,Mule recruitment or account-holder solicitation,telegram_off_platform,Telegram or private-channel coordination reference,7,2,73,350,0.085366,4.2,7,0,0.084337,0.001029,4.445816,-0.245816
exact_text_unique_sensitivity,One deterministic representative per combined-text SHA-256 value; sensitivity population only,11. Legit Market,432,mule_recruitment,Mule recruitment or account-holder solicitation,tutorial_training_recruitment,"Tutorial, guide, or training content",5,4,96,327,0.047619,2.376238,5,0,0.046296,0.001323,2.473291,-0.097053
exact_text_unique_sensitivity,One deterministic representative per combined-text SHA-256 value; sensitivity population only,11. Legit Market,432,telegram_off_platform,Telegram or private-channel coordination reference,tutorial_training_recruitment,"Tutorial, guide, or training content",28,52,73,279,0.183007,1.49703,29,-1,0.185897,-0.00289,1.593898,-0.096868
exact_text_unique_sensitivity,One deterministic representative per combined-text SHA-256 value; sensitivity population only,12. TORCH Tor Search,457,bank_drop_sale,Bank drop sale or bank-drop infrastructure,bank_log_sale,Compromised bank log sale or discussion,74,40,101,242,0.344186,1.695138,76,-2,0.35023,-0.006044,1.713813,-0.018675
exact_text_unique_sensitivity,One deterministic representative per combined-text SHA-256 value; sensitivity population only,12. TORCH Tor Search,457,bank_drop_sale,Bank drop sale or bank-drop infrastructure,cashout_laundering_service,Cash-out or laundering service,31,83,87,256,0.154229,1.053152,31,0,0.152709,0.00152,1.048583,0.004569
exact_text_unique_sensitivity,One deterministic representative per combined-text SHA-256 value; sensitivity population only,12. TORCH Tor Search,457,bank_drop_sale,Bank drop sale or bank-drop infrastructure,crypto_payment_or_conversion,Cryptocurrency payment or conversion reference,38,76,88,255,0.188119,1.208995,38,0,0.186275,0.001844,1.203749,0.005246
exact_text_unique_sensitivity,One deterministic representative per combined-text SHA-256 value; sensitivity population only,12. TORCH Tor Search,457,bank_drop_sale,Bank drop sale or bank-drop infrastructure,email_access_takeover,Email-access-enabled account takeover,28,86,34,309,0.189189,1.810413,28,0,0.186667,0.002522,1.802558,0.007855
exact_text_unique_sensitivity,One deterministic representative per combined-text SHA-256 value; sensitivity population only,12. TORCH Tor Search,457,bank_drop_sale,Bank drop sale or bank-drop infrastructure,escrow_trust_reputation,"Escrow, trust, reputation, or scam-risk discourse",33,81,87,256,0.164179,1.102412,33,0,0.162562,0.001617,1.097629,0.004783
exact_text_unique_sensitivity,One deterministic representative per combined-text SHA-256 value; sensitivity population only,12. TORCH Tor Search,457,bank_drop_sale,Bank drop sale or bank-drop infrastructure,fullz_identity_package,Fullz or identity package,60,54,64,279,0.337079,1.939728,60,0,0.333333,0.003746,1.931313,0.008415
exact_text_unique_sensitivity,One deterministic representative per combined-text SHA-256 value; sensitivity population only,12. TORCH Tor Search,457,bank_drop_sale,Bank drop sale or bank-drop infrastructure,jurisdiction_localisation,Jurisdiction-specific bank or account reference,62,52,54,289,0.369048,2.142619,62,0,0.364706,0.004342,2.133323,0.009296
exact_text_unique_sensitivity,One deterministic representative per combined-text SHA-256 value; sensitivity population only,12. TORCH Tor Search,457,bank_drop_sale,Bank drop sale or bank-drop infrastructure,mule_recruitment,Mule recruitment or account-holder solicitation,4,110,5,338,0.033613,1.781676,4,0,0.033058,0.000555,1.773946,0.00773
exact_text_unique_sensitivity,One deterministic representative per combined-text SHA-256 value; sensitivity population only,12. TORCH Tor Search,457,bank_drop_sale,Bank drop sale or bank-drop infrastructure,telegram_off_platform,Telegram or private-channel coordination reference,13,101,68,275,0.071429,0.643383,13,0,0.070652,0.000777,0.640592,0.002791
exact_text_unique_sensitivity,One deterministic representative per combined-text SHA-256 value; sensitivity population only,12. TORCH Tor Search,457,bank_drop_sale,Bank drop sale or bank-drop infrastructure,tutorial_training_recruitment,"Tutorial, guide, or training content",38,76,66,277,0.211111,1.464744,38,0,0.208791,0.00232,1.458389,0.006355
exact_text_unique_sensitivity,One deterministic representative per combined-text SHA-256 value; sensitivity population only,12. TORCH Tor Search,457,bank_log_sale,Compromised bank log sale or discussion,cashout_laundering_service,Cash-out or laundering service,66,109,52,230,0.290749,1.46063,66,0,0.28821,0.002539,1.463085,-0.002455
exact_text_unique_sensitivity,One deterministic representative per combined-text SHA-256 value; sensitivity population only,12. TORCH Tor Search,457,bank_log_sale,Compromised bank log sale or discussion,crypto_payment_or_conversion,Cryptocurrency payment or conversion reference,77,98,49,233,0.34375,1.595873,77,0,0.340708,0.003042,1.598556,-0.002683
exact_text_unique_sensitivity,One deterministic representative per combined-text SHA-256 value; sensitivity population only,12. TORCH Tor Search,457,bank_log_sale,Compromised bank log sale or discussion,email_access_takeover,Email-access-enabled account takeover,53,122,9,273,0.288043,2.23235,53,0,0.284946,0.003097,2.236104,-0.003754
exact_text_unique_sensitivity,One deterministic representative per combined-text SHA-256 value; sensitivity population only,12. TORCH Tor Search,457,bank_log_sale,Compromised bank log sale or discussion,escrow_trust_reputation,"Escrow, trust, reputation, or scam-risk discourse",48,127,72,210,0.194332,1.044571,48,0,0.192771,0.001561,1.046328,-0.001757
exact_text_unique_sensitivity,One deterministic representative per combined-text SHA-256 value; sensitivity population only,12. TORCH Tor Search,457,bank_log_sale,Compromised bank log sale or discussion,fullz_identity_package,Fullz or identity package,60,115,64,218,0.251046,1.263594,60,0,0.248963,0.002083,1.265719,-0.002125
exact_text_unique_sensitivity,One deterministic representative per combined-text SHA-256 value; sensitivity population only,12. TORCH Tor Search,457,bank_log_sale,Compromised bank log sale or discussion,jurisdiction_localisation,Jurisdiction-specific bank or account reference,73,102,43,239,0.334862,1.643399,73,0,0.331818,0.003044,1.646162,-0.002763
exact_text_unique_sensitivity,One deterministic representative per combined-text SHA-256 value; sensitivity population only,12. TORCH Tor Search,457,bank_log_sale,Compromised bank log sale or discussion,mule_recruitment,Mule recruitment or account-holder solicitation,7,168,2,280,0.039548,2.031111,7,0,0.039106,0.000442,2.034526,-0.003415
exact_text_unique_sensitivity,One deterministic representative per combined-text SHA-256 value; sensitivity population only,12. TORCH Tor Search,457,bank_log_sale,Compromised bank log sale or discussion,telegram_off_platform,Telegram or private-channel coordination reference,24,151,57,225,0.103448,0.773757,24,0,0.102564,0.000884,0.775058,-0.001301
exact_text_unique_sensitivity,One deterministic representative per combined-text SHA-256 value; sensitivity population only,12. TORCH Tor Search,457,bank_log_sale,Compromised bank log sale or discussion,tutorial_training_recruitment,"Tutorial, guide, or training content",62,113,42,240,0.285714,1.556813,62,0,0.283105,0.002609,1.559431,-0.002618
exact_text_unique_sensitivity,One deterministic representative per combined-text SHA-256 value; sensitivity population only,12. TORCH Tor Search,457,cashout_laundering_service,Cash-out or laundering service,crypto_payment_or_conversion,Cryptocurrency payment or conversion reference,59,59,67,272,0.318919,1.813492,59,0,0.318919,0.0,1.837302,-0.02381
exact_text_unique_sensitivity,One deterministic representative per combined-text SHA-256 value; sensitivity population only,12. TORCH Tor Search,457,cashout_laundering_service,Cash-out or laundering service,email_access_takeover,Email-access-enabled account takeover,15,103,47,292,0.090909,0.936987,15,0,0.090909,0.0,0.949289,-0.012302
exact_text_unique_sensitivity,One deterministic representative per combined-text SHA-256 value; sensitivity population only,12. TORCH Tor Search,457,cashout_laundering_service,Cash-out or laundering service,escrow_trust_reputation,"Escrow, trust, reputation, or scam-risk discourse",32,86,88,251,0.15534,1.032768,32,0,0.15534,0.0,1.046328,-0.01356
exact_text_unique_sensitivity,One deterministic representative per combined-text SHA-256 value; sensitivity population only,12. TORCH Tor Search,457,cashout_laundering_service,Cash-out or laundering service,fullz_identity_package,Fullz or identity package,34,84,90,249,0.163462,1.061919,34,0,0.163462,0.0,1.075861,-0.013942
exact_text_unique_sensitivity,One deterministic representative per combined-text SHA-256 value; sensitivity population only,12. TORCH Tor Search,457,cashout_laundering_service,Cash-out or laundering service,jurisdiction_localisation,Jurisdiction-specific bank or account reference,33,85,83,256,0.164179,1.101768,33,0,0.164179,0.0,1.116233,-0.014465
exact_text_unique_sensitivity,One deterministic representative per combined-text SHA-256 value; sensitivity population only,12. TORCH Tor Search,457,cashout_laundering_service,Cash-out or laundering service,mule_recruitment,Mule recruitment or account-holder solicitation,7,111,2,337,0.058333,3.012241,7,0,0.058333,0.0,3.051789,-0.039548
exact_text_unique_sensitivity,One deterministic representative per combined-text SHA-256 value; sensitivity population only,12. TORCH Tor Search,457,cashout_laundering_service,Cash-out or laundering service,telegram_off_platform,Telegram or private-channel coordination reference,39,79,42,297,0.24375,1.864721,39,0,0.24375,0.0,1.889203,-0.024482
exact_text_unique_sensitivity,One deterministic representative per combined-text SHA-256 value; sensitivity population only,12. TORCH Tor Search,457,cashout_laundering_service,Cash-out or laundering service,tutorial_training_recruitment,"Tutorial, guide, or training content",46,72,58,281,0.261364,1.713005,46,0,0.261364,0.0,1.735495,-0.02249
exact_text_unique_sensitivity,One deterministic representative per combined-text SHA-256 value; sensitivity population only,12. TORCH Tor Search,457,crypto_payment_or_conversion,Cryptocurrency payment or conversion reference,email_access_takeover,Email-access-enabled account takeover,17,109,45,286,0.099415,0.994496,17,0,0.099415,0.0,1.007552,-0.013056
exact_text_unique_sensitivity,One deterministic representative per combined-text SHA-256 value; sensitivity population only,12. TORCH Tor Search,457,crypto_payment_or_conversion,Cryptocurrency payment or conversion reference,escrow_trust_reputation,"Escrow, trust, reputation, or scam-risk discourse",52,74,68,263,0.268041,1.571693,52,0,0.268041,0.0,1.592328,-0.020635
exact_text_unique_sensitivity,One deterministic representative per combined-text SHA-256 value; sensitivity population only,12. TORCH Tor Search,457,crypto_payment_or_conversion,Cryptocurrency payment or conversion reference,fullz_identity_package,Fullz or identity package,44,82,80,251,0.213592,1.286994,44,0,0.213592,0.0,1.303891,-0.016897
exact_text_unique_sensitivity,One deterministic representative per combined-text SHA-256 value; sensitivity population only,12. TORCH Tor Search,457,crypto_payment_or_conversion,Cryptocurrency payment or conversion reference,jurisdiction_localisation,Jurisdiction-specific bank or account reference,35,91,81,250,0.169082,1.094349,35,0,0.169082,0.0,1.108716,-0.014367
exact_text_unique_sensitivity,One deterministic representative per combined-text SHA-256 value; sensitivity population only,12. TORCH Tor Search,457,crypto_payment_or_conversion,Cryptocurrency payment or conversion reference,mule_recruitment,Mule recruitment or account-holder solicitation,7,119,2,329,0.054688,2.820988,7,0,0.054688,0.0,2.858025,-0.037037
exact_text_unique_sensitivity,One deterministic representative per combined-text SHA-256 value; sensitivity population only,12. TORCH Tor Search,457,crypto_payment_or_conversion,Cryptocurrency payment or conversion reference,telegram_off_platform,Telegram or private-channel coordination reference,34,92,47,284,0.196532,1.522438,34,0,0.196532,0.0,1.542426,-0.019988
exact_text_unique_sensitivity,One deterministic representative per combined-text SHA-256 value; sensitivity population only,12. TORCH Tor Search,457,crypto_payment_or_conversion,Cryptocurrency payment or conversion reference,tutorial_training_recruitment,"Tutorial, guide, or training content",44,82,60,271,0.236559,1.534493,44,0,0.236559,0.0,1.55464,-0.020147
exact_text_unique_sensitivity,One deterministic representative per combined-text SHA-256 value; sensitivity population only,12. TORCH Tor Search,457,email_access_takeover,Email-access-enabled account takeover,escrow_trust_reputation,"Escrow, trust, reputation, or scam-risk discourse",13,49,107,288,0.076923,0.798522,13,0,0.076923,0.0,0.809005,-0.010483
exact_text_unique_sensitivity,One deterministic representative per combined-text SHA-256 value; sensitivity population only,12. TORCH Tor Search,457,email_access_takeover,Email-access-enabled account takeover,fullz_identity_package,Fullz or identity package,24,38,100,295,0.148148,1.426639,24,0,0.148148,0.0,1.445369,-0.01873
exact_text_unique_sensitivity,One deterministic representative per combined-text SHA-256 value; sensitivity population only,12. TORCH Tor Search,457,email_access_takeover,Email-access-enabled account takeover,jurisdiction_localisation,Jurisdiction-specific bank or account reference,40,22,76,319,0.289855,2.541713,40,0,0.289855,0.0,2.575083,-0.03337
exact_text_unique_sensitivity,One deterministic representative per combined-text SHA-256 value; sensitivity population only,12. TORCH Tor Search,457,email_access_takeover,Email-access-enabled account takeover,mule_recruitment,Mule recruitment or account-holder solicitation,0,62,9,386,0.0,0.0,0,0,0.0,0.0,0.0,0.0
exact_text_unique_sensitivity,One deterministic representative per combined-text SHA-256 value; sensitivity population only,12. TORCH Tor Search,457,email_access_takeover,Email-access-enabled account takeover,telegram_off_platform,Telegram or private-channel coordination reference,10,52,71,324,0.075188,0.909996,10,0,0.075188,0.0,0.921943,-0.011947
exact_text_unique_sensitivity,One deterministic representative per combined-text SHA-256 value; sensitivity population only,12. TORCH Tor Search,457,email_access_takeover,Email-access-enabled account takeover,tutorial_training_recruitment,"Tutorial, guide, or training content",20,42,84,311,0.136986,1.417494,20,0,0.136986,0.0,1.436104,-0.01861
exact_text_unique_sensitivity,One deterministic representative per combined-text SHA-256 value; sensitivity population only,12. TORCH Tor Search,457,escrow_trust_reputation,"Escrow, trust, reputation, or scam-risk discourse",fullz_identity_package,Fullz or identity package,34,86,90,247,0.161905,1.04422,34,0,0.161905,0.0,1.05793,-0.01371
exact_text_unique_sensitivity,One deterministic representative per combined-text SHA-256 value; sensitivity population only,12. TORCH Tor Search,457,escrow_trust_reputation,"Escrow, trust, reputation, or scam-risk discourse",jurisdiction_localisation,Jurisdiction-specific bank or account reference,34,86,82,255,0.168317,1.116236,34,0,0.168317,0.0,1.130891,-0.014655
exact_text_unique_sensitivity,One deterministic representative per combined-text SHA-256 value; sensitivity population only,12. TORCH Tor Search,457,escrow_trust_reputation,"Escrow, trust, reputation, or scam-risk discourse",mule_recruitment,Mule recruitment or account-holder solicitation,5,115,4,333,0.040323,2.115741,5,0,0.040323,0.0,2.143519,-0.027778
exact_text_unique_sensitivity,One deterministic representative per combined-text SHA-256 value; sensitivity population only,12. TORCH Tor Search,457,escrow_trust_reputation,"Escrow, trust, reputation, or scam-risk discourse",telegram_off_platform,Telegram or private-channel coordination reference,25,95,56,281,0.142045,1.175412,25,0,0.142045,0.0,1.190844,-0.015432
exact_text_unique_sensitivity,One deterministic representative per combined-text SHA-256 value; sensitivity population only,12. TORCH Tor Search,457,escrow_trust_reputation,"Escrow, trust, reputation, or scam-risk discourse",tutorial_training_recruitment,"Tutorial, guide, or training content",37,83,67,270,0.197861,1.354888,37,0,0.197861,0.0,1.372676,-0.017788
exact_text_unique_sensitivity,One deterministic representative per combined-text SHA-256 value; sensitivity population only,12. TORCH Tor Search,457,fullz_identity_package,Fullz or identity package,jurisdiction_localisation,Jurisdiction-specific bank or account reference,44,80,72,261,0.22449,1.397942,44,0,0.22449,0.0,1.416296,-0.018354
exact_text_unique_sensitivity,One deterministic representative per combined-text SHA-256 value; sensitivity population only,12. TORCH Tor Search,457,fullz_identity_package,Fullz or identity package,mule_recruitment,Mule recruitment or account-holder solicitation,4,120,5,328,0.031008,1.637993,4,0,0.031008,0.0,1.659498,-0.021505
exact_text_unique_sensitivity,One deterministic representative per combined-text SHA-256 value; sensitivity population only,12. TORCH Tor Search,457,fullz_identity_package,Fullz or identity package,telegram_off_platform,Telegram or private-channel coordination reference,30,94,51,282,0.171429,1.364994,30,0,0.171429,0.0,1.382915,-0.017921
exact_text_unique_sensitivity,One deterministic representative per combined-text SHA-256 value; sensitivity population only,12. TORCH Tor Search,457,fullz_identity_package,Fullz or identity package,tutorial_training_recruitment,"Tutorial, guide, or training content",40,84,64,269,0.212766,1.417494,40,0,0.212766,0.0,1.436104,-0.01861
exact_text_unique_sensitivity,One deterministic representative per combined-text SHA-256 value; sensitivity population only,12. TORCH Tor Search,457,jurisdiction_localisation,Jurisdiction-specific bank or account reference,mule_recruitment,Mule recruitment or account-holder solicitation,4,112,5,336,0.033058,1.750958,4,0,0.033058,0.0,1.773946,-0.022988
exact_text_unique_sensitivity,One deterministic representative per combined-text SHA-256 value; sensitivity population only,12. TORCH Tor Search,457,jurisdiction_localisation,Jurisdiction-specific bank or account reference,telegram_off_platform,Telegram or private-channel coordination reference,18,98,63,278,0.100559,0.875479,18,0,0.100559,0.0,0.886973,-0.011494
exact_text_unique_sensitivity,One deterministic representative per combined-text SHA-256 value; sensitivity population only,12. TORCH Tor Search,457,jurisdiction_localisation,Jurisdiction-specific bank or account reference,tutorial_training_recruitment,"Tutorial, guide, or training content",30,86,74,267,0.157895,1.136439,30,0,0.157895,0.0,1.151359,-0.01492
exact_text_unique_sensitivity,One deterministic representative per combined-text SHA-256 value; sensitivity population only,12. TORCH Tor Search,457,mule_recruitment,Mule recruitment or account-holder solicitation,telegram_off_platform,Telegram or private-channel coordination reference,7,2,74,374,0.084337,4.388203,7,0,0.084337,0.0,4.445816,-0.057613
exact_text_unique_sensitivity,One deterministic representative per combined-text SHA-256 value; sensitivity population only,12. TORCH Tor Search,457,mule_recruitment,Mule recruitment or account-holder solicitation,tutorial_training_recruitment,"Tutorial, guide, or training content",5,4,99,349,0.046296,2.441239,5,0,0.046296,0.0,2.473291,-0.032052
exact_text_unique_sensitivity,One deterministic representative per combined-text SHA-256 value; sensitivity population only,12. TORCH Tor Search,457,telegram_off_platform,Telegram or private-channel coordination reference,tutorial_training_recruitment,"Tutorial, guide, or training content",29,52,75,301,0.185897,1.573243,29,0,0.185897,0.0,1.593898,-0.020655
exact_text_unique_sensitivity,One deterministic representative per combined-text SHA-256 value; sensitivity population only,13. Bank Logs,462,bank_drop_sale,Bank drop sale or bank-drop infrastructure,bank_log_sale,Compromised bank log sale or discussion,76,40,101,245,0.35023,1.710111,76,0,0.35023,0.0,1.713813,-0.003702
exact_text_unique_sensitivity,One deterministic representative per combined-text SHA-256 value; sensitivity population only,13. Bank Logs,462,bank_drop_sale,Bank drop sale or bank-drop infrastructure,cashout_laundering_service,Cash-out or laundering service,31,85,87,259,0.152709,1.046318,31,0,0.152709,0.0,1.048583,-0.002265
exact_text_unique_sensitivity,One deterministic representative per combined-text SHA-256 value; sensitivity population only,13. Bank Logs,462,bank_drop_sale,Bank drop sale or bank-drop infrastructure,crypto_payment_or_conversion,Cryptocurrency payment or conversion reference,38,78,88,258,0.186275,1.201149,38,0,0.186275,0.0,1.203749,-0.0026
exact_text_unique_sensitivity,One deterministic representative per combined-text SHA-256 value; sensitivity population only,13. Bank Logs,462,bank_drop_sale,Bank drop sale or bank-drop infrastructure,email_access_takeover,Email-access-enabled account takeover,28,88,34,312,0.186667,1.798665,28,0,0.186667,0.0,1.802558,-0.003893
exact_text_unique_sensitivity,One deterministic representative per combined-text SHA-256 value; sensitivity population only,13. Bank Logs,462,bank_drop_sale,Bank drop sale or bank-drop infrastructure,escrow_trust_reputation,"Escrow, trust, reputation, or scam-risk discourse",33,83,87,259,0.162562,1.095259,33,0,0.162562,0.0,1.097629,-0.00237
exact_text_unique_sensitivity,One deterministic representative per combined-text SHA-256 value; sensitivity population only,13. Bank Logs,462,bank_drop_sale,Bank drop sale or bank-drop infrastructure,fullz_identity_package,Fullz or identity package,60,56,64,282,0.333333,1.927141,60,0,0.333333,0.0,1.931313,-0.004172
exact_text_unique_sensitivity,One deterministic representative per combined-text SHA-256 value; sensitivity population only,13. Bank Logs,462,bank_drop_sale,Bank drop sale or bank-drop infrastructure,jurisdiction_localisation,Jurisdiction-specific bank or account reference,62,54,54,292,0.364706,2.128716,62,0,0.364706,0.0,2.133323,-0.004607
exact_text_unique_sensitivity,One deterministic representative per combined-text SHA-256 value; sensitivity population only,13. Bank Logs,462,bank_drop_sale,Bank drop sale or bank-drop infrastructure,mule_recruitment,Mule recruitment or account-holder solicitation,4,112,5,341,0.033058,1.770115,4,0,0.033058,0.0,1.773946,-0.003831
exact_text_unique_sensitivity,One deterministic representative per combined-text SHA-256 value; sensitivity population only,13. Bank Logs,462,bank_drop_sale,Bank drop sale or bank-drop infrastructure,telegram_off_platform,Telegram or private-channel coordination reference,13,103,68,278,0.070652,0.639208,13,0,0.070652,0.0,0.640592,-0.001384
exact_text_unique_sensitivity,One deterministic representative per combined-text SHA-256 value; sensitivity population only,13. Bank Logs,462,bank_drop_sale,Bank drop sale or bank-drop infrastructure,tutorial_training_recruitment,"Tutorial, guide, or training content",38,78,66,280,0.208791,1.455239,38,0,0.208791,0.0,1.458389,-0.00315
exact_text_unique_sensitivity,One deterministic representative per combined-text SHA-256 value; sensitivity population only,13. Bank Logs,462,bank_log_sale,Compromised bank log sale or discussion,cashout_laundering_service,Cash-out or laundering service,66,111,52,233,0.28821,1.459925,66,0,0.28821,0.0,1.463085,-0.00316
exact_text_unique_sensitivity,One deterministic representative per combined-text SHA-256 value; sensitivity population only,13. Bank Logs,462,bank_log_sale,Compromised bank log sale or discussion,crypto_payment_or_conversion,Cryptocurrency payment or conversion reference,77,100,49,236,0.340708,1.595104,77,0,0.340708,0.0,1.598556,-0.003452
exact_text_unique_sensitivity,One deterministic representative per combined-text SHA-256 value; sensitivity population only,13. Bank Logs,462,bank_log_sale,Compromised bank log sale or discussion,email_access_takeover,Email-access-enabled account takeover,53,124,9,276,0.284946,2.231274,53,0,0.284946,0.0,2.236104,-0.00483
exact_text_unique_sensitivity,One deterministic representative per combined-text SHA-256 value; sensitivity population only,13. Bank Logs,462,bank_log_sale,Compromised bank log sale or discussion,escrow_trust_reputation,"Escrow, trust, reputation, or scam-risk discourse",48,129,72,213,0.192771,1.044068,48,0,0.192771,0.0,1.046328,-0.00226
exact_text_unique_sensitivity,One deterministic representative per combined-text SHA-256 value; sensitivity population only,13. Bank Logs,462,bank_log_sale,Compromised bank log sale or discussion,fullz_identity_package,Fullz or identity package,60,117,64,221,0.248963,1.262985,60,0,0.248963,0.0,1.265719,-0.002734
exact_text_unique_sensitivity,One deterministic representative per combined-text SHA-256 value; sensitivity population only,13. Bank Logs,462,bank_log_sale,Compromised bank log sale or discussion,jurisdiction_localisation,Jurisdiction-specific bank or account reference,73,104,43,242,0.331818,1.642607,73,0,0.331818,0.0,1.646162,-0.003555
exact_text_unique_sensitivity,One deterministic representative per combined-text SHA-256 value; sensitivity population only,13. Bank Logs,462,bank_log_sale,Compromised bank log sale or discussion,mule_recruitment,Mule recruitment or account-holder solicitation,7,170,2,283,0.039106,2.030132,7,0,0.039106,0.0,2.034526,-0.004394
exact_text_unique_sensitivity,One deterministic representative per combined-text SHA-256 value; sensitivity population only,13. Bank Logs,462,bank_log_sale,Compromised bank log sale or discussion,telegram_off_platform,Telegram or private-channel coordination reference,24,153,57,228,0.102564,0.773384,24,0,0.102564,0.0,0.775058,-0.001674
exact_text_unique_sensitivity,One deterministic representative per combined-text SHA-256 value; sensitivity population only,13. Bank Logs,462,bank_log_sale,Compromised bank log sale or discussion,tutorial_training_recruitment,"Tutorial, guide, or training content",62,115,42,243,0.283105,1.556063,62,0,0.283105,0.0,1.559431,-0.003368
exact_text_unique_sensitivity,One deterministic representative per combined-text SHA-256 value; sensitivity population only,13. Bank Logs,462,cashout_laundering_service,Cash-out or laundering service,crypto_payment_or_conversion,Cryptocurrency payment or conversion reference,59,59,67,277,0.318919,1.833333,59,0,0.318919,0.0,1.837302,-0.003969
exact_text_unique_sensitivity,One deterministic representative per combined-text SHA-256 value; sensitivity population only,13. Bank Logs,462,cashout_laundering_service,Cash-out or laundering service,email_access_takeover,Email-access-enabled account takeover,15,103,47,297,0.090909,0.947239,15,0,0.090909,0.0,0.949289,-0.00205
exact_text_unique_sensitivity,One deterministic representative per combined-text SHA-256 value; sensitivity population only,13. Bank Logs,462,cashout_laundering_service,Cash-out or laundering service,escrow_trust_reputation,"Escrow, trust, reputation, or scam-risk discourse",32,86,88,256,0.15534,1.044068,32,0,0.15534,0.0,1.046328,-0.00226
exact_text_unique_sensitivity,One deterministic representative per combined-text SHA-256 value; sensitivity population only,13. Bank Logs,462,cashout_laundering_service,Cash-out or laundering service,fullz_identity_package,Fullz or identity package,34,84,90,254,0.163462,1.073537,34,0,0.163462,0.0,1.075861,-0.002324
exact_text_unique_sensitivity,One deterministic representative per combined-text SHA-256 value; sensitivity population only,13. Bank Logs,462,cashout_laundering_service,Cash-out or laundering service,jurisdiction_localisation,Jurisdiction-specific bank or account reference,33,85,83,261,0.164179,1.113822,33,0,0.164179,0.0,1.116233,-0.002411
exact_text_unique_sensitivity,One deterministic representative per combined-text SHA-256 value; sensitivity population only,13. Bank Logs,462,cashout_laundering_service,Cash-out or laundering service,mule_recruitment,Mule recruitment or account-holder solicitation,7,111,2,342,0.058333,3.045198,7,0,0.058333,0.0,3.051789,-0.006591
exact_text_unique_sensitivity,One deterministic representative per combined-text SHA-256 value; sensitivity population only,13. Bank Logs,462,cashout_laundering_service,Cash-out or laundering service,telegram_off_platform,Telegram or private-channel coordination reference,39,79,42,302,0.24375,1.885122,39,0,0.24375,0.0,1.889203,-0.004081
exact_text_unique_sensitivity,One deterministic representative per combined-text SHA-256 value; sensitivity population only,13. Bank Logs,462,cashout_laundering_service,Cash-out or laundering service,tutorial_training_recruitment,"Tutorial, guide, or training content",46,72,58,286,0.261364,1.731747,46,0,0.261364,0.0,1.735495,-0.003748
exact_text_unique_sensitivity,One deterministic representative per combined-text SHA-256 value; sensitivity population only,13. Bank Logs,462,crypto_payment_or_conversion,Cryptocurrency payment or conversion reference,email_access_takeover,Email-access-enabled account takeover,17,109,45,291,0.099415,1.005376,17,0,0.099415,0.0,1.007552,-0.002176
exact_text_unique_sensitivity,One deterministic representative per combined-text SHA-256 value; sensitivity population only,13. Bank Logs,462,crypto_payment_or_conversion,Cryptocurrency payment or conversion reference,escrow_trust_reputation,"Escrow, trust, reputation, or scam-risk discourse",52,74,68,268,0.268041,1.588889,52,0,0.268041,0.0,1.592328,-0.003439
exact_text_unique_sensitivity,One deterministic representative per combined-text SHA-256 value; sensitivity population only,13. Bank Logs,462,crypto_payment_or_conversion,Cryptocurrency payment or conversion reference,fullz_identity_package,Fullz or identity package,44,82,80,256,0.213592,1.301075,44,0,0.213592,0.0,1.303891,-0.002816
exact_text_unique_sensitivity,One deterministic representative per combined-text SHA-256 value; sensitivity population only,13. Bank Logs,462,crypto_payment_or_conversion,Cryptocurrency payment or conversion reference,jurisdiction_localisation,Jurisdiction-specific bank or account reference,35,91,81,255,0.169082,1.106322,35,0,0.169082,0.0,1.108716,-0.002394
exact_text_unique_sensitivity,One deterministic representative per combined-text SHA-256 value; sensitivity population only,13. Bank Logs,462,crypto_payment_or_conversion,Cryptocurrency payment or conversion reference,mule_recruitment,Mule recruitment or account-holder solicitation,7,119,2,334,0.054688,2.851852,7,0,0.054688,0.0,2.858025,-0.006173
exact_text_unique_sensitivity,One deterministic representative per combined-text SHA-256 value; sensitivity population only,13. Bank Logs,462,crypto_payment_or_conversion,Cryptocurrency payment or conversion reference,telegram_off_platform,Telegram or private-channel coordination reference,34,92,47,289,0.196532,1.539095,34,0,0.196532,0.0,1.542426,-0.003331
exact_text_unique_sensitivity,One deterministic representative per combined-text SHA-256 value; sensitivity population only,13. Bank Logs,462,crypto_payment_or_conversion,Cryptocurrency payment or conversion reference,tutorial_training_recruitment,"Tutorial, guide, or training content",44,82,60,276,0.236559,1.551282,44,0,0.236559,0.0,1.55464,-0.003358
exact_text_unique_sensitivity,One deterministic representative per combined-text SHA-256 value; sensitivity population only,13. Bank Logs,462,email_access_takeover,Email-access-enabled account takeover,escrow_trust_reputation,"Escrow, trust, reputation, or scam-risk discourse",13,49,107,293,0.076923,0.807258,13,0,0.076923,0.0,0.809005,-0.001747
exact_text_unique_sensitivity,One deterministic representative per combined-text SHA-256 value; sensitivity population only,13. Bank Logs,462,email_access_takeover,Email-access-enabled account takeover,fullz_identity_package,Fullz or identity package,24,38,100,300,0.148148,1.442248,24,0,0.148148,0.0,1.445369,-0.003121
exact_text_unique_sensitivity,One deterministic representative per combined-text SHA-256 value; sensitivity population only,13. Bank Logs,462,email_access_takeover,Email-access-enabled account takeover,jurisdiction_localisation,Jurisdiction-specific bank or account reference,40,22,76,324,0.289855,2.569522,40,0,0.289855,0.0,2.575083,-0.005561
exact_text_unique_sensitivity,One deterministic representative per combined-text SHA-256 value; sensitivity population only,13. Bank Logs,462,email_access_takeover,Email-access-enabled account takeover,mule_recruitment,Mule recruitment or account-holder solicitation,0,62,9,391,0.0,0.0,0,0,0.0,0.0,0.0,0.0
exact_text_unique_sensitivity,One deterministic representative per combined-text SHA-256 value; sensitivity population only,13. Bank Logs,462,email_access_takeover,Email-access-enabled account takeover,telegram_off_platform,Telegram or private-channel coordination reference,10,52,71,329,0.075188,0.919952,10,0,0.075188,0.0,0.921943,-0.001991
exact_text_unique_sensitivity,One deterministic representative per combined-text SHA-256 value; sensitivity population only,13. Bank Logs,462,email_access_takeover,Email-access-enabled account takeover,tutorial_training_recruitment,"Tutorial, guide, or training content",20,42,84,316,0.136986,1.433002,20,0,0.136986,0.0,1.436104,-0.003102
exact_text_unique_sensitivity,One deterministic representative per combined-text SHA-256 value; sensitivity population only,13. Bank Logs,462,escrow_trust_reputation,"Escrow, trust, reputation, or scam-risk discourse",fullz_identity_package,Fullz or identity package,34,86,90,252,0.161905,1.055645,34,0,0.161905,0.0,1.05793,-0.002285
exact_text_unique_sensitivity,One deterministic representative per combined-text SHA-256 value; sensitivity population only,13. Bank Logs,462,escrow_trust_reputation,"Escrow, trust, reputation, or scam-risk discourse",jurisdiction_localisation,Jurisdiction-specific bank or account reference,34,86,82,260,0.168317,1.128448,34,0,0.168317,0.0,1.130891,-0.002443
exact_text_unique_sensitivity,One deterministic representative per combined-text SHA-256 value; sensitivity population only,13. Bank Logs,462,escrow_trust_reputation,"Escrow, trust, reputation, or scam-risk discourse",mule_recruitment,Mule recruitment or account-holder solicitation,5,115,4,338,0.040323,2.138889,5,0,0.040323,0.0,2.143519,-0.00463
exact_text_unique_sensitivity,One deterministic representative per combined-text SHA-256 value; sensitivity population only,13. Bank Logs,462,escrow_trust_reputation,"Escrow, trust, reputation, or scam-risk discourse",telegram_off_platform,Telegram or private-channel coordination reference,25,95,56,286,0.142045,1.188272,25,0,0.142045,0.0,1.190844,-0.002572
exact_text_unique_sensitivity,One deterministic representative per combined-text SHA-256 value; sensitivity population only,13. Bank Logs,462,escrow_trust_reputation,"Escrow, trust, reputation, or scam-risk discourse",tutorial_training_recruitment,"Tutorial, guide, or training content",37,83,67,275,0.197861,1.369712,37,0,0.197861,0.0,1.372676,-0.002964
exact_text_unique_sensitivity,One deterministic representative per combined-text SHA-256 value; sensitivity population only,13. Bank Logs,462,fullz_identity_package,Fullz or identity package,jurisdiction_localisation,Jurisdiction-specific bank or account reference,44,80,72,266,0.22449,1.413237,44,0,0.22449,0.0,1.416296,-0.003059
exact_text_unique_sensitivity,One deterministic representative per combined-text SHA-256 value; sensitivity population only,13. Bank Logs,462,fullz_identity_package,Fullz or identity package,mule_recruitment,Mule recruitment or account-holder solicitation,4,120,5,333,0.031008,1.655914,4,0,0.031008,0.0,1.659498,-0.003584
exact_text_unique_sensitivity,One deterministic representative per combined-text SHA-256 value; sensitivity population only,13. Bank Logs,462,fullz_identity_package,Fullz or identity package,telegram_off_platform,Telegram or private-channel coordination reference,30,94,51,287,0.171429,1.379928,30,0,0.171429,0.0,1.382915,-0.002987
exact_text_unique_sensitivity,One deterministic representative per combined-text SHA-256 value; sensitivity population only,13. Bank Logs,462,fullz_identity_package,Fullz or identity package,tutorial_training_recruitment,"Tutorial, guide, or training content",40,84,64,274,0.212766,1.433002,40,0,0.212766,0.0,1.436104,-0.003102
exact_text_unique_sensitivity,One deterministic representative per combined-text SHA-256 value; sensitivity population only,13. Bank Logs,462,jurisdiction_localisation,Jurisdiction-specific bank or account reference,mule_recruitment,Mule recruitment or account-holder solicitation,4,112,5,341,0.033058,1.770115,4,0,0.033058,0.0,1.773946,-0.003831
exact_text_unique_sensitivity,One deterministic representative per combined-text SHA-256 value; sensitivity population only,13. Bank Logs,462,jurisdiction_localisation,Jurisdiction-specific bank or account reference,telegram_off_platform,Telegram or private-channel coordination reference,18,98,63,283,0.100559,0.885057,18,0,0.100559,0.0,0.886973,-0.001916
exact_text_unique_sensitivity,One deterministic representative per combined-text SHA-256 value; sensitivity population only,13. Bank Logs,462,jurisdiction_localisation,Jurisdiction-specific bank or account reference,tutorial_training_recruitment,"Tutorial, guide, or training content",30,86,74,272,0.157895,1.148873,30,0,0.157895,0.0,1.151359,-0.002486
exact_text_unique_sensitivity,One deterministic representative per combined-text SHA-256 value; sensitivity population only,13. Bank Logs,462,mule_recruitment,Mule recruitment or account-holder solicitation,telegram_off_platform,Telegram or private-channel coordination reference,7,2,74,379,0.084337,4.436214,7,0,0.084337,0.0,4.445816,-0.009602
exact_text_unique_sensitivity,One deterministic representative per combined-text SHA-256 value; sensitivity population only,13. Bank Logs,462,mule_recruitment,Mule recruitment or account-holder solicitation,tutorial_training_recruitment,"Tutorial, guide, or training content",5,4,99,354,0.046296,2.467949,5,0,0.046296,0.0,2.473291,-0.005342
exact_text_unique_sensitivity,One deterministic representative per combined-text SHA-256 value; sensitivity population only,13. Bank Logs,462,telegram_off_platform,Telegram or private-channel coordination reference,tutorial_training_recruitment,"Tutorial, guide, or training content",29,52,75,306,0.185897,1.590456,29,0,0.185897,0.0,1.593898,-0.003442
exact_text_unique_sensitivity,One deterministic representative per combined-text SHA-256 value; sensitivity population only,14. Lonely Road,459,bank_drop_sale,Bank drop sale or bank-drop infrastructure,bank_log_sale,Compromised bank log sale or discussion,76,40,100,243,0.351852,1.70866,76,0,0.35023,0.001622,1.713813,-0.005153
exact_text_unique_sensitivity,One deterministic representative per combined-text SHA-256 value; sensitivity population only,14. Lonely Road,459,bank_drop_sale,Bank drop sale or bank-drop infrastructure,cashout_laundering_service,Cash-out or laundering service,31,85,87,256,0.152709,1.039524,31,0,0.152709,0.0,1.048583,-0.009059
exact_text_unique_sensitivity,One deterministic representative per combined-text SHA-256 value; sensitivity population only,14. Lonely Road,459,bank_drop_sale,Bank drop sale or bank-drop infrastructure,crypto_payment_or_conversion,Cryptocurrency payment or conversion reference,38,78,85,258,0.189055,1.222456,38,0,0.186275,0.00278,1.203749,0.018707
exact_text_unique_sensitivity,One deterministic representative per combined-text SHA-256 value; sensitivity population only,14. Lonely Road,459,bank_drop_sale,Bank drop sale or bank-drop infrastructure,email_access_takeover,Email-access-enabled account takeover,28,88,34,309,0.186667,1.786986,28,0,0.186667,0.0,1.802558,-0.015572
exact_text_unique_sensitivity,One deterministic representative per combined-text SHA-256 value; sensitivity population only,14. Lonely Road,459,bank_drop_sale,Bank drop sale or bank-drop infrastructure,escrow_trust_reputation,"Escrow, trust, reputation, or scam-risk discourse",33,83,87,256,0.162562,1.088147,33,0,0.162562,0.0,1.097629,-0.009482
exact_text_unique_sensitivity,One deterministic representative per combined-text SHA-256 value; sensitivity population only,14. Lonely Road,459,bank_drop_sale,Bank drop sale or bank-drop infrastructure,fullz_identity_package,Fullz or identity package,60,56,64,279,0.333333,1.914627,60,0,0.333333,0.0,1.931313,-0.016686
exact_text_unique_sensitivity,One deterministic representative per combined-text SHA-256 value; sensitivity population only,14. Lonely Road,459,bank_drop_sale,Bank drop sale or bank-drop infrastructure,jurisdiction_localisation,Jurisdiction-specific bank or account reference,62,54,53,290,0.366864,2.133283,62,0,0.364706,0.002158,2.133323,-4e-05
exact_text_unique_sensitivity,One deterministic representative per combined-text SHA-256 value; sensitivity population only,14. Lonely Road,459,bank_drop_sale,Bank drop sale or bank-drop infrastructure,mule_recruitment,Mule recruitment or account-holder solicitation,4,112,5,338,0.033058,1.758621,4,0,0.033058,0.0,1.773946,-0.015325
exact_text_unique_sensitivity,One deterministic representative per combined-text SHA-256 value; sensitivity population only,14. Lonely Road,459,bank_drop_sale,Bank drop sale or bank-drop infrastructure,telegram_off_platform,Telegram or private-channel coordination reference,13,103,68,275,0.070652,0.635057,13,0,0.070652,0.0,0.640592,-0.005535
exact_text_unique_sensitivity,One deterministic representative per combined-text SHA-256 value; sensitivity population only,14. Lonely Road,459,bank_drop_sale,Bank drop sale or bank-drop infrastructure,tutorial_training_recruitment,"Tutorial, guide, or training content",38,78,66,277,0.208791,1.445789,38,0,0.208791,0.0,1.458389,-0.0126
exact_text_unique_sensitivity,One deterministic representative per combined-text SHA-256 value; sensitivity population only,14. Lonely Road,459,bank_log_sale,Compromised bank log sale or discussion,cashout_laundering_service,Cash-out or laundering service,66,110,52,231,0.289474,1.458686,66,0,0.28821,0.001264,1.463085,-0.004399
exact_text_unique_sensitivity,One deterministic representative per combined-text SHA-256 value; sensitivity population only,14. Lonely Road,459,bank_log_sale,Compromised bank log sale or discussion,crypto_payment_or_conversion,Cryptocurrency payment or conversion reference,76,100,47,236,0.340807,1.611419,77,-1,0.340708,9.9e-05,1.598556,0.012863
exact_text_unique_sensitivity,One deterministic representative per combined-text SHA-256 value; sensitivity population only,14. Lonely Road,459,bank_log_sale,Compromised bank log sale or discussion,email_access_takeover,Email-access-enabled account takeover,53,123,9,274,0.286486,2.22938,53,0,0.284946,0.00154,2.236104,-0.006724
exact_text_unique_sensitivity,One deterministic representative per combined-text SHA-256 value; sensitivity population only,14. Lonely Road,459,bank_log_sale,Compromised bank log sale or discussion,escrow_trust_reputation,"Escrow, trust, reputation, or scam-risk discourse",48,128,72,211,0.193548,1.043182,48,0,0.192771,0.000777,1.046328,-0.003146
exact_text_unique_sensitivity,One deterministic representative per combined-text SHA-256 value; sensitivity population only,14. Lonely Road,459,bank_log_sale,Compromised bank log sale or discussion,fullz_identity_package,Fullz or identity package,60,116,64,219,0.25,1.261913,60,0,0.248963,0.001037,1.265719,-0.003806
exact_text_unique_sensitivity,One deterministic representative per combined-text SHA-256 value; sensitivity population only,14. Lonely Road,459,bank_log_sale,Compromised bank log sale or discussion,jurisdiction_localisation,Jurisdiction-specific bank or account reference,73,103,42,241,0.334862,1.655484,73,0,0.331818,0.003044,1.646162,0.009322
exact_text_unique_sensitivity,One deterministic representative per combined-text SHA-256 value; sensitivity population only,14. Lonely Road,459,bank_log_sale,Compromised bank log sale or discussion,mule_recruitment,Mule recruitment or account-holder solicitation,7,169,2,281,0.039326,2.028409,7,0,0.039106,0.00022,2.034526,-0.006117
exact_text_unique_sensitivity,One deterministic representative per combined-text SHA-256 value; sensitivity population only,14. Lonely Road,459,bank_log_sale,Compromised bank log sale or discussion,telegram_off_platform,Telegram or private-channel coordination reference,24,152,57,226,0.103004,0.772727,24,0,0.102564,0.00044,0.775058,-0.002331
exact_text_unique_sensitivity,One deterministic representative per combined-text SHA-256 value; sensitivity population only,14. Lonely Road,459,bank_log_sale,Compromised bank log sale or discussion,tutorial_training_recruitment,"Tutorial, guide, or training content",62,114,42,241,0.284404,1.554742,62,0,0.283105,0.001299,1.559431,-0.004689
exact_text_unique_sensitivity,One deterministic representative per combined-text SHA-256 value; sensitivity population only,14. Lonely Road,459,cashout_laundering_service,Cash-out or laundering service,crypto_payment_or_conversion,Cryptocurrency payment or conversion reference,59,59,64,277,0.324176,1.865854,59,0,0.318919,0.005257,1.837302,0.028552
exact_text_unique_sensitivity,One deterministic representative per combined-text SHA-256 value; sensitivity population only,14. Lonely Road,459,cashout_laundering_service,Cash-out or laundering service,email_access_takeover,Email-access-enabled account takeover,15,103,47,294,0.090909,0.941088,15,0,0.090909,0.0,0.949289,-0.008201
exact_text_unique_sensitivity,One deterministic representative per combined-text SHA-256 value; sensitivity population only,14. Lonely Road,459,cashout_laundering_service,Cash-out or laundering service,escrow_trust_reputation,"Escrow, trust, reputation, or scam-risk discourse",32,86,88,253,0.15534,1.037288,32,0,0.15534,0.0,1.046328,-0.00904
exact_text_unique_sensitivity,One deterministic representative per combined-text SHA-256 value; sensitivity population only,14. Lonely Road,459,cashout_laundering_service,Cash-out or laundering service,fullz_identity_package,Fullz or identity package,34,84,90,251,0.163462,1.066566,34,0,0.163462,0.0,1.075861,-0.009295
exact_text_unique_sensitivity,One deterministic representative per combined-text SHA-256 value; sensitivity population only,14. Lonely Road,459,cashout_laundering_service,Cash-out or laundering service,jurisdiction_localisation,Jurisdiction-specific bank or account reference,33,85,82,259,0.165,1.116212,33,0,0.164179,0.000821,1.116233,-2.1e-05
exact_text_unique_sensitivity,One deterministic representative per combined-text SHA-256 value; sensitivity population only,14. Lonely Road,459,cashout_laundering_service,Cash-out or laundering service,mule_recruitment,Mule recruitment or account-holder solicitation,7,111,2,339,0.058333,3.025424,7,0,0.058333,0.0,3.051789,-0.026365
exact_text_unique_sensitivity,One deterministic representative per combined-text SHA-256 value; sensitivity population only,14. Lonely Road,459,cashout_laundering_service,Cash-out or laundering service,telegram_off_platform,Telegram or private-channel coordination reference,39,79,42,299,0.24375,1.872881,39,0,0.24375,0.0,1.889203,-0.016322
exact_text_unique_sensitivity,One deterministic representative per combined-text SHA-256 value; sensitivity population only,14. Lonely Road,459,cashout_laundering_service,Cash-out or laundering service,tutorial_training_recruitment,"Tutorial, guide, or training content",46,72,58,283,0.261364,1.720502,46,0,0.261364,0.0,1.735495,-0.014993
exact_text_unique_sensitivity,One deterministic representative per combined-text SHA-256 value; sensitivity population only,14. Lonely Road,459,crypto_payment_or_conversion,Cryptocurrency payment or conversion reference,email_access_takeover,Email-access-enabled account takeover,17,106,45,291,0.10119,1.02321,17,0,0.099415,0.001775,1.007552,0.015658
exact_text_unique_sensitivity,One deterministic representative per combined-text SHA-256 value; sensitivity population only,14. Lonely Road,459,crypto_payment_or_conversion,Cryptocurrency payment or conversion reference,escrow_trust_reputation,"Escrow, trust, reputation, or scam-risk discourse",52,71,68,268,0.272251,1.617073,52,0,0.268041,0.00421,1.592328,0.024745
exact_text_unique_sensitivity,One deterministic representative per combined-text SHA-256 value; sensitivity population only,14. Lonely Road,459,crypto_payment_or_conversion,Cryptocurrency payment or conversion reference,fullz_identity_package,Fullz or identity package,44,79,80,256,0.216749,1.324154,44,0,0.213592,0.003157,1.303891,0.020263
exact_text_unique_sensitivity,One deterministic representative per combined-text SHA-256 value; sensitivity population only,14. Lonely Road,459,crypto_payment_or_conversion,Cryptocurrency payment or conversion reference,jurisdiction_localisation,Jurisdiction-specific bank or account reference,35,88,80,256,0.172414,1.135737,35,0,0.169082,0.003332,1.108716,0.027021
exact_text_unique_sensitivity,One deterministic representative per combined-text SHA-256 value; sensitivity population only,14. Lonely Road,459,crypto_payment_or_conversion,Cryptocurrency payment or conversion reference,mule_recruitment,Mule recruitment or account-holder solicitation,7,116,2,334,0.056,2.902439,7,0,0.054688,0.001312,2.858025,0.044414
exact_text_unique_sensitivity,One deterministic representative per combined-text SHA-256 value; sensitivity population only,14. Lonely Road,459,crypto_payment_or_conversion,Cryptocurrency payment or conversion reference,telegram_off_platform,Telegram or private-channel coordination reference,34,89,47,289,0.2,1.566396,34,0,0.196532,0.003468,1.542426,0.02397
exact_text_unique_sensitivity,One deterministic representative per combined-text SHA-256 value; sensitivity population only,14. Lonely Road,459,crypto_payment_or_conversion,Cryptocurrency payment or conversion reference,tutorial_training_recruitment,"Tutorial, guide, or training content",44,79,60,276,0.240437,1.578799,44,0,0.236559,0.003878,1.55464,0.024159
exact_text_unique_sensitivity,One deterministic representative per combined-text SHA-256 value; sensitivity population only,14. Lonely Road,459,email_access_takeover,Email-access-enabled account takeover,escrow_trust_reputation,"Escrow, trust, reputation, or scam-risk discourse",13,49,107,290,0.076923,0.802016,13,0,0.076923,0.0,0.809005,-0.006989
exact_text_unique_sensitivity,One deterministic representative per combined-text SHA-256 value; sensitivity population only,14. Lonely Road,459,email_access_takeover,Email-access-enabled account takeover,fullz_identity_package,Fullz or identity package,24,38,100,297,0.148148,1.432882,24,0,0.148148,0.0,1.445369,-0.012487
exact_text_unique_sensitivity,One deterministic representative per combined-text SHA-256 value; sensitivity population only,14. Lonely Road,459,email_access_takeover,Email-access-enabled account takeover,jurisdiction_localisation,Jurisdiction-specific bank or account reference,40,22,75,322,0.291971,2.575035,40,0,0.289855,0.002116,2.575083,-4.8e-05
exact_text_unique_sensitivity,One deterministic representative per combined-text SHA-256 value; sensitivity population only,14. Lonely Road,459,email_access_takeover,Email-access-enabled account takeover,mule_recruitment,Mule recruitment or account-holder solicitation,0,62,9,388,0.0,0.0,0,0,0.0,0.0,0.0,0.0
exact_text_unique_sensitivity,One deterministic representative per combined-text SHA-256 value; sensitivity population only,14. Lonely Road,459,email_access_takeover,Email-access-enabled account takeover,telegram_off_platform,Telegram or private-channel coordination reference,10,52,71,326,0.075188,0.913978,10,0,0.075188,0.0,0.921943,-0.007965
exact_text_unique_sensitivity,One deterministic representative per combined-text SHA-256 value; sensitivity population only,14. Lonely Road,459,email_access_takeover,Email-access-enabled account takeover,tutorial_training_recruitment,"Tutorial, guide, or training content",20,42,84,313,0.136986,1.423697,20,0,0.136986,0.0,1.436104,-0.012407
exact_text_unique_sensitivity,One deterministic representative per combined-text SHA-256 value; sensitivity population only,14. Lonely Road,459,escrow_trust_reputation,"Escrow, trust, reputation, or scam-risk discourse",fullz_identity_package,Fullz or identity package,34,86,90,249,0.161905,1.04879,34,0,0.161905,0.0,1.05793,-0.00914
exact_text_unique_sensitivity,One deterministic representative per combined-text SHA-256 value; sensitivity population only,14. Lonely Road,459,escrow_trust_reputation,"Escrow, trust, reputation, or scam-risk discourse",jurisdiction_localisation,Jurisdiction-specific bank or account reference,34,86,81,258,0.169154,1.13087,34,0,0.168317,0.000837,1.130891,-2.1e-05
exact_text_unique_sensitivity,One deterministic representative per combined-text SHA-256 value; sensitivity population only,14. Lonely Road,459,escrow_trust_reputation,"Escrow, trust, reputation, or scam-risk discourse",mule_recruitment,Mule recruitment or account-holder solicitation,5,115,4,335,0.040323,2.125,5,0,0.040323,0.0,2.143519,-0.018519
exact_text_unique_sensitivity,One deterministic representative per combined-text SHA-256 value; sensitivity population only,14. Lonely Road,459,escrow_trust_reputation,"Escrow, trust, reputation, or scam-risk discourse",telegram_off_platform,Telegram or private-channel coordination reference,25,95,56,283,0.142045,1.180556,25,0,0.142045,0.0,1.190844,-0.010288
exact_text_unique_sensitivity,One deterministic representative per combined-text SHA-256 value; sensitivity population only,14. Lonely Road,459,escrow_trust_reputation,"Escrow, trust, reputation, or scam-risk discourse",tutorial_training_recruitment,"Tutorial, guide, or training content",37,83,67,272,0.197861,1.360817,37,0,0.197861,0.0,1.372676,-0.011859
exact_text_unique_sensitivity,One deterministic representative per combined-text SHA-256 value; sensitivity population only,14. Lonely Road,459,fullz_identity_package,Fullz or identity package,jurisdiction_localisation,Jurisdiction-specific bank or account reference,44,80,71,264,0.225641,1.416269,44,0,0.22449,0.001151,1.416296,-2.7e-05
exact_text_unique_sensitivity,One deterministic representative per combined-text SHA-256 value; sensitivity population only,14. Lonely Road,459,fullz_identity_package,Fullz or identity package,mule_recruitment,Mule recruitment or account-holder solicitation,4,120,5,330,0.031008,1.645161,4,0,0.031008,0.0,1.659498,-0.014337
exact_text_unique_sensitivity,One deterministic representative per combined-text SHA-256 value; sensitivity population only,14. Lonely Road,459,fullz_identity_package,Fullz or identity package,telegram_off_platform,Telegram or private-channel coordination reference,30,94,51,284,0.171429,1.370968,30,0,0.171429,0.0,1.382915,-0.011947
exact_text_unique_sensitivity,One deterministic representative per combined-text SHA-256 value; sensitivity population only,14. Lonely Road,459,fullz_identity_package,Fullz or identity package,tutorial_training_recruitment,"Tutorial, guide, or training content",40,84,64,271,0.212766,1.423697,40,0,0.212766,0.0,1.436104,-0.012407
exact_text_unique_sensitivity,One deterministic representative per combined-text SHA-256 value; sensitivity population only,14. Lonely Road,459,jurisdiction_localisation,Jurisdiction-specific bank or account reference,mule_recruitment,Mule recruitment or account-holder solicitation,4,111,5,339,0.033333,1.773913,4,0,0.033058,0.000275,1.773946,-3.3e-05
exact_text_unique_sensitivity,One deterministic representative per combined-text SHA-256 value; sensitivity population only,14. Lonely Road,459,jurisdiction_localisation,Jurisdiction-specific bank or account reference,telegram_off_platform,Telegram or private-channel coordination reference,18,97,63,281,0.101124,0.886957,18,0,0.100559,0.000565,0.886973,-1.6e-05
exact_text_unique_sensitivity,One deterministic representative per combined-text SHA-256 value; sensitivity population only,14. Lonely Road,459,jurisdiction_localisation,Jurisdiction-specific bank or account reference,tutorial_training_recruitment,"Tutorial, guide, or training content",30,85,74,270,0.15873,1.151338,30,0,0.157895,0.000835,1.151359,-2.1e-05
exact_text_unique_sensitivity,One deterministic representative per combined-text SHA-256 value; sensitivity population only,14. Lonely Road,459,mule_recruitment,Mule recruitment or account-holder solicitation,telegram_off_platform,Telegram or private-channel coordination reference,7,2,74,376,0.084337,4.407407,7,0,0.084337,0.0,4.445816,-0.038409
exact_text_unique_sensitivity,One deterministic representative per combined-text SHA-256 value; sensitivity population only,14. Lonely Road,459,mule_recruitment,Mule recruitment or account-holder solicitation,tutorial_training_recruitment,"Tutorial, guide, or training content",5,4,99,351,0.046296,2.451923,5,0,0.046296,0.0,2.473291,-0.021368
exact_text_unique_sensitivity,One deterministic representative per combined-text SHA-256 value; sensitivity population only,14. Lonely Road,459,telegram_off_platform,Telegram or private-channel coordination reference,tutorial_training_recruitment,"Tutorial, guide, or training content",29,52,75,303,0.185897,1.580128,29,0,0.185897,0.0,1.593898,-0.01377
exact_text_unique_sensitivity,One deterministic representative per combined-text SHA-256 value; sensitivity population only,15. Tenebris,457,bank_drop_sale,Bank drop sale or bank-drop infrastructure,bank_log_sale,Compromised bank log sale or discussion,76,39,98,244,0.356808,1.735732,76,0,0.35023,0.006578,1.713813,0.021919
exact_text_unique_sensitivity,One deterministic representative per combined-text SHA-256 value; sensitivity population only,15. Tenebris,457,bank_drop_sale,Bank drop sale or bank-drop infrastructure,cashout_laundering_service,Cash-out or laundering service,31,84,84,258,0.155779,1.071229,31,0,0.152709,0.00307,1.048583,0.022646
exact_text_unique_sensitivity,One deterministic representative per combined-text SHA-256 value; sensitivity population only,15. Tenebris,457,bank_drop_sale,Bank drop sale or bank-drop infrastructure,crypto_payment_or_conversion,Cryptocurrency payment or conversion reference,38,77,84,258,0.190955,1.237776,38,0,0.186275,0.00468,1.203749,0.034027
exact_text_unique_sensitivity,One deterministic representative per combined-text SHA-256 value; sensitivity population only,15. Tenebris,457,bank_drop_sale,Bank drop sale or bank-drop infrastructure,email_access_takeover,Email-access-enabled account takeover,28,87,33,309,0.189189,1.824091,28,0,0.186667,0.002522,1.802558,0.021533
exact_text_unique_sensitivity,One deterministic representative per combined-text SHA-256 value; sensitivity population only,15. Tenebris,457,bank_drop_sale,Bank drop sale or bank-drop infrastructure,escrow_trust_reputation,"Escrow, trust, reputation, or scam-risk discourse",33,82,84,258,0.165829,1.120847,33,0,0.162562,0.003267,1.097629,0.023218
exact_text_unique_sensitivity,One deterministic representative per combined-text SHA-256 value; sensitivity population only,15. Tenebris,457,bank_drop_sale,Bank drop sale or bank-drop infrastructure,fullz_identity_package,Fullz or identity package,60,55,64,278,0.335196,1.922861,60,0,0.333333,0.001863,1.931313,-0.008452
exact_text_unique_sensitivity,One deterministic representative per combined-text SHA-256 value; sensitivity population only,15. Tenebris,457,bank_drop_sale,Bank drop sale or bank-drop infrastructure,jurisdiction_localisation,Jurisdiction-specific bank or account reference,62,53,53,289,0.369048,2.142457,62,0,0.364706,0.004342,2.133323,0.009134
exact_text_unique_sensitivity,One deterministic representative per combined-text SHA-256 value; sensitivity population only,15. Tenebris,457,bank_drop_sale,Bank drop sale or bank-drop infrastructure,mule_recruitment,Mule recruitment or account-holder solicitation,4,111,5,337,0.033333,1.766184,4,0,0.033058,0.000275,1.773946,-0.007762
exact_text_unique_sensitivity,One deterministic representative per combined-text SHA-256 value; sensitivity population only,15. Tenebris,457,bank_drop_sale,Bank drop sale or bank-drop infrastructure,telegram_off_platform,Telegram or private-channel coordination reference,13,102,64,278,0.072626,0.67092,13,0,0.070652,0.001974,0.640592,0.030328
exact_text_unique_sensitivity,One deterministic representative per combined-text SHA-256 value; sensitivity population only,15. Tenebris,457,bank_drop_sale,Bank drop sale or bank-drop infrastructure,tutorial_training_recruitment,"Tutorial, guide, or training content",38,77,63,279,0.213483,1.495136,38,0,0.208791,0.004692,1.458389,0.036747
exact_text_unique_sensitivity,One deterministic representative per combined-text SHA-256 value; sensitivity population only,15. Tenebris,457,bank_log_sale,Compromised bank log sale or discussion,cashout_laundering_service,Cash-out or laundering service,63,111,52,231,0.278761,1.438831,66,-3,0.28821,-0.009449,1.463085,-0.024254
exact_text_unique_sensitivity,One deterministic representative per combined-text SHA-256 value; sensitivity population only,15. Tenebris,457,bank_log_sale,Compromised bank log sale or discussion,crypto_payment_or_conversion,Cryptocurrency payment or conversion reference,74,100,48,235,0.333333,1.593085,77,-3,0.340708,-0.007375,1.598556,-0.005471
exact_text_unique_sensitivity,One deterministic representative per combined-text SHA-256 value; sensitivity population only,15. Tenebris,457,bank_log_sale,Compromised bank log sale or discussion,email_access_takeover,Email-access-enabled account takeover,52,122,9,274,0.284153,2.23893,53,-1,0.284946,-0.000793,2.236104,0.002826
exact_text_unique_sensitivity,One deterministic representative per combined-text SHA-256 value; sensitivity population only,15. Tenebris,457,bank_log_sale,Compromised bank log sale or discussion,escrow_trust_reputation,"Escrow, trust, reputation, or scam-risk discourse",46,128,71,212,0.187755,1.032616,48,-2,0.192771,-0.005016,1.046328,-0.013712
exact_text_unique_sensitivity,One deterministic representative per combined-text SHA-256 value; sensitivity population only,15. Tenebris,457,bank_log_sale,Compromised bank log sale or discussion,fullz_identity_package,Fullz or identity package,60,114,64,219,0.252101,1.270857,60,0,0.248963,0.003138,1.265719,0.005138
exact_text_unique_sensitivity,One deterministic representative per combined-text SHA-256 value; sensitivity population only,15. Tenebris,457,bank_log_sale,Compromised bank log sale or discussion,jurisdiction_localisation,Jurisdiction-specific bank or account reference,72,102,43,240,0.331797,1.644378,73,-1,0.331818,-2.1e-05,1.646162,-0.001784
exact_text_unique_sensitivity,One deterministic representative per combined-text SHA-256 value; sensitivity population only,15. Tenebris,457,bank_log_sale,Compromised bank log sale or discussion,mule_recruitment,Mule recruitment or account-holder solicitation,7,167,2,281,0.039773,2.042784,7,0,0.039106,0.000667,2.034526,0.008258
exact_text_unique_sensitivity,One deterministic representative per combined-text SHA-256 value; sensitivity population only,15. Tenebris,457,bank_log_sale,Compromised bank log sale or discussion,telegram_off_platform,Telegram or private-channel coordination reference,21,153,56,227,0.091304,0.716301,24,-3,0.102564,-0.01126,0.775058,-0.058757
exact_text_unique_sensitivity,One deterministic representative per combined-text SHA-256 value; sensitivity population only,15. Tenebris,457,bank_log_sale,Compromised bank log sale or discussion,tutorial_training_recruitment,"Tutorial, guide, or training content",59,115,42,241,0.273148,1.534255,62,-3,0.283105,-0.009957,1.559431,-0.025176
exact_text_unique_sensitivity,One deterministic representative per combined-text SHA-256 value; sensitivity population only,15. Tenebris,457,cashout_laundering_service,Cash-out or laundering service,crypto_payment_or_conversion,Cryptocurrency payment or conversion reference,56,59,66,276,0.309392,1.824091,59,-3,0.318919,-0.009527,1.837302,-0.013211
exact_text_unique_sensitivity,One deterministic representative per combined-text SHA-256 value; sensitivity population only,15. Tenebris,457,cashout_laundering_service,Cash-out or laundering service,email_access_takeover,Email-access-enabled account takeover,14,101,47,295,0.08642,0.912046,15,-1,0.090909,-0.004489,0.949289,-0.037243
exact_text_unique_sensitivity,One deterministic representative per combined-text SHA-256 value; sensitivity population only,15. Tenebris,457,cashout_laundering_service,Cash-out or laundering service,escrow_trust_reputation,"Escrow, trust, reputation, or scam-risk discourse",30,85,87,255,0.148515,1.018952,32,-2,0.15534,-0.006825,1.046328,-0.027376
exact_text_unique_sensitivity,One deterministic representative per combined-text SHA-256 value; sensitivity population only,15. Tenebris,457,cashout_laundering_service,Cash-out or laundering service,fullz_identity_package,Fullz or identity package,34,81,90,252,0.165854,1.089621,34,0,0.163462,0.002392,1.075861,0.01376
exact_text_unique_sensitivity,One deterministic representative per combined-text SHA-256 value; sensitivity population only,15. Tenebris,457,cashout_laundering_service,Cash-out or laundering service,jurisdiction_localisation,Jurisdiction-specific bank or account reference,32,83,83,259,0.161616,1.105784,33,-1,0.164179,-0.002563,1.116233,-0.010449
exact_text_unique_sensitivity,One deterministic representative per combined-text SHA-256 value; sensitivity population only,15. Tenebris,457,cashout_laundering_service,Cash-out or laundering service,mule_recruitment,Mule recruitment or account-holder solicitation,7,108,2,340,0.059829,3.090821,7,0,0.058333,0.001496,3.051789,0.039032
exact_text_unique_sensitivity,One deterministic representative per combined-text SHA-256 value; sensitivity population only,15. Tenebris,457,cashout_laundering_service,Cash-out or laundering service,telegram_off_platform,Telegram or private-channel coordination reference,36,79,41,301,0.230769,1.857933,39,-3,0.24375,-0.012981,1.889203,-0.03127
exact_text_unique_sensitivity,One deterministic representative per combined-text SHA-256 value; sensitivity population only,15. Tenebris,457,cashout_laundering_service,Cash-out or laundering service,tutorial_training_recruitment,"Tutorial, guide, or training content",43,72,58,284,0.248555,1.691864,46,-3,0.261364,-0.012809,1.735495,-0.043631
exact_text_unique_sensitivity,One deterministic representative per combined-text SHA-256 value; sensitivity population only,15. Tenebris,457,crypto_payment_or_conversion,Cryptocurrency payment or conversion reference,email_access_takeover,Email-access-enabled account takeover,16,106,45,290,0.095808,0.982532,17,-1,0.099415,-0.003607,1.007552,-0.02502
exact_text_unique_sensitivity,One deterministic representative per combined-text SHA-256 value; sensitivity population only,15. Tenebris,457,crypto_payment_or_conversion,Cryptocurrency payment or conversion reference,escrow_trust_reputation,"Escrow, trust, reputation, or scam-risk discourse",49,73,68,267,0.257895,1.568796,52,-3,0.268041,-0.010146,1.592328,-0.023532
exact_text_unique_sensitivity,One deterministic representative per combined-text SHA-256 value; sensitivity population only,15. Tenebris,457,crypto_payment_or_conversion,Cryptocurrency payment or conversion reference,fullz_identity_package,Fullz or identity package,44,78,80,255,0.217822,1.329191,44,0,0.213592,0.00423,1.303891,0.0253
exact_text_unique_sensitivity,One deterministic representative per combined-text SHA-256 value; sensitivity population only,15. Tenebris,457,crypto_payment_or_conversion,Cryptocurrency payment or conversion reference,jurisdiction_localisation,Jurisdiction-specific bank or account reference,34,88,81,254,0.167488,1.107484,35,-1,0.169082,-0.001594,1.108716,-0.001232
exact_text_unique_sensitivity,One deterministic representative per combined-text SHA-256 value; sensitivity population only,15. Tenebris,457,crypto_payment_or_conversion,Cryptocurrency payment or conversion reference,mule_recruitment,Mule recruitment or account-holder solicitation,7,115,2,333,0.056452,2.913479,7,0,0.054688,0.001764,2.858025,0.055454
exact_text_unique_sensitivity,One deterministic representative per combined-text SHA-256 value; sensitivity population only,15. Tenebris,457,crypto_payment_or_conversion,Cryptocurrency payment or conversion reference,telegram_off_platform,Telegram or private-channel coordination reference,30,92,47,288,0.177515,1.459442,34,-4,0.196532,-0.019017,1.542426,-0.082984
exact_text_unique_sensitivity,One deterministic representative per combined-text SHA-256 value; sensitivity population only,15. Tenebris,457,crypto_payment_or_conversion,Cryptocurrency payment or conversion reference,tutorial_training_recruitment,"Tutorial, guide, or training content",41,81,60,275,0.225275,1.520614,44,-3,0.236559,-0.011284,1.55464,-0.034026
exact_text_unique_sensitivity,One deterministic representative per combined-text SHA-256 value; sensitivity population only,15. Tenebris,457,email_access_takeover,Email-access-enabled account takeover,escrow_trust_reputation,"Escrow, trust, reputation, or scam-risk discourse",12,49,105,291,0.072289,0.76839,13,-1,0.076923,-0.004634,0.809005,-0.040615
exact_text_unique_sensitivity,One deterministic representative per combined-text SHA-256 value; sensitivity population only,15. Tenebris,457,email_access_takeover,Email-access-enabled account takeover,fullz_identity_package,Fullz or identity package,24,37,100,296,0.149068,1.450026,24,0,0.148148,0.00092,1.445369,0.004657
exact_text_unique_sensitivity,One deterministic representative per combined-text SHA-256 value; sensitivity population only,15. Tenebris,457,email_access_takeover,Email-access-enabled account takeover,jurisdiction_localisation,Jurisdiction-specific bank or account reference,40,21,75,321,0.294118,2.605845,40,0,0.289855,0.004263,2.575083,0.030762
exact_text_unique_sensitivity,One deterministic representative per combined-text SHA-256 value; sensitivity population only,15. Tenebris,457,email_access_takeover,Email-access-enabled account takeover,mule_recruitment,Mule recruitment or account-holder solicitation,0,61,9,387,0.0,0.0,0,0,0.0,0.0,0.0,0.0
exact_text_unique_sensitivity,One deterministic representative per combined-text SHA-256 value; sensitivity population only,15. Tenebris,457,email_access_takeover,Email-access-enabled account takeover,telegram_off_platform,Telegram or private-channel coordination reference,9,52,68,328,0.069767,0.875665,10,-1,0.075188,-0.005421,0.921943,-0.046278
exact_text_unique_sensitivity,One deterministic representative per combined-text SHA-256 value; sensitivity population only,15. Tenebris,457,email_access_takeover,Email-access-enabled account takeover,tutorial_training_recruitment,"Tutorial, guide, or training content",19,42,82,314,0.132867,1.409349,20,-1,0.136986,-0.004119,1.436104,-0.026755
exact_text_unique_sensitivity,One deterministic representative per combined-text SHA-256 value; sensitivity population only,15. Tenebris,457,escrow_trust_reputation,"Escrow, trust, reputation, or scam-risk discourse",fullz_identity_package,Fullz or identity package,34,83,90,250,0.164251,1.070995,34,0,0.161905,0.002346,1.05793,0.013065
exact_text_unique_sensitivity,One deterministic representative per combined-text SHA-256 value; sensitivity population only,15. Tenebris,457,escrow_trust_reputation,"Escrow, trust, reputation, or scam-risk discourse",jurisdiction_localisation,Jurisdiction-specific bank or account reference,34,83,81,259,0.171717,1.154812,34,0,0.168317,0.0034,1.130891,0.023921
exact_text_unique_sensitivity,One deterministic representative per combined-text SHA-256 value; sensitivity population only,15. Tenebris,457,escrow_trust_reputation,"Escrow, trust, reputation, or scam-risk discourse",mule_recruitment,Mule recruitment or account-holder solicitation,5,112,4,336,0.041322,2.169991,5,0,0.040323,0.000999,2.143519,0.026472
exact_text_unique_sensitivity,One deterministic representative per combined-text SHA-256 value; sensitivity population only,15. Tenebris,457,escrow_trust_reputation,"Escrow, trust, reputation, or scam-risk discourse",telegram_off_platform,Telegram or private-channel coordination reference,22,95,55,285,0.127907,1.115995,25,-3,0.142045,-0.014138,1.190844,-0.074849
exact_text_unique_sensitivity,One deterministic representative per combined-text SHA-256 value; sensitivity population only,15. Tenebris,457,escrow_trust_reputation,"Escrow, trust, reputation, or scam-risk discourse",tutorial_training_recruitment,"Tutorial, guide, or training content",35,82,66,274,0.191257,1.353558,37,-2,0.197861,-0.006604,1.372676,-0.019118
exact_text_unique_sensitivity,One deterministic representative per combined-text SHA-256 value; sensitivity population only,15. Tenebris,457,fullz_identity_package,Fullz or identity package,jurisdiction_localisation,Jurisdiction-specific bank or account reference,44,80,71,262,0.225641,1.410098,44,0,0.22449,0.001151,1.416296,-0.006198
exact_text_unique_sensitivity,One deterministic representative per combined-text SHA-256 value; sensitivity population only,15. Tenebris,457,fullz_identity_package,Fullz or identity package,mule_recruitment,Mule recruitment or account-holder solicitation,4,120,5,328,0.031008,1.637993,4,0,0.031008,0.0,1.659498,-0.021505
exact_text_unique_sensitivity,One deterministic representative per combined-text SHA-256 value; sensitivity population only,15. Tenebris,457,fullz_identity_package,Fullz or identity package,telegram_off_platform,Telegram or private-channel coordination reference,30,94,47,286,0.175439,1.435903,30,0,0.171429,0.00401,1.382915,0.052988
exact_text_unique_sensitivity,One deterministic representative per combined-text SHA-256 value; sensitivity population only,15. Tenebris,457,fullz_identity_package,Fullz or identity package,tutorial_training_recruitment,"Tutorial, guide, or training content",40,84,61,272,0.216216,1.459598,40,0,0.212766,0.00345,1.436104,0.023494
exact_text_unique_sensitivity,One deterministic representative per combined-text SHA-256 value; sensitivity population only,15. Tenebris,457,jurisdiction_localisation,Jurisdiction-specific bank or account reference,mule_recruitment,Mule recruitment or account-holder solicitation,4,111,5,337,0.033333,1.766184,4,0,0.033058,0.000275,1.773946,-0.007762
exact_text_unique_sensitivity,One deterministic representative per combined-text SHA-256 value; sensitivity population only,15. Tenebris,457,jurisdiction_localisation,Jurisdiction-specific bank or account reference,telegram_off_platform,Telegram or private-channel coordination reference,17,98,60,282,0.097143,0.877357,18,-1,0.100559,-0.003416,0.886973,-0.009616
exact_text_unique_sensitivity,One deterministic representative per combined-text SHA-256 value; sensitivity population only,15. Tenebris,457,jurisdiction_localisation,Jurisdiction-specific bank or account reference,tutorial_training_recruitment,"Tutorial, guide, or training content",29,86,72,270,0.15508,1.141025,30,-1,0.157895,-0.002815,1.151359,-0.010334
exact_text_unique_sensitivity,One deterministic representative per combined-text SHA-256 value; sensitivity population only,15. Tenebris,457,mule_recruitment,Mule recruitment or account-holder solicitation,telegram_off_platform,Telegram or private-channel coordination reference,7,2,70,378,0.088608,4.616162,7,0,0.084337,0.004271,4.445816,0.170346
exact_text_unique_sensitivity,One deterministic representative per combined-text SHA-256 value; sensitivity population only,15. Tenebris,457,mule_recruitment,Mule recruitment or account-holder solicitation,tutorial_training_recruitment,"Tutorial, guide, or training content",5,4,96,352,0.047619,2.513751,5,0,0.046296,0.001323,2.473291,0.04046
exact_text_unique_sensitivity,One deterministic representative per combined-text SHA-256 value; sensitivity population only,15. Tenebris,457,telegram_off_platform,Telegram or private-channel coordination reference,tutorial_training_recruitment,"Tutorial, guide, or training content",26,51,75,305,0.171053,1.527838,29,-3,0.185897,-0.014844,1.593898,-0.06606
exact_text_unique_sensitivity,One deterministic representative per combined-text SHA-256 value; sensitivity population only,17. XmrBazaar,460,bank_drop_sale,Bank drop sale or bank-drop infrastructure,bank_log_sale,Compromised bank log sale or discussion,76,39,101,244,0.351852,1.717514,76,0,0.35023,0.001622,1.713813,0.003701
exact_text_unique_sensitivity,One deterministic representative per combined-text SHA-256 value; sensitivity population only,17. XmrBazaar,460,bank_drop_sale,Bank drop sale or bank-drop infrastructure,cashout_laundering_service,Cash-out or laundering service,31,84,87,258,0.153465,1.050847,31,0,0.152709,0.000756,1.048583,0.002264
exact_text_unique_sensitivity,One deterministic representative per combined-text SHA-256 value; sensitivity population only,17. XmrBazaar,460,bank_drop_sale,Bank drop sale or bank-drop infrastructure,crypto_payment_or_conversion,Cryptocurrency payment or conversion reference,37,78,87,258,0.183168,1.193548,38,-1,0.186275,-0.003107,1.203749,-0.010201
exact_text_unique_sensitivity,One deterministic representative per combined-text SHA-256 value; sensitivity population only,17. XmrBazaar,460,bank_drop_sale,Bank drop sale or bank-drop infrastructure,email_access_takeover,Email-access-enabled account takeover,28,87,34,311,0.187919,1.806452,28,0,0.186667,0.001252,1.802558,0.003894
exact_text_unique_sensitivity,One deterministic representative per combined-text SHA-256 value; sensitivity population only,17. XmrBazaar,460,bank_drop_sale,Bank drop sale or bank-drop infrastructure,escrow_trust_reputation,"Escrow, trust, reputation, or scam-risk discourse",33,82,86,259,0.164179,1.109244,33,0,0.162562,0.001617,1.097629,0.011615
exact_text_unique_sensitivity,One deterministic representative per combined-text SHA-256 value; sensitivity population only,17. XmrBazaar,460,bank_drop_sale,Bank drop sale or bank-drop infrastructure,fullz_identity_package,Fullz or identity package,60,55,64,281,0.335196,1.935484,60,0,0.333333,0.001863,1.931313,0.004171
exact_text_unique_sensitivity,One deterministic representative per combined-text SHA-256 value; sensitivity population only,17. XmrBazaar,460,bank_drop_sale,Bank drop sale or bank-drop infrastructure,jurisdiction_localisation,Jurisdiction-specific bank or account reference,62,53,54,291,0.366864,2.137931,62,0,0.364706,0.002158,2.133323,0.004608
exact_text_unique_sensitivity,One deterministic representative per combined-text SHA-256 value; sensitivity population only,17. XmrBazaar,460,bank_drop_sale,Bank drop sale or bank-drop infrastructure,mule_recruitment,Mule recruitment or account-holder solicitation,4,111,5,340,0.033333,1.777778,4,0,0.033058,0.000275,1.773946,0.003832
exact_text_unique_sensitivity,One deterministic representative per combined-text SHA-256 value; sensitivity population only,17. XmrBazaar,460,bank_drop_sale,Bank drop sale or bank-drop infrastructure,telegram_off_platform,Telegram or private-channel coordination reference,13,102,68,277,0.071038,0.641975,13,0,0.070652,0.000386,0.640592,0.001383
exact_text_unique_sensitivity,One deterministic representative per combined-text SHA-256 value; sensitivity population only,17. XmrBazaar,460,bank_drop_sale,Bank drop sale or bank-drop infrastructure,tutorial_training_recruitment,"Tutorial, guide, or training content",38,77,65,280,0.211111,1.475728,38,0,0.208791,0.00232,1.458389,0.017339
exact_text_unique_sensitivity,One deterministic representative per combined-text SHA-256 value; sensitivity population only,17. XmrBazaar,460,bank_log_sale,Compromised bank log sale or discussion,cashout_laundering_service,Cash-out or laundering service,66,111,52,231,0.28821,1.453605,66,0,0.28821,0.0,1.463085,-0.00948
exact_text_unique_sensitivity,One deterministic representative per combined-text SHA-256 value; sensitivity population only,17. XmrBazaar,460,bank_log_sale,Compromised bank log sale or discussion,crypto_payment_or_conversion,Cryptocurrency payment or conversion reference,77,100,47,236,0.34375,1.613814,77,0,0.340708,0.003042,1.598556,0.015258
exact_text_unique_sensitivity,One deterministic representative per combined-text SHA-256 value; sensitivity population only,17. XmrBazaar,460,bank_log_sale,Compromised bank log sale or discussion,email_access_takeover,Email-access-enabled account takeover,53,124,9,274,0.284946,2.221615,53,0,0.284946,0.0,2.236104,-0.014489
exact_text_unique_sensitivity,One deterministic representative per combined-text SHA-256 value; sensitivity population only,17. XmrBazaar,460,bank_log_sale,Compromised bank log sale or discussion,escrow_trust_reputation,"Escrow, trust, reputation, or scam-risk discourse",48,129,71,212,0.193548,1.048284,48,0,0.192771,0.000777,1.046328,0.001956
exact_text_unique_sensitivity,One deterministic representative per combined-text SHA-256 value; sensitivity population only,17. XmrBazaar,460,bank_log_sale,Compromised bank log sale or discussion,fullz_identity_package,Fullz or identity package,60,117,64,219,0.248963,1.257518,60,0,0.248963,0.0,1.265719,-0.008201
exact_text_unique_sensitivity,One deterministic representative per combined-text SHA-256 value; sensitivity population only,17. XmrBazaar,460,bank_log_sale,Compromised bank log sale or discussion,jurisdiction_localisation,Jurisdiction-specific bank or account reference,73,104,43,240,0.331818,1.635496,73,0,0.331818,0.0,1.646162,-0.010666
exact_text_unique_sensitivity,One deterministic representative per combined-text SHA-256 value; sensitivity population only,17. XmrBazaar,460,bank_log_sale,Compromised bank log sale or discussion,mule_recruitment,Mule recruitment or account-holder solicitation,7,170,2,281,0.039106,2.021343,7,0,0.039106,0.0,2.034526,-0.013183
exact_text_unique_sensitivity,One deterministic representative per combined-text SHA-256 value; sensitivity population only,17. XmrBazaar,460,bank_log_sale,Compromised bank log sale or discussion,telegram_off_platform,Telegram or private-channel coordination reference,24,153,57,226,0.102564,0.770036,24,0,0.102564,0.0,0.775058,-0.005022
exact_text_unique_sensitivity,One deterministic representative per combined-text SHA-256 value; sensitivity population only,17. XmrBazaar,460,bank_log_sale,Compromised bank log sale or discussion,tutorial_training_recruitment,"Tutorial, guide, or training content",62,115,41,242,0.284404,1.564368,62,0,0.283105,0.001299,1.559431,0.004937
exact_text_unique_sensitivity,One deterministic representative per combined-text SHA-256 value; sensitivity population only,17. XmrBazaar,460,cashout_laundering_service,Cash-out or laundering service,crypto_payment_or_conversion,Cryptocurrency payment or conversion reference,59,59,65,277,0.322404,1.854839,59,0,0.318919,0.003485,1.837302,0.017537
exact_text_unique_sensitivity,One deterministic representative per combined-text SHA-256 value; sensitivity population only,17. XmrBazaar,460,cashout_laundering_service,Cash-out or laundering service,email_access_takeover,Email-access-enabled account takeover,15,103,47,295,0.090909,0.943138,15,0,0.090909,0.0,0.949289,-0.006151
exact_text_unique_sensitivity,One deterministic representative per combined-text SHA-256 value; sensitivity population only,17. XmrBazaar,460,cashout_laundering_service,Cash-out or laundering service,escrow_trust_reputation,"Escrow, trust, reputation, or scam-risk discourse",32,86,87,255,0.156098,1.048284,32,0,0.15534,0.000758,1.046328,0.001956
exact_text_unique_sensitivity,One deterministic representative per combined-text SHA-256 value; sensitivity population only,17. XmrBazaar,460,cashout_laundering_service,Cash-out or laundering service,fullz_identity_package,Fullz or identity package,34,84,90,252,0.163462,1.06889,34,0,0.163462,0.0,1.075861,-0.006971
exact_text_unique_sensitivity,One deterministic representative per combined-text SHA-256 value; sensitivity population only,17. XmrBazaar,460,cashout_laundering_service,Cash-out or laundering service,jurisdiction_localisation,Jurisdiction-specific bank or account reference,33,85,83,259,0.164179,1.109001,33,0,0.164179,0.0,1.116233,-0.007232
exact_text_unique_sensitivity,One deterministic representative per combined-text SHA-256 value; sensitivity population only,17. XmrBazaar,460,cashout_laundering_service,Cash-out or laundering service,mule_recruitment,Mule recruitment or account-holder solicitation,7,111,2,340,0.058333,3.032015,7,0,0.058333,0.0,3.051789,-0.019774
exact_text_unique_sensitivity,One deterministic representative per combined-text SHA-256 value; sensitivity population only,17. XmrBazaar,460,cashout_laundering_service,Cash-out or laundering service,telegram_off_platform,Telegram or private-channel coordination reference,39,79,42,300,0.24375,1.876962,39,0,0.24375,0.0,1.889203,-0.012241
exact_text_unique_sensitivity,One deterministic representative per combined-text SHA-256 value; sensitivity population only,17. XmrBazaar,460,cashout_laundering_service,Cash-out or laundering service,tutorial_training_recruitment,"Tutorial, guide, or training content",46,72,57,285,0.262857,1.740991,46,0,0.261364,0.001493,1.735495,0.005496
exact_text_unique_sensitivity,One deterministic representative per combined-text SHA-256 value; sensitivity population only,17. XmrBazaar,460,crypto_payment_or_conversion,Cryptocurrency payment or conversion reference,email_access_takeover,Email-access-enabled account takeover,17,107,45,291,0.100592,1.01717,17,0,0.099415,0.001177,1.007552,0.009618
exact_text_unique_sensitivity,One deterministic representative per combined-text SHA-256 value; sensitivity population only,17. XmrBazaar,460,crypto_payment_or_conversion,Cryptocurrency payment or conversion reference,escrow_trust_reputation,"Escrow, trust, reputation, or scam-risk discourse",51,73,68,268,0.265625,1.589862,52,-1,0.268041,-0.002416,1.592328,-0.002466
exact_text_unique_sensitivity,One deterministic representative per combined-text SHA-256 value; sensitivity population only,17. XmrBazaar,460,crypto_payment_or_conversion,Cryptocurrency payment or conversion reference,fullz_identity_package,Fullz or identity package,44,80,80,256,0.215686,1.316337,44,0,0.213592,0.002094,1.303891,0.012446
exact_text_unique_sensitivity,One deterministic representative per combined-text SHA-256 value; sensitivity population only,17. XmrBazaar,460,crypto_payment_or_conversion,Cryptocurrency payment or conversion reference,jurisdiction_localisation,Jurisdiction-specific bank or account reference,35,89,81,255,0.170732,1.119299,35,0,0.169082,0.00165,1.108716,0.010583
exact_text_unique_sensitivity,One deterministic representative per combined-text SHA-256 value; sensitivity population only,17. XmrBazaar,460,crypto_payment_or_conversion,Cryptocurrency payment or conversion reference,mule_recruitment,Mule recruitment or account-holder solicitation,7,117,2,334,0.055556,2.885305,7,0,0.054688,0.000868,2.858025,0.02728
exact_text_unique_sensitivity,One deterministic representative per combined-text SHA-256 value; sensitivity population only,17. XmrBazaar,460,crypto_payment_or_conversion,Cryptocurrency payment or conversion reference,telegram_off_platform,Telegram or private-channel coordination reference,34,90,47,289,0.19883,1.557149,34,0,0.196532,0.002298,1.542426,0.014723
exact_text_unique_sensitivity,One deterministic representative per combined-text SHA-256 value; sensitivity population only,17. XmrBazaar,460,crypto_payment_or_conversion,Cryptocurrency payment or conversion reference,tutorial_training_recruitment,"Tutorial, guide, or training content",43,81,60,276,0.233696,1.5487,44,-1,0.236559,-0.002863,1.55464,-0.00594
exact_text_unique_sensitivity,One deterministic representative per combined-text SHA-256 value; sensitivity population only,17. XmrBazaar,460,email_access_takeover,Email-access-enabled account takeover,escrow_trust_reputation,"Escrow, trust, reputation, or scam-risk discourse",13,49,106,292,0.077381,0.810518,13,0,0.076923,0.000458,0.809005,0.001513
exact_text_unique_sensitivity,One deterministic representative per combined-text SHA-256 value; sensitivity population only,17. XmrBazaar,460,email_access_takeover,Email-access-enabled account takeover,fullz_identity_package,Fullz or identity package,24,38,100,298,0.148148,1.436004,24,0,0.148148,0.0,1.445369,-0.009365
exact_text_unique_sensitivity,One deterministic representative per combined-text SHA-256 value; sensitivity population only,17. XmrBazaar,460,email_access_takeover,Email-access-enabled account takeover,jurisdiction_localisation,Jurisdiction-specific bank or account reference,40,22,76,322,0.289855,2.558398,40,0,0.289855,0.0,2.575083,-0.016685
exact_text_unique_sensitivity,One deterministic representative per combined-text SHA-256 value; sensitivity population only,17. XmrBazaar,460,email_access_takeover,Email-access-enabled account takeover,mule_recruitment,Mule recruitment or account-holder solicitation,0,62,9,389,0.0,0.0,0,0,0.0,0.0,0.0,0.0
exact_text_unique_sensitivity,One deterministic representative per combined-text SHA-256 value; sensitivity population only,17. XmrBazaar,460,email_access_takeover,Email-access-enabled account takeover,telegram_off_platform,Telegram or private-channel coordination reference,10,52,71,327,0.075188,0.91597,10,0,0.075188,0.0,0.921943,-0.005973
exact_text_unique_sensitivity,One deterministic representative per combined-text SHA-256 value; sensitivity population only,17. XmrBazaar,460,email_access_takeover,Email-access-enabled account takeover,tutorial_training_recruitment,"Tutorial, guide, or training content",20,42,83,315,0.137931,1.440651,20,0,0.136986,0.000945,1.436104,0.004547
exact_text_unique_sensitivity,One deterministic representative per combined-text SHA-256 value; sensitivity population only,17. XmrBazaar,460,escrow_trust_reputation,"Escrow, trust, reputation, or scam-risk discourse",fullz_identity_package,Fullz or identity package,34,85,90,251,0.162679,1.059908,34,0,0.161905,0.000774,1.05793,0.001978
exact_text_unique_sensitivity,One deterministic representative per combined-text SHA-256 value; sensitivity population only,17. XmrBazaar,460,escrow_trust_reputation,"Escrow, trust, reputation, or scam-risk discourse",jurisdiction_localisation,Jurisdiction-specific bank or account reference,34,85,82,259,0.169154,1.133005,34,0,0.168317,0.000837,1.130891,0.002114
exact_text_unique_sensitivity,One deterministic representative per combined-text SHA-256 value; sensitivity population only,17. XmrBazaar,460,escrow_trust_reputation,"Escrow, trust, reputation, or scam-risk discourse",mule_recruitment,Mule recruitment or account-holder solicitation,5,114,4,337,0.04065,2.147526,5,0,0.040323,0.000327,2.143519,0.004007
exact_text_unique_sensitivity,One deterministic representative per combined-text SHA-256 value; sensitivity population only,17. XmrBazaar,460,escrow_trust_reputation,"Escrow, trust, reputation, or scam-risk discourse",telegram_off_platform,Telegram or private-channel coordination reference,25,94,56,285,0.142857,1.19307,25,0,0.142045,0.000812,1.190844,0.002226
exact_text_unique_sensitivity,One deterministic representative per combined-text SHA-256 value; sensitivity population only,17. XmrBazaar,460,escrow_trust_reputation,"Escrow, trust, reputation, or scam-risk discourse",tutorial_training_recruitment,"Tutorial, guide, or training content",36,83,67,274,0.193548,1.351065,37,-1,0.197861,-0.004313,1.372676,-0.021611
exact_text_unique_sensitivity,One deterministic representative per combined-text SHA-256 value; sensitivity population only,17. XmrBazaar,460,fullz_identity_package,Fullz or identity package,jurisdiction_localisation,Jurisdiction-specific bank or account reference,44,80,72,264,0.22449,1.407119,44,0,0.22449,0.0,1.416296,-0.009177
exact_text_unique_sensitivity,One deterministic representative per combined-text SHA-256 value; sensitivity population only,17. XmrBazaar,460,fullz_identity_package,Fullz or identity package,mule_recruitment,Mule recruitment or account-holder solicitation,4,120,5,331,0.031008,1.648746,4,0,0.031008,0.0,1.659498,-0.010752
exact_text_unique_sensitivity,One deterministic representative per combined-text SHA-256 value; sensitivity population only,17. XmrBazaar,460,fullz_identity_package,Fullz or identity package,telegram_off_platform,Telegram or private-channel coordination reference,30,94,51,285,0.171429,1.373955,30,0,0.171429,0.0,1.382915,-0.00896
exact_text_unique_sensitivity,One deterministic representative per combined-text SHA-256 value; sensitivity population only,17. XmrBazaar,460,fullz_identity_package,Fullz or identity package,tutorial_training_recruitment,"Tutorial, guide, or training content",40,84,63,273,0.213904,1.440651,40,0,0.212766,0.001138,1.436104,0.004547
exact_text_unique_sensitivity,One deterministic representative per combined-text SHA-256 value; sensitivity population only,17. XmrBazaar,460,jurisdiction_localisation,Jurisdiction-specific bank or account reference,mule_recruitment,Mule recruitment or account-holder solicitation,4,112,5,339,0.033058,1.762452,4,0,0.033058,0.0,1.773946,-0.011494
exact_text_unique_sensitivity,One deterministic representative per combined-text SHA-256 value; sensitivity population only,17. XmrBazaar,460,jurisdiction_localisation,Jurisdiction-specific bank or account reference,telegram_off_platform,Telegram or private-channel coordination reference,18,98,63,281,0.100559,0.881226,18,0,0.100559,0.0,0.886973,-0.005747
exact_text_unique_sensitivity,One deterministic representative per combined-text SHA-256 value; sensitivity population only,17. XmrBazaar,460,jurisdiction_localisation,Jurisdiction-specific bank or account reference,tutorial_training_recruitment,"Tutorial, guide, or training content",30,86,73,271,0.15873,1.155005,30,0,0.157895,0.000835,1.151359,0.003646
exact_text_unique_sensitivity,One deterministic representative per combined-text SHA-256 value; sensitivity population only,17. XmrBazaar,460,mule_recruitment,Mule recruitment or account-holder solicitation,telegram_off_platform,Telegram or private-channel coordination reference,7,2,74,377,0.084337,4.41701,7,0,0.084337,0.0,4.445816,-0.028806
exact_text_unique_sensitivity,One deterministic representative per combined-text SHA-256 value; sensitivity population only,17. XmrBazaar,460,mule_recruitment,Mule recruitment or account-holder solicitation,tutorial_training_recruitment,"Tutorial, guide, or training content",5,4,98,353,0.046729,2.481122,5,0,0.046296,0.000433,2.473291,0.007831
exact_text_unique_sensitivity,One deterministic representative per combined-text SHA-256 value; sensitivity population only,17. XmrBazaar,460,telegram_off_platform,Telegram or private-channel coordination reference,tutorial_training_recruitment,"Tutorial, guide, or training content",29,52,74,305,0.187097,1.598945,29,0,0.185897,0.0012,1.593898,0.005047
exact_text_unique_sensitivity,One deterministic representative per combined-text SHA-256 value; sensitivity population only,2. Altenen,427,bank_drop_sale,Bank drop sale or bank-drop infrastructure,bank_log_sale,Compromised bank log sale or discussion,74,40,88,225,0.366337,1.710959,76,-2,0.35023,0.016107,1.713813,-0.002854
exact_text_unique_sensitivity,One deterministic representative per combined-text SHA-256 value; sensitivity population only,2. Altenen,427,bank_drop_sale,Bank drop sale or bank-drop infrastructure,cashout_laundering_service,Cash-out or laundering service,30,84,79,234,0.15544,1.030903,31,-1,0.152709,0.002731,1.048583,-0.01768
exact_text_unique_sensitivity,One deterministic representative per combined-text SHA-256 value; sensitivity population only,2. Altenen,427,bank_drop_sale,Bank drop sale or bank-drop infrastructure,crypto_payment_or_conversion,Cryptocurrency payment or conversion reference,36,78,77,236,0.188482,1.193293,38,-2,0.186275,0.002207,1.203749,-0.010456
exact_text_unique_sensitivity,One deterministic representative per combined-text SHA-256 value; sensitivity population only,2. Altenen,427,bank_drop_sale,Bank drop sale or bank-drop infrastructure,email_access_takeover,Email-access-enabled account takeover,28,86,30,283,0.194444,1.808227,28,0,0.186667,0.007777,1.802558,0.005669
exact_text_unique_sensitivity,One deterministic representative per combined-text SHA-256 value; sensitivity population only,2. Altenen,427,bank_drop_sale,Bank drop sale or bank-drop infrastructure,escrow_trust_reputation,"Escrow, trust, reputation, or scam-risk discourse",33,81,85,228,0.165829,1.047502,33,0,0.162562,0.003267,1.097629,-0.050127
exact_text_unique_sensitivity,One deterministic representative per combined-text SHA-256 value; sensitivity population only,2. Altenen,427,bank_drop_sale,Bank drop sale or bank-drop infrastructure,fullz_identity_package,Fullz or identity package,58,56,47,266,0.360248,2.069006,60,-2,0.333333,0.026915,1.931313,0.137693
exact_text_unique_sensitivity,One deterministic representative per combined-text SHA-256 value; sensitivity population only,2. Altenen,427,bank_drop_sale,Bank drop sale or bank-drop infrastructure,jurisdiction_localisation,Jurisdiction-specific bank or account reference,62,52,54,259,0.369048,2.001966,62,0,0.364706,0.004342,2.133323,-0.131357
exact_text_unique_sensitivity,One deterministic representative per combined-text SHA-256 value; sensitivity population only,2. Altenen,427,bank_drop_sale,Bank drop sale or bank-drop infrastructure,mule_recruitment,Mule recruitment or account-holder solicitation,2,112,4,309,0.016949,1.248538,4,-2,0.033058,-0.016109,1.773946,-0.525408
exact_text_unique_sensitivity,One deterministic representative per combined-text SHA-256 value; sensitivity population only,2. Altenen,427,bank_drop_sale,Bank drop sale or bank-drop infrastructure,telegram_off_platform,Telegram or private-channel coordination reference,11,103,52,261,0.066265,0.653996,13,-2,0.070652,-0.004387,0.640592,0.013404
exact_text_unique_sensitivity,One deterministic representative per combined-text SHA-256 value; sensitivity population only,2. Altenen,427,bank_drop_sale,Bank drop sale or bank-drop infrastructure,tutorial_training_recruitment,"Tutorial, guide, or training content",38,76,47,266,0.236025,1.67451,38,0,0.208791,0.027234,1.458389,0.216121
exact_text_unique_sensitivity,One deterministic representative per combined-text SHA-256 value; sensitivity population only,2. Altenen,427,bank_log_sale,Compromised bank log sale or discussion,cashout_laundering_service,Cash-out or laundering service,58,104,51,214,0.2723,1.402537,66,-8,0.28821,-0.01591,1.463085,-0.060548
exact_text_unique_sensitivity,One deterministic representative per combined-text SHA-256 value; sensitivity population only,2. Altenen,427,bank_log_sale,Compromised bank log sale or discussion,crypto_payment_or_conversion,Cryptocurrency payment or conversion reference,68,94,45,220,0.328502,1.586147,77,-9,0.340708,-0.012206,1.598556,-0.012409
exact_text_unique_sensitivity,One deterministic representative per combined-text SHA-256 value; sensitivity population only,2. Altenen,427,bank_log_sale,Compromised bank log sale or discussion,email_access_takeover,Email-access-enabled account takeover,49,113,9,256,0.28655,2.226799,53,-4,0.284946,0.001604,2.236104,-0.009305
exact_text_unique_sensitivity,One deterministic representative per combined-text SHA-256 value; sensitivity population only,2. Altenen,427,bank_log_sale,Compromised bank log sale or discussion,escrow_trust_reputation,"Escrow, trust, reputation, or scam-risk discourse",47,115,71,194,0.201717,1.049854,48,-1,0.192771,0.008946,1.046328,0.003526
exact_text_unique_sensitivity,One deterministic representative per combined-text SHA-256 value; sensitivity population only,2. Altenen,427,bank_log_sale,Compromised bank log sale or discussion,fullz_identity_package,Fullz or identity package,50,112,55,210,0.230415,1.255144,60,-10,0.248963,-0.018548,1.265719,-0.010575
exact_text_unique_sensitivity,One deterministic representative per combined-text SHA-256 value; sensitivity population only,2. Altenen,427,bank_log_sale,Compromised bank log sale or discussion,jurisdiction_localisation,Jurisdiction-specific bank or account reference,73,89,43,222,0.356098,1.658738,73,0,0.331818,0.02428,1.646162,0.012576
exact_text_unique_sensitivity,One deterministic representative per combined-text SHA-256 value; sensitivity population only,2. Altenen,427,bank_log_sale,Compromised bank log sale or discussion,mule_recruitment,Mule recruitment or account-holder solicitation,4,158,2,263,0.02439,1.757202,7,-3,0.039106,-0.014716,2.034526,-0.277324
exact_text_unique_sensitivity,One deterministic representative per combined-text SHA-256 value; sensitivity population only,2. Altenen,427,bank_log_sale,Compromised bank log sale or discussion,telegram_off_platform,Telegram or private-channel coordination reference,15,147,48,217,0.071429,0.627572,24,-9,0.102564,-0.031135,0.775058,-0.147486
exact_text_unique_sensitivity,One deterministic representative per combined-text SHA-256 value; sensitivity population only,2. Altenen,427,bank_log_sale,Compromised bank log sale or discussion,tutorial_training_recruitment,"Tutorial, guide, or training content",51,111,34,231,0.260204,1.581481,62,-11,0.283105,-0.022901,1.559431,0.02205
exact_text_unique_sensitivity,One deterministic representative per combined-text SHA-256 value; sensitivity population only,2. Altenen,427,cashout_laundering_service,Cash-out or laundering service,crypto_payment_or_conversion,Cryptocurrency payment or conversion reference,53,56,60,258,0.313609,1.837379,59,-6,0.318919,-0.00531,1.837302,7.7e-05
exact_text_unique_sensitivity,One deterministic representative per combined-text SHA-256 value; sensitivity population only,2. Altenen,427,cashout_laundering_service,Cash-out or laundering service,email_access_takeover,Email-access-enabled account takeover,13,96,45,273,0.084416,0.878045,15,-2,0.090909,-0.006493,0.949289,-0.071244
exact_text_unique_sensitivity,One deterministic representative per combined-text SHA-256 value; sensitivity population only,2. Altenen,427,cashout_laundering_service,Cash-out or laundering service,escrow_trust_reputation,"Escrow, trust, reputation, or scam-risk discourse",31,78,87,231,0.158163,1.029156,32,-1,0.15534,0.002823,1.046328,-0.017172
exact_text_unique_sensitivity,One deterministic representative per combined-text SHA-256 value; sensitivity population only,2. Altenen,427,cashout_laundering_service,Cash-out or laundering service,fullz_identity_package,Fullz or identity package,30,79,75,243,0.163043,1.119266,34,-4,0.163462,-0.000419,1.075861,0.043405
exact_text_unique_sensitivity,One deterministic representative per combined-text SHA-256 value; sensitivity population only,2. Altenen,427,cashout_laundering_service,Cash-out or laundering service,jurisdiction_localisation,Jurisdiction-specific bank or account reference,33,76,83,235,0.171875,1.114442,33,0,0.164179,0.007696,1.116233,-0.001791
exact_text_unique_sensitivity,One deterministic representative per combined-text SHA-256 value; sensitivity population only,2. Altenen,427,cashout_laundering_service,Cash-out or laundering service,mule_recruitment,Mule recruitment or account-holder solicitation,5,104,1,317,0.045455,3.264526,7,-2,0.058333,-0.012878,3.051789,0.212737
exact_text_unique_sensitivity,One deterministic representative per combined-text SHA-256 value; sensitivity population only,2. Altenen,427,cashout_laundering_service,Cash-out or laundering service,telegram_off_platform,Telegram or private-channel coordination reference,34,75,29,289,0.246377,2.114169,39,-5,0.24375,0.002627,1.889203,0.224966
exact_text_unique_sensitivity,One deterministic representative per combined-text SHA-256 value; sensitivity population only,2. Altenen,427,cashout_laundering_service,Cash-out or laundering service,tutorial_training_recruitment,"Tutorial, guide, or training content",39,70,46,272,0.251613,1.79741,46,-7,0.261364,-0.009751,1.735495,0.061915
exact_text_unique_sensitivity,One deterministic representative per combined-text SHA-256 value; sensitivity population only,2. Altenen,427,crypto_payment_or_conversion,Cryptocurrency payment or conversion reference,email_access_takeover,Email-access-enabled account takeover,16,97,42,272,0.103226,1.042417,17,-1,0.099415,0.003811,1.007552,0.034865
exact_text_unique_sensitivity,One deterministic representative per combined-text SHA-256 value; sensitivity population only,2. Altenen,427,crypto_payment_or_conversion,Cryptocurrency payment or conversion reference,escrow_trust_reputation,"Escrow, trust, reputation, or scam-risk discourse",51,62,67,247,0.283333,1.633193,52,-1,0.268041,0.015292,1.592328,0.040865
exact_text_unique_sensitivity,One deterministic representative per combined-text SHA-256 value; sensitivity population only,2. Altenen,427,crypto_payment_or_conversion,Cryptocurrency payment or conversion reference,fullz_identity_package,Fullz or identity package,34,79,71,243,0.184783,1.223599,44,-10,0.213592,-0.028809,1.303891,-0.080292
exact_text_unique_sensitivity,One deterministic representative per combined-text SHA-256 value; sensitivity population only,2. Altenen,427,crypto_payment_or_conversion,Cryptocurrency payment or conversion reference,jurisdiction_localisation,Jurisdiction-specific bank or account reference,35,78,81,233,0.180412,1.140143,35,0,0.169082,0.01133,1.108716,0.031427
exact_text_unique_sensitivity,One deterministic representative per combined-text SHA-256 value; sensitivity population only,2. Altenen,427,crypto_payment_or_conversion,Cryptocurrency payment or conversion reference,mule_recruitment,Mule recruitment or account-holder solicitation,4,109,2,312,0.034783,2.519174,7,-3,0.054688,-0.019905,2.858025,-0.338851
exact_text_unique_sensitivity,One deterministic representative per combined-text SHA-256 value; sensitivity population only,2. Altenen,427,crypto_payment_or_conversion,Cryptocurrency payment or conversion reference,telegram_off_platform,Telegram or private-channel coordination reference,24,89,39,275,0.157895,1.439528,34,-10,0.196532,-0.038637,1.542426,-0.102898
exact_text_unique_sensitivity,One deterministic representative per combined-text SHA-256 value; sensitivity population only,2. Altenen,427,crypto_payment_or_conversion,Cryptocurrency payment or conversion reference,tutorial_training_recruitment,"Tutorial, guide, or training content",36,77,49,265,0.222222,1.600416,44,-8,0.236559,-0.014337,1.55464,0.045776
exact_text_unique_sensitivity,One deterministic representative per combined-text SHA-256 value; sensitivity population only,2. Altenen,427,email_access_takeover,Email-access-enabled account takeover,escrow_trust_reputation,"Escrow, trust, reputation, or scam-risk discourse",13,45,105,264,0.079755,0.811075,13,0,0.076923,0.002832,0.809005,0.00207
exact_text_unique_sensitivity,One deterministic representative per combined-text SHA-256 value; sensitivity population only,2. Altenen,427,email_access_takeover,Email-access-enabled account takeover,fullz_identity_package,Fullz or identity package,22,36,83,286,0.156028,1.542529,24,-2,0.148148,0.00788,1.445369,0.09716
exact_text_unique_sensitivity,One deterministic representative per combined-text SHA-256 value; sensitivity population only,2. Altenen,427,email_access_takeover,Email-access-enabled account takeover,jurisdiction_localisation,Jurisdiction-specific bank or account reference,40,18,76,293,0.298507,2.538644,40,0,0.289855,0.008652,2.575083,-0.036439
exact_text_unique_sensitivity,One deterministic representative per combined-text SHA-256 value; sensitivity population only,2. Altenen,427,email_access_takeover,Email-access-enabled account takeover,mule_recruitment,Mule recruitment or account-holder solicitation,0,58,6,363,0.0,0.0,0,0,0.0,0.0,0.0,0.0
exact_text_unique_sensitivity,One deterministic representative per combined-text SHA-256 value; sensitivity population only,2. Altenen,427,email_access_takeover,Email-access-enabled account takeover,telegram_off_platform,Telegram or private-channel coordination reference,8,50,55,314,0.070796,0.934866,10,-2,0.075188,-0.004392,0.921943,0.012923
exact_text_unique_sensitivity,One deterministic representative per combined-text SHA-256 value; sensitivity population only,2. Altenen,427,email_access_takeover,Email-access-enabled account takeover,tutorial_training_recruitment,"Tutorial, guide, or training content",17,41,68,301,0.134921,1.472414,20,-3,0.136986,-0.002065,1.436104,0.03631
exact_text_unique_sensitivity,One deterministic representative per combined-text SHA-256 value; sensitivity population only,2. Altenen,427,escrow_trust_reputation,"Escrow, trust, reputation, or scam-risk discourse",fullz_identity_package,Fullz or identity package,34,84,71,238,0.179894,1.171751,34,0,0.161905,0.017989,1.05793,0.113821
exact_text_unique_sensitivity,One deterministic representative per combined-text SHA-256 value; sensitivity population only,2. Altenen,427,escrow_trust_reputation,"Escrow, trust, reputation, or scam-risk discourse",jurisdiction_localisation,Jurisdiction-specific bank or account reference,34,84,82,227,0.17,1.060637,34,0,0.168317,0.001683,1.130891,-0.070254
exact_text_unique_sensitivity,One deterministic representative per combined-text SHA-256 value; sensitivity population only,2. Altenen,427,escrow_trust_reputation,"Escrow, trust, reputation, or scam-risk discourse",mule_recruitment,Mule recruitment or account-holder solicitation,4,114,2,307,0.033333,2.412429,5,-1,0.040323,-0.00699,2.143519,0.26891
exact_text_unique_sensitivity,One deterministic representative per combined-text SHA-256 value; sensitivity population only,2. Altenen,427,escrow_trust_reputation,"Escrow, trust, reputation, or scam-risk discourse",telegram_off_platform,Telegram or private-channel coordination reference,24,94,39,270,0.152866,1.378531,25,-1,0.142045,0.010821,1.190844,0.187687
exact_text_unique_sensitivity,One deterministic representative per combined-text SHA-256 value; sensitivity population only,2. Altenen,427,escrow_trust_reputation,"Escrow, trust, reputation, or scam-risk discourse",tutorial_training_recruitment,"Tutorial, guide, or training content",36,82,49,260,0.215569,1.532602,37,-1,0.197861,0.017708,1.372676,0.159926
exact_text_unique_sensitivity,One deterministic representative per combined-text SHA-256 value; sensitivity population only,2. Altenen,427,fullz_identity_package,Fullz or identity package,jurisdiction_localisation,Jurisdiction-specific bank or account reference,44,61,72,250,0.248588,1.542529,44,0,0.22449,0.024098,1.416296,0.126233
exact_text_unique_sensitivity,One deterministic representative per combined-text SHA-256 value; sensitivity population only,2. Altenen,427,fullz_identity_package,Fullz or identity package,mule_recruitment,Mule recruitment or account-holder solicitation,2,103,4,318,0.018349,1.355556,4,-2,0.031008,-0.012659,1.659498,-0.303942
exact_text_unique_sensitivity,One deterministic representative per combined-text SHA-256 value; sensitivity population only,2. Altenen,427,fullz_identity_package,Fullz or identity package,telegram_off_platform,Telegram or private-channel coordination reference,15,90,48,274,0.098039,0.968254,30,-15,0.171429,-0.07339,1.382915,-0.414661
exact_text_unique_sensitivity,One deterministic representative per combined-text SHA-256 value; sensitivity population only,2. Altenen,427,fullz_identity_package,Fullz or identity package,tutorial_training_recruitment,"Tutorial, guide, or training content",30,75,55,267,0.1875,1.435294,40,-10,0.212766,-0.025266,1.436104,-0.00081
exact_text_unique_sensitivity,One deterministic representative per combined-text SHA-256 value; sensitivity population only,2. Altenen,427,jurisdiction_localisation,Jurisdiction-specific bank or account reference,mule_recruitment,Mule recruitment or account-holder solicitation,4,112,2,309,0.033898,2.454023,4,0,0.033058,0.00084,1.773946,0.680077
exact_text_unique_sensitivity,One deterministic representative per combined-text SHA-256 value; sensitivity population only,2. Altenen,427,jurisdiction_localisation,Jurisdiction-specific bank or account reference,telegram_off_platform,Telegram or private-channel coordination reference,18,98,45,266,0.111801,1.051724,18,0,0.100559,0.011242,0.886973,0.164751
exact_text_unique_sensitivity,One deterministic representative per combined-text SHA-256 value; sensitivity population only,2. Altenen,427,jurisdiction_localisation,Jurisdiction-specific bank or account reference,tutorial_training_recruitment,"Tutorial, guide, or training content",30,86,55,256,0.175439,1.299189,30,0,0.157895,0.017544,1.151359,0.14783
exact_text_unique_sensitivity,One deterministic representative per combined-text SHA-256 value; sensitivity population only,2. Altenen,427,mule_recruitment,Mule recruitment or account-holder solicitation,telegram_off_platform,Telegram or private-channel coordination reference,4,2,59,362,0.061538,4.518519,7,-3,0.084337,-0.022799,4.445816,0.072703
exact_text_unique_sensitivity,One deterministic representative per combined-text SHA-256 value; sensitivity population only,2. Altenen,427,mule_recruitment,Mule recruitment or account-holder solicitation,tutorial_training_recruitment,"Tutorial, guide, or training content",4,2,81,340,0.045977,3.34902,5,-1,0.046296,-0.000319,2.473291,0.875729
exact_text_unique_sensitivity,One deterministic representative per combined-text SHA-256 value; sensitivity population only,2. Altenen,427,telegram_off_platform,Telegram or private-channel coordination reference,tutorial_training_recruitment,"Tutorial, guide, or training content",22,41,63,301,0.174603,1.754248,29,-7,0.185897,-0.011294,1.593898,0.16035
exact_text_unique_sensitivity,One deterministic representative per combined-text SHA-256 value; sensitivity population only,3. Pitch,395,bank_drop_sale,Bank drop sale or bank-drop infrastructure,bank_log_sale,Compromised bank log sale or discussion,70,34,92,199,0.357143,1.641144,76,-6,0.35023,0.006913,1.713813,-0.072669
exact_text_unique_sensitivity,One deterministic representative per combined-text SHA-256 value; sensitivity population only,3. Pitch,395,bank_drop_sale,Bank drop sale or bank-drop infrastructure,cashout_laundering_service,Cash-out or laundering service,26,78,80,211,0.141304,0.931604,31,-5,0.152709,-0.011405,1.048583,-0.116979
exact_text_unique_sensitivity,One deterministic representative per combined-text SHA-256 value; sensitivity population only,3. Pitch,395,bank_drop_sale,Bank drop sale or bank-drop infrastructure,crypto_payment_or_conversion,Cryptocurrency payment or conversion reference,33,71,77,214,0.18232,1.139423,38,-5,0.186275,-0.003955,1.203749,-0.064326
exact_text_unique_sensitivity,One deterministic representative per combined-text SHA-256 value; sensitivity population only,3. Pitch,395,bank_drop_sale,Bank drop sale or bank-drop infrastructure,email_access_takeover,Email-access-enabled account takeover,24,80,29,262,0.180451,1.719884,28,-4,0.186667,-0.006216,1.802558,-0.082674
exact_text_unique_sensitivity,One deterministic representative per combined-text SHA-256 value; sensitivity population only,3. Pitch,395,bank_drop_sale,Bank drop sale or bank-drop infrastructure,escrow_trust_reputation,"Escrow, trust, reputation, or scam-risk discourse",29,75,74,217,0.162921,1.069361,33,-4,0.162562,0.000359,1.097629,-0.028268
exact_text_unique_sensitivity,One deterministic representative per combined-text SHA-256 value; sensitivity population only,3. Pitch,395,bank_drop_sale,Bank drop sale or bank-drop infrastructure,fullz_identity_package,Fullz or identity package,57,47,55,236,0.358491,1.93295,60,-3,0.333333,0.025158,1.931313,0.001637
exact_text_unique_sensitivity,One deterministic representative per combined-text SHA-256 value; sensitivity population only,3. Pitch,395,bank_drop_sale,Bank drop sale or bank-drop infrastructure,jurisdiction_localisation,Jurisdiction-specific bank or account reference,57,47,46,245,0.38,2.101848,62,-5,0.364706,0.015294,2.133323,-0.031475
exact_text_unique_sensitivity,One deterministic representative per combined-text SHA-256 value; sensitivity population only,3. Pitch,395,bank_drop_sale,Bank drop sale or bank-drop infrastructure,mule_recruitment,Mule recruitment or account-holder solicitation,3,101,3,288,0.028037,1.899038,4,-1,0.033058,-0.005021,1.773946,0.125092
exact_text_unique_sensitivity,One deterministic representative per combined-text SHA-256 value; sensitivity population only,3. Pitch,395,bank_drop_sale,Bank drop sale or bank-drop infrastructure,telegram_off_platform,Telegram or private-channel coordination reference,9,95,53,238,0.057325,0.551334,13,-4,0.070652,-0.013327,0.640592,-0.089258
exact_text_unique_sensitivity,One deterministic representative per combined-text SHA-256 value; sensitivity population only,3. Pitch,395,bank_drop_sale,Bank drop sale or bank-drop infrastructure,tutorial_training_recruitment,"Tutorial, guide, or training content",31,73,53,238,0.197452,1.401671,38,-7,0.208791,-0.011339,1.458389,-0.056718
exact_text_unique_sensitivity,One deterministic representative per combined-text SHA-256 value; sensitivity population only,3. Pitch,395,bank_log_sale,Compromised bank log sale or discussion,cashout_laundering_service,Cash-out or laundering service,59,103,47,186,0.282297,1.357151,66,-7,0.28821,-0.005913,1.463085,-0.105934
exact_text_unique_sensitivity,One deterministic representative per combined-text SHA-256 value; sensitivity population only,3. Pitch,395,bank_log_sale,Compromised bank log sale or discussion,crypto_payment_or_conversion,Cryptocurrency payment or conversion reference,71,91,39,194,0.353234,1.573793,77,-6,0.340708,0.012526,1.598556,-0.024763
exact_text_unique_sensitivity,One deterministic representative per combined-text SHA-256 value; sensitivity population only,3. Pitch,395,bank_log_sale,Compromised bank log sale or discussion,email_access_takeover,Email-access-enabled account takeover,45,117,8,225,0.264706,2.070231,53,-8,0.284946,-0.02024,2.236104,-0.165873
exact_text_unique_sensitivity,One deterministic representative per combined-text SHA-256 value; sensitivity population only,3. Pitch,395,bank_log_sale,Compromised bank log sale or discussion,escrow_trust_reputation,"Escrow, trust, reputation, or scam-risk discourse",41,121,62,171,0.183036,0.970574,48,-7,0.192771,-0.009735,1.046328,-0.075754
exact_text_unique_sensitivity,One deterministic representative per combined-text SHA-256 value; sensitivity population only,3. Pitch,395,bank_log_sale,Compromised bank log sale or discussion,fullz_identity_package,Fullz or identity package,59,103,53,180,0.274419,1.284447,60,-1,0.248963,0.025456,1.265719,0.018728
exact_text_unique_sensitivity,One deterministic representative per combined-text SHA-256 value; sensitivity population only,3. Pitch,395,bank_log_sale,Compromised bank log sale or discussion,jurisdiction_localisation,Jurisdiction-specific bank or account reference,70,92,33,200,0.358974,1.657078,73,-3,0.331818,0.027156,1.646162,0.010916
exact_text_unique_sensitivity,One deterministic representative per combined-text SHA-256 value; sensitivity population only,3. Pitch,395,bank_log_sale,Compromised bank log sale or discussion,mule_recruitment,Mule recruitment or account-holder solicitation,6,156,0,233,0.037037,2.438272,7,-1,0.039106,-0.002069,2.034526,0.403746
exact_text_unique_sensitivity,One deterministic representative per combined-text SHA-256 value; sensitivity population only,3. Pitch,395,bank_log_sale,Compromised bank log sale or discussion,telegram_off_platform,Telegram or private-channel coordination reference,19,143,43,190,0.092683,0.747212,24,-5,0.102564,-0.009881,0.775058,-0.027846
exact_text_unique_sensitivity,One deterministic representative per combined-text SHA-256 value; sensitivity population only,3. Pitch,395,bank_log_sale,Compromised bank log sale or discussion,tutorial_training_recruitment,"Tutorial, guide, or training content",50,112,34,199,0.255102,1.451352,62,-12,0.283105,-0.028003,1.559431,-0.108079
exact_text_unique_sensitivity,One deterministic representative per combined-text SHA-256 value; sensitivity population only,3. Pitch,395,cashout_laundering_service,Cash-out or laundering service,crypto_payment_or_conversion,Cryptocurrency payment or conversion reference,53,53,57,232,0.325153,1.795455,59,-6,0.318919,0.006234,1.837302,-0.041847
exact_text_unique_sensitivity,One deterministic representative per combined-text SHA-256 value; sensitivity population only,3. Pitch,395,cashout_laundering_service,Cash-out or laundering service,email_access_takeover,Email-access-enabled account takeover,11,95,42,247,0.074324,0.773407,15,-4,0.090909,-0.016585,0.949289,-0.175882
exact_text_unique_sensitivity,One deterministic representative per combined-text SHA-256 value; sensitivity population only,3. Pitch,395,cashout_laundering_service,Cash-out or laundering service,escrow_trust_reputation,"Escrow, trust, reputation, or scam-risk discourse",26,80,77,212,0.142077,0.940648,32,-6,0.15534,-0.013263,1.046328,-0.10568
exact_text_unique_sensitivity,One deterministic representative per combined-text SHA-256 value; sensitivity population only,3. Pitch,395,cashout_laundering_service,Cash-out or laundering service,fullz_identity_package,Fullz or identity package,32,74,80,209,0.172043,1.06469,34,-2,0.163462,0.008581,1.075861,-0.011171
exact_text_unique_sensitivity,One deterministic representative per combined-text SHA-256 value; sensitivity population only,3. Pitch,395,cashout_laundering_service,Cash-out or laundering service,jurisdiction_localisation,Jurisdiction-specific bank or account reference,28,78,75,214,0.154696,1.013006,33,-5,0.164179,-0.009483,1.116233,-0.103227
exact_text_unique_sensitivity,One deterministic representative per combined-text SHA-256 value; sensitivity population only,3. Pitch,395,cashout_laundering_service,Cash-out or laundering service,mule_recruitment,Mule recruitment or account-holder solicitation,5,101,1,288,0.046729,3.105346,7,-2,0.058333,-0.011604,3.051789,0.053557
exact_text_unique_sensitivity,One deterministic representative per combined-text SHA-256 value; sensitivity population only,3. Pitch,395,cashout_laundering_service,Cash-out or laundering service,telegram_off_platform,Telegram or private-channel coordination reference,33,73,29,260,0.244444,1.983414,39,-6,0.24375,0.000694,1.889203,0.094211
exact_text_unique_sensitivity,One deterministic representative per combined-text SHA-256 value; sensitivity population only,3. Pitch,395,cashout_laundering_service,Cash-out or laundering service,tutorial_training_recruitment,"Tutorial, guide, or training content",38,68,46,243,0.25,1.685759,46,-8,0.261364,-0.011364,1.735495,-0.049736
exact_text_unique_sensitivity,One deterministic representative per combined-text SHA-256 value; sensitivity population only,3. Pitch,395,crypto_payment_or_conversion,Cryptocurrency payment or conversion reference,email_access_takeover,Email-access-enabled account takeover,15,95,38,247,0.101351,1.016295,17,-2,0.099415,0.001936,1.007552,0.008743
exact_text_unique_sensitivity,One deterministic representative per combined-text SHA-256 value; sensitivity population only,3. Pitch,395,crypto_payment_or_conversion,Cryptocurrency payment or conversion reference,escrow_trust_reputation,"Escrow, trust, reputation, or scam-risk discourse",41,69,62,223,0.238372,1.429391,52,-11,0.268041,-0.029669,1.592328,-0.162937
exact_text_unique_sensitivity,One deterministic representative per combined-text SHA-256 value; sensitivity population only,3. Pitch,395,crypto_payment_or_conversion,Cryptocurrency payment or conversion reference,fullz_identity_package,Fullz or identity package,40,70,72,213,0.21978,1.282468,44,-4,0.213592,0.006188,1.303891,-0.021423
exact_text_unique_sensitivity,One deterministic representative per combined-text SHA-256 value; sensitivity population only,3. Pitch,395,crypto_payment_or_conversion,Cryptocurrency payment or conversion reference,jurisdiction_localisation,Jurisdiction-specific bank or account reference,30,80,73,212,0.163934,1.045896,35,-5,0.169082,-0.005148,1.108716,-0.06282
exact_text_unique_sensitivity,One deterministic representative per combined-text SHA-256 value; sensitivity population only,3. Pitch,395,crypto_payment_or_conversion,Cryptocurrency payment or conversion reference,mule_recruitment,Mule recruitment or account-holder solicitation,5,105,1,284,0.045045,2.992424,7,-2,0.054688,-0.009643,2.858025,0.134399
exact_text_unique_sensitivity,One deterministic representative per combined-text SHA-256 value; sensitivity population only,3. Pitch,395,crypto_payment_or_conversion,Cryptocurrency payment or conversion reference,telegram_off_platform,Telegram or private-channel coordination reference,28,82,34,251,0.194444,1.621701,34,-6,0.196532,-0.002088,1.542426,0.079275
exact_text_unique_sensitivity,One deterministic representative per combined-text SHA-256 value; sensitivity population only,3. Pitch,395,crypto_payment_or_conversion,Cryptocurrency payment or conversion reference,tutorial_training_recruitment,"Tutorial, guide, or training content",32,78,52,233,0.197531,1.367965,44,-12,0.236559,-0.039028,1.55464,-0.186675
exact_text_unique_sensitivity,One deterministic representative per combined-text SHA-256 value; sensitivity population only,3. Pitch,395,email_access_takeover,Email-access-enabled account takeover,escrow_trust_reputation,"Escrow, trust, reputation, or scam-risk discourse",9,44,94,248,0.061224,0.651218,13,-4,0.076923,-0.015699,0.809005,-0.157787
exact_text_unique_sensitivity,One deterministic representative per combined-text SHA-256 value; sensitivity population only,3. Pitch,395,email_access_takeover,Email-access-enabled account takeover,fullz_identity_package,Fullz or identity package,22,31,90,252,0.153846,1.463949,24,-2,0.148148,0.005698,1.445369,0.01858
exact_text_unique_sensitivity,One deterministic representative per combined-text SHA-256 value; sensitivity population only,3. Pitch,395,email_access_takeover,Email-access-enabled account takeover,jurisdiction_localisation,Jurisdiction-specific bank or account reference,37,16,66,276,0.310924,2.67723,40,-3,0.289855,0.021069,2.575083,0.102147
exact_text_unique_sensitivity,One deterministic representative per combined-text SHA-256 value; sensitivity population only,3. Pitch,395,email_access_takeover,Email-access-enabled account takeover,mule_recruitment,Mule recruitment or account-holder solicitation,0,53,6,336,0.0,0.0,0,0,0.0,0.0,0.0,0.0
exact_text_unique_sensitivity,One deterministic representative per combined-text SHA-256 value; sensitivity population only,3. Pitch,395,email_access_takeover,Email-access-enabled account takeover,telegram_off_platform,Telegram or private-channel coordination reference,6,47,56,286,0.055046,0.721242,10,-4,0.075188,-0.020142,0.921943,-0.200701
exact_text_unique_sensitivity,One deterministic representative per combined-text SHA-256 value; sensitivity population only,3. Pitch,395,email_access_takeover,Email-access-enabled account takeover,tutorial_training_recruitment,"Tutorial, guide, or training content",14,39,70,272,0.113821,1.242138,20,-6,0.136986,-0.023165,1.436104,-0.193966
exact_text_unique_sensitivity,One deterministic representative per combined-text SHA-256 value; sensitivity population only,3. Pitch,395,escrow_trust_reputation,"Escrow, trust, reputation, or scam-risk discourse",fullz_identity_package,Fullz or identity package,31,72,81,211,0.168478,1.06146,34,-3,0.161905,0.006573,1.05793,0.00353
exact_text_unique_sensitivity,One deterministic representative per combined-text SHA-256 value; sensitivity population only,3. Pitch,395,escrow_trust_reputation,"Escrow, trust, reputation, or scam-risk discourse",jurisdiction_localisation,Jurisdiction-specific bank or account reference,29,74,74,218,0.163842,1.079744,34,-5,0.168317,-0.004475,1.130891,-0.051147
exact_text_unique_sensitivity,One deterministic representative per combined-text SHA-256 value; sensitivity population only,3. Pitch,395,escrow_trust_reputation,"Escrow, trust, reputation, or scam-risk discourse",mule_recruitment,Mule recruitment or account-holder solicitation,3,100,3,289,0.028302,1.917476,5,-2,0.040323,-0.012021,2.143519,-0.226043
exact_text_unique_sensitivity,One deterministic representative per combined-text SHA-256 value; sensitivity population only,3. Pitch,395,escrow_trust_reputation,"Escrow, trust, reputation, or scam-risk discourse",telegram_off_platform,Telegram or private-channel coordination reference,17,86,45,247,0.114865,1.051519,25,-8,0.142045,-0.02718,1.190844,-0.139325
exact_text_unique_sensitivity,One deterministic representative per combined-text SHA-256 value; sensitivity population only,3. Pitch,395,escrow_trust_reputation,"Escrow, trust, reputation, or scam-risk discourse",tutorial_training_recruitment,"Tutorial, guide, or training content",28,75,56,236,0.176101,1.278317,37,-9,0.197861,-0.02176,1.372676,-0.094359
exact_text_unique_sensitivity,One deterministic representative per combined-text SHA-256 value; sensitivity population only,3. Pitch,395,fullz_identity_package,Fullz or identity package,jurisdiction_localisation,Jurisdiction-specific bank or account reference,41,71,62,221,0.235632,1.403866,44,-3,0.22449,0.011142,1.416296,-0.01243
exact_text_unique_sensitivity,One deterministic representative per combined-text SHA-256 value; sensitivity population only,3. Pitch,395,fullz_identity_package,Fullz or identity package,mule_recruitment,Mule recruitment or account-holder solicitation,3,109,3,280,0.026087,1.763393,4,-1,0.031008,-0.004921,1.659498,0.103895
exact_text_unique_sensitivity,One deterministic representative per combined-text SHA-256 value; sensitivity population only,3. Pitch,395,fullz_identity_package,Fullz or identity package,telegram_off_platform,Telegram or private-channel coordination reference,25,87,37,246,0.167785,1.422091,30,-5,0.171429,-0.003644,1.382915,0.039176
exact_text_unique_sensitivity,One deterministic representative per combined-text SHA-256 value; sensitivity population only,3. Pitch,395,fullz_identity_package,Fullz or identity package,tutorial_training_recruitment,"Tutorial, guide, or training content",37,75,47,236,0.232704,1.553465,40,-3,0.212766,0.019938,1.436104,0.117361
exact_text_unique_sensitivity,One deterministic representative per combined-text SHA-256 value; sensitivity population only,3. Pitch,395,jurisdiction_localisation,Jurisdiction-specific bank or account reference,mule_recruitment,Mule recruitment or account-holder solicitation,2,101,4,288,0.018692,1.278317,4,-2,0.033058,-0.014366,1.773946,-0.495629
exact_text_unique_sensitivity,One deterministic representative per combined-text SHA-256 value; sensitivity population only,3. Pitch,395,jurisdiction_localisation,Jurisdiction-specific bank or account reference,telegram_off_platform,Telegram or private-channel coordination reference,13,90,49,243,0.085526,0.804103,18,-5,0.100559,-0.015033,0.886973,-0.08287
exact_text_unique_sensitivity,One deterministic representative per combined-text SHA-256 value; sensitivity population only,3. Pitch,395,jurisdiction_localisation,Jurisdiction-specific bank or account reference,tutorial_training_recruitment,"Tutorial, guide, or training content",24,79,60,232,0.147239,1.0957,30,-6,0.157895,-0.010656,1.151359,-0.055659
exact_text_unique_sensitivity,One deterministic representative per combined-text SHA-256 value; sensitivity population only,3. Pitch,395,mule_recruitment,Mule recruitment or account-holder solicitation,telegram_off_platform,Telegram or private-channel coordination reference,6,0,56,333,0.096774,6.370968,7,-1,0.084337,0.012437,4.445816,1.925152
exact_text_unique_sensitivity,One deterministic representative per combined-text SHA-256 value; sensitivity population only,3. Pitch,395,mule_recruitment,Mule recruitment or account-holder solicitation,tutorial_training_recruitment,"Tutorial, guide, or training content",3,3,81,308,0.034483,2.35119,5,-2,0.046296,-0.011813,2.473291,-0.122101
exact_text_unique_sensitivity,One deterministic representative per combined-text SHA-256 value; sensitivity population only,3. Pitch,395,telegram_off_platform,Telegram or private-channel coordination reference,tutorial_training_recruitment,"Tutorial, guide, or training content",22,40,62,271,0.177419,1.668587,29,-7,0.185897,-0.008478,1.593898,0.074689
exact_text_unique_sensitivity,One deterministic representative per combined-text SHA-256 value; sensitivity population only,4. Caders Heven,430,bank_drop_sale,Bank drop sale or bank-drop infrastructure,bank_log_sale,Compromised bank log sale or discussion,70,40,79,241,0.37037,1.836486,76,-6,0.35023,0.02014,1.713813,0.122673
exact_text_unique_sensitivity,One deterministic representative per combined-text SHA-256 value; sensitivity population only,4. Caders Heven,430,bank_drop_sale,Bank drop sale or bank-drop infrastructure,cashout_laundering_service,Cash-out or laundering service,30,80,66,254,0.170455,1.221591,31,-1,0.152709,0.017746,1.048583,0.173008
exact_text_unique_sensitivity,One deterministic representative per combined-text SHA-256 value; sensitivity population only,4. Caders Heven,430,bank_drop_sale,Bank drop sale or bank-drop infrastructure,crypto_payment_or_conversion,Cryptocurrency payment or conversion reference,36,74,66,254,0.204545,1.379679,38,-2,0.186275,0.01827,1.203749,0.17593
exact_text_unique_sensitivity,One deterministic representative per combined-text SHA-256 value; sensitivity population only,4. Caders Heven,430,bank_drop_sale,Bank drop sale or bank-drop infrastructure,email_access_takeover,Email-access-enabled account takeover,27,83,31,289,0.191489,1.819749,28,-1,0.186667,0.004822,1.802558,0.017191
exact_text_unique_sensitivity,One deterministic representative per combined-text SHA-256 value; sensitivity population only,4. Caders Heven,430,bank_drop_sale,Bank drop sale or bank-drop infrastructure,escrow_trust_reputation,"Escrow, trust, reputation, or scam-risk discourse",33,77,86,234,0.168367,1.084034,33,0,0.162562,0.005805,1.097629,-0.013595
exact_text_unique_sensitivity,One deterministic representative per combined-text SHA-256 value; sensitivity population only,4. Caders Heven,430,bank_drop_sale,Bank drop sale or bank-drop infrastructure,fullz_identity_package,Fullz or identity package,54,56,58,262,0.321429,1.88474,60,-6,0.333333,-0.011904,1.931313,-0.046573
exact_text_unique_sensitivity,One deterministic representative per combined-text SHA-256 value; sensitivity population only,4. Caders Heven,430,bank_drop_sale,Bank drop sale or bank-drop infrastructure,jurisdiction_localisation,Jurisdiction-specific bank or account reference,61,49,53,267,0.374233,2.091707,62,-1,0.364706,0.009527,2.133323,-0.041616
exact_text_unique_sensitivity,One deterministic representative per combined-text SHA-256 value; sensitivity population only,4. Caders Heven,430,bank_drop_sale,Bank drop sale or bank-drop infrastructure,mule_recruitment,Mule recruitment or account-holder solicitation,4,106,5,315,0.034783,1.737374,4,0,0.033058,0.001725,1.773946,-0.036572
exact_text_unique_sensitivity,One deterministic representative per combined-text SHA-256 value; sensitivity population only,4. Caders Heven,430,bank_drop_sale,Bank drop sale or bank-drop infrastructure,telegram_off_platform,Telegram or private-channel coordination reference,13,97,68,252,0.073034,0.627385,13,0,0.070652,0.002382,0.640592,-0.013207
exact_text_unique_sensitivity,One deterministic representative per combined-text SHA-256 value; sensitivity population only,4. Caders Heven,430,bank_drop_sale,Bank drop sale or bank-drop infrastructure,tutorial_training_recruitment,"Tutorial, guide, or training content",37,73,65,255,0.211429,1.418004,38,-1,0.208791,0.002638,1.458389,-0.040385
exact_text_unique_sensitivity,One deterministic representative per combined-text SHA-256 value; sensitivity population only,4. Caders Heven,430,bank_log_sale,Compromised bank log sale or discussion,cashout_laundering_service,Cash-out or laundering service,46,103,50,231,0.231156,1.38283,66,-20,0.28821,-0.057054,1.463085,-0.080255
exact_text_unique_sensitivity,One deterministic representative per combined-text SHA-256 value; sensitivity population only,4. Caders Heven,430,bank_log_sale,Compromised bank log sale or discussion,crypto_payment_or_conversion,Cryptocurrency payment or conversion reference,55,94,47,234,0.280612,1.556126,77,-22,0.340708,-0.060096,1.598556,-0.04243
exact_text_unique_sensitivity,One deterministic representative per combined-text SHA-256 value; sensitivity population only,4. Caders Heven,430,bank_log_sale,Compromised bank log sale or discussion,email_access_takeover,Email-access-enabled account takeover,49,100,9,272,0.310127,2.438093,53,-4,0.284946,0.025181,2.236104,0.201989
exact_text_unique_sensitivity,One deterministic representative per combined-text SHA-256 value; sensitivity population only,4. Caders Heven,430,bank_log_sale,Compromised bank log sale or discussion,escrow_trust_reputation,"Escrow, trust, reputation, or scam-risk discourse",48,101,71,210,0.218182,1.164063,48,0,0.192771,0.025411,1.046328,0.117735
exact_text_unique_sensitivity,One deterministic representative per combined-text SHA-256 value; sensitivity population only,4. Caders Heven,430,bank_log_sale,Compromised bank log sale or discussion,fullz_identity_package,Fullz or identity package,50,99,62,219,0.236967,1.288351,60,-10,0.248963,-0.011996,1.265719,0.022632
exact_text_unique_sensitivity,One deterministic representative per combined-text SHA-256 value; sensitivity population only,4. Caders Heven,430,bank_log_sale,Compromised bank log sale or discussion,jurisdiction_localisation,Jurisdiction-specific bank or account reference,71,78,43,238,0.369792,1.797363,73,-2,0.331818,0.037974,1.646162,0.151201
exact_text_unique_sensitivity,One deterministic representative per combined-text SHA-256 value; sensitivity population only,4. Caders Heven,430,bank_log_sale,Compromised bank log sale or discussion,mule_recruitment,Mule recruitment or account-holder solicitation,7,142,2,279,0.046358,2.244594,7,0,0.039106,0.007252,2.034526,0.210068
exact_text_unique_sensitivity,One deterministic representative per combined-text SHA-256 value; sensitivity population only,4. Caders Heven,430,bank_log_sale,Compromised bank log sale or discussion,telegram_off_platform,Telegram or private-channel coordination reference,24,125,57,224,0.116505,0.855083,24,0,0.102564,0.013941,0.775058,0.080025
exact_text_unique_sensitivity,One deterministic representative per combined-text SHA-256 value; sensitivity population only,4. Caders Heven,430,bank_log_sale,Compromised bank log sale or discussion,tutorial_training_recruitment,"Tutorial, guide, or training content",60,89,42,239,0.314136,1.697592,62,-2,0.283105,0.031031,1.559431,0.138161
exact_text_unique_sensitivity,One deterministic representative per combined-text SHA-256 value; sensitivity population only,4. Caders Heven,430,cashout_laundering_service,Cash-out or laundering service,crypto_payment_or_conversion,Cryptocurrency payment or conversion reference,38,58,64,270,0.2375,1.668709,59,-21,0.318919,-0.081419,1.837302,-0.168593
exact_text_unique_sensitivity,One deterministic representative per combined-text SHA-256 value; sensitivity population only,4. Caders Heven,430,cashout_laundering_service,Cash-out or laundering service,email_access_takeover,Email-access-enabled account takeover,14,82,44,290,0.1,1.081178,15,-1,0.090909,0.009091,0.949289,0.131889
exact_text_unique_sensitivity,One deterministic representative per combined-text SHA-256 value; sensitivity population only,4. Caders Heven,430,cashout_laundering_service,Cash-out or laundering service,escrow_trust_reputation,"Escrow, trust, reputation, or scam-risk discourse",32,64,87,247,0.174863,1.204482,32,0,0.15534,0.019523,1.046328,0.158154
exact_text_unique_sensitivity,One deterministic representative per combined-text SHA-256 value; sensitivity population only,4. Caders Heven,430,cashout_laundering_service,Cash-out or laundering service,fullz_identity_package,Fullz or identity package,27,69,85,249,0.149171,1.079799,34,-7,0.163462,-0.014291,1.075861,0.003938
exact_text_unique_sensitivity,One deterministic representative per combined-text SHA-256 value; sensitivity population only,4. Caders Heven,430,cashout_laundering_service,Cash-out or laundering service,jurisdiction_localisation,Jurisdiction-specific bank or account reference,33,63,81,253,0.186441,1.296601,33,0,0.164179,0.022262,1.116233,0.180368
exact_text_unique_sensitivity,One deterministic representative per combined-text SHA-256 value; sensitivity population only,4. Caders Heven,430,cashout_laundering_service,Cash-out or laundering service,mule_recruitment,Mule recruitment or account-holder solicitation,7,89,2,332,0.071429,3.483796,7,0,0.058333,0.013096,3.051789,0.432007
exact_text_unique_sensitivity,One deterministic representative per combined-text SHA-256 value; sensitivity population only,4. Caders Heven,430,cashout_laundering_service,Cash-out or laundering service,telegram_off_platform,Telegram or private-channel coordination reference,39,57,42,292,0.282609,2.156636,39,0,0.24375,0.038859,1.889203,0.267433
exact_text_unique_sensitivity,One deterministic representative per combined-text SHA-256 value; sensitivity population only,4. Caders Heven,430,cashout_laundering_service,Cash-out or laundering service,tutorial_training_recruitment,"Tutorial, guide, or training content",46,50,56,278,0.302632,2.020016,46,0,0.261364,0.041268,1.735495,0.284521
exact_text_unique_sensitivity,One deterministic representative per combined-text SHA-256 value; sensitivity population only,4. Caders Heven,430,crypto_payment_or_conversion,Cryptocurrency payment or conversion reference,email_access_takeover,Email-access-enabled account takeover,15,87,43,285,0.103448,1.090264,17,-2,0.099415,0.004033,1.007552,0.082712
exact_text_unique_sensitivity,One deterministic representative per combined-text SHA-256 value; sensitivity population only,4. Caders Heven,430,crypto_payment_or_conversion,Cryptocurrency payment or conversion reference,escrow_trust_reputation,"Escrow, trust, reputation, or scam-risk discourse",51,51,68,260,0.3,1.806723,52,-1,0.268041,0.031959,1.592328,0.214395
exact_text_unique_sensitivity,One deterministic representative per combined-text SHA-256 value; sensitivity population only,4. Caders Heven,430,crypto_payment_or_conversion,Cryptocurrency payment or conversion reference,fullz_identity_package,Fullz or identity package,37,65,75,253,0.20904,1.392682,44,-7,0.213592,-0.004552,1.303891,0.088791
exact_text_unique_sensitivity,One deterministic representative per combined-text SHA-256 value; sensitivity population only,4. Caders Heven,430,crypto_payment_or_conversion,Cryptocurrency payment or conversion reference,jurisdiction_localisation,Jurisdiction-specific bank or account reference,34,68,80,248,0.186813,1.25731,35,-1,0.169082,0.017731,1.108716,0.148594
exact_text_unique_sensitivity,One deterministic representative per combined-text SHA-256 value; sensitivity population only,4. Caders Heven,430,crypto_payment_or_conversion,Cryptocurrency payment or conversion reference,mule_recruitment,Mule recruitment or account-holder solicitation,7,95,2,326,0.067308,3.278867,7,0,0.054688,0.01262,2.858025,0.420842
exact_text_unique_sensitivity,One deterministic representative per combined-text SHA-256 value; sensitivity population only,4. Caders Heven,430,crypto_payment_or_conversion,Cryptocurrency payment or conversion reference,telegram_off_platform,Telegram or private-channel coordination reference,34,68,47,281,0.228188,1.769547,34,0,0.196532,0.031656,1.542426,0.227121
exact_text_unique_sensitivity,One deterministic representative per combined-text SHA-256 value; sensitivity population only,4. Caders Heven,430,crypto_payment_or_conversion,Cryptocurrency payment or conversion reference,tutorial_training_recruitment,"Tutorial, guide, or training content",42,60,60,268,0.259259,1.735871,44,-2,0.236559,0.0227,1.55464,0.181231
exact_text_unique_sensitivity,One deterministic representative per combined-text SHA-256 value; sensitivity population only,4. Caders Heven,430,email_access_takeover,Email-access-enabled account takeover,escrow_trust_reputation,"Escrow, trust, reputation, or scam-risk discourse",13,45,106,266,0.079268,0.80991,13,0,0.076923,0.002345,0.809005,0.000905
exact_text_unique_sensitivity,One deterministic representative per combined-text SHA-256 value; sensitivity population only,4. Caders Heven,430,email_access_takeover,Email-access-enabled account takeover,fullz_identity_package,Fullz or identity package,22,36,90,282,0.148649,1.456281,24,-2,0.148148,0.000501,1.445369,0.010912
exact_text_unique_sensitivity,One deterministic representative per combined-text SHA-256 value; sensitivity population only,4. Caders Heven,430,email_access_takeover,Email-access-enabled account takeover,jurisdiction_localisation,Jurisdiction-specific bank or account reference,38,20,76,296,0.283582,2.471264,40,-2,0.289855,-0.006273,2.575083,-0.103819
exact_text_unique_sensitivity,One deterministic representative per combined-text SHA-256 value; sensitivity population only,4. Caders Heven,430,email_access_takeover,Email-access-enabled account takeover,mule_recruitment,Mule recruitment or account-holder solicitation,0,58,9,363,0.0,0.0,0,0,0.0,0.0,0.0,0.0
exact_text_unique_sensitivity,One deterministic representative per combined-text SHA-256 value; sensitivity population only,4. Caders Heven,430,email_access_takeover,Email-access-enabled account takeover,telegram_off_platform,Telegram or private-channel coordination reference,10,48,71,301,0.077519,0.915283,10,0,0.075188,0.002331,0.921943,-0.00666
exact_text_unique_sensitivity,One deterministic representative per combined-text SHA-256 value; sensitivity population only,4. Caders Heven,430,email_access_takeover,Email-access-enabled account takeover,tutorial_training_recruitment,"Tutorial, guide, or training content",19,39,83,289,0.134752,1.381001,20,-1,0.136986,-0.002234,1.436104,-0.055103
exact_text_unique_sensitivity,One deterministic representative per combined-text SHA-256 value; sensitivity population only,4. Caders Heven,430,escrow_trust_reputation,"Escrow, trust, reputation, or scam-risk discourse",fullz_identity_package,Fullz or identity package,34,85,78,233,0.172589,1.096939,34,0,0.161905,0.010684,1.05793,0.039009
exact_text_unique_sensitivity,One deterministic representative per combined-text SHA-256 value; sensitivity population only,4. Caders Heven,430,escrow_trust_reputation,"Escrow, trust, reputation, or scam-risk discourse",jurisdiction_localisation,Jurisdiction-specific bank or account reference,34,85,80,231,0.170854,1.077694,34,0,0.168317,0.002537,1.130891,-0.053197
exact_text_unique_sensitivity,One deterministic representative per combined-text SHA-256 value; sensitivity population only,4. Caders Heven,430,escrow_trust_reputation,"Escrow, trust, reputation, or scam-risk discourse",mule_recruitment,Mule recruitment or account-holder solicitation,5,114,4,307,0.04065,2.00747,5,0,0.040323,0.000327,2.143519,-0.136049
exact_text_unique_sensitivity,One deterministic representative per combined-text SHA-256 value; sensitivity population only,4. Caders Heven,430,escrow_trust_reputation,"Escrow, trust, reputation, or scam-risk discourse",telegram_off_platform,Telegram or private-channel coordination reference,25,94,56,255,0.142857,1.115261,25,0,0.142045,0.000812,1.190844,-0.075583
exact_text_unique_sensitivity,One deterministic representative per combined-text SHA-256 value; sensitivity population only,4. Caders Heven,430,escrow_trust_reputation,"Escrow, trust, reputation, or scam-risk discourse",tutorial_training_recruitment,"Tutorial, guide, or training content",37,82,65,246,0.201087,1.31076,37,0,0.197861,0.003226,1.372676,-0.061916
exact_text_unique_sensitivity,One deterministic representative per combined-text SHA-256 value; sensitivity population only,4. Caders Heven,430,fullz_identity_package,Fullz or identity package,jurisdiction_localisation,Jurisdiction-specific bank or account reference,43,69,71,247,0.234973,1.448152,44,-1,0.22449,0.010483,1.416296,0.031856
exact_text_unique_sensitivity,One deterministic representative per combined-text SHA-256 value; sensitivity population only,4. Caders Heven,430,fullz_identity_package,Fullz or identity package,mule_recruitment,Mule recruitment or account-holder solicitation,4,108,5,313,0.034188,1.706349,4,0,0.031008,0.00318,1.659498,0.046851
exact_text_unique_sensitivity,One deterministic representative per combined-text SHA-256 value; sensitivity population only,4. Caders Heven,430,fullz_identity_package,Fullz or identity package,telegram_off_platform,Telegram or private-channel coordination reference,30,82,51,267,0.184049,1.421958,30,0,0.171429,0.01262,1.382915,0.039043
exact_text_unique_sensitivity,One deterministic representative per combined-text SHA-256 value; sensitivity population only,4. Caders Heven,430,fullz_identity_package,Fullz or identity package,tutorial_training_recruitment,"Tutorial, guide, or training content",39,73,63,255,0.222857,1.467962,40,-1,0.212766,0.010091,1.436104,0.031858
exact_text_unique_sensitivity,One deterministic representative per combined-text SHA-256 value; sensitivity population only,4. Caders Heven,430,jurisdiction_localisation,Jurisdiction-specific bank or account reference,mule_recruitment,Mule recruitment or account-holder solicitation,4,110,5,311,0.033613,1.676413,4,0,0.033058,0.000555,1.773946,-0.097533
exact_text_unique_sensitivity,One deterministic representative per combined-text SHA-256 value; sensitivity population only,4. Caders Heven,430,jurisdiction_localisation,Jurisdiction-specific bank or account reference,telegram_off_platform,Telegram or private-channel coordination reference,18,96,63,253,0.101695,0.838207,18,0,0.100559,0.001136,0.886973,-0.048766
exact_text_unique_sensitivity,One deterministic representative per combined-text SHA-256 value; sensitivity population only,4. Caders Heven,430,jurisdiction_localisation,Jurisdiction-specific bank or account reference,tutorial_training_recruitment,"Tutorial, guide, or training content",29,85,73,243,0.15508,1.072411,30,-1,0.157895,-0.002815,1.151359,-0.078948
exact_text_unique_sensitivity,One deterministic representative per combined-text SHA-256 value; sensitivity population only,4. Caders Heven,430,mule_recruitment,Mule recruitment or account-holder solicitation,telegram_off_platform,Telegram or private-channel coordination reference,7,2,74,347,0.084337,4.128944,7,0,0.084337,0.0,4.445816,-0.316872
exact_text_unique_sensitivity,One deterministic representative per combined-text SHA-256 value; sensitivity population only,4. Caders Heven,430,mule_recruitment,Mule recruitment or account-holder solicitation,tutorial_training_recruitment,"Tutorial, guide, or training content",5,4,97,324,0.04717,2.342048,5,0,0.046296,0.000874,2.473291,-0.131243
exact_text_unique_sensitivity,One deterministic representative per combined-text SHA-256 value; sensitivity population only,4. Caders Heven,430,telegram_off_platform,Telegram or private-channel coordination reference,tutorial_training_recruitment,"Tutorial, guide, or training content",29,52,73,276,0.188312,1.50932,29,0,0.185897,0.002415,1.593898,-0.084578
exact_text_unique_sensitivity,One deterministic representative per combined-text SHA-256 value; sensitivity population only,5. CardPro,416,bank_drop_sale,Bank drop sale or bank-drop infrastructure,bank_log_sale,Compromised bank log sale or discussion,76,34,99,207,0.363636,1.64239,76,0,0.35023,0.013406,1.713813,-0.071423
exact_text_unique_sensitivity,One deterministic representative per combined-text SHA-256 value; sensitivity population only,5. CardPro,416,bank_drop_sale,Bank drop sale or bank-drop infrastructure,cashout_laundering_service,Cash-out or laundering service,26,84,60,246,0.152941,1.14334,31,-5,0.152709,0.000232,1.048583,0.094757
exact_text_unique_sensitivity,One deterministic representative per combined-text SHA-256 value; sensitivity population only,5. CardPro,416,bank_drop_sale,Bank drop sale or bank-drop infrastructure,crypto_payment_or_conversion,Cryptocurrency payment or conversion reference,36,74,83,223,0.186528,1.144079,38,-2,0.186275,0.000253,1.203749,-0.05967
exact_text_unique_sensitivity,One deterministic representative per combined-text SHA-256 value; sensitivity population only,5. CardPro,416,bank_drop_sale,Bank drop sale or bank-drop infrastructure,email_access_takeover,Email-access-enabled account takeover,28,82,34,272,0.194444,1.707918,28,0,0.186667,0.007777,1.802558,-0.09464
exact_text_unique_sensitivity,One deterministic representative per combined-text SHA-256 value; sensitivity population only,5. CardPro,416,bank_drop_sale,Bank drop sale or bank-drop infrastructure,escrow_trust_reputation,"Escrow, trust, reputation, or scam-risk discourse",32,78,84,222,0.164948,1.04326,33,-1,0.162562,0.002386,1.097629,-0.054369
exact_text_unique_sensitivity,One deterministic representative per combined-text SHA-256 value; sensitivity population only,5. CardPro,416,bank_drop_sale,Bank drop sale or bank-drop infrastructure,fullz_identity_package,Fullz or identity package,56,54,63,243,0.323699,1.779679,60,-4,0.333333,-0.009634,1.931313,-0.151634
exact_text_unique_sensitivity,One deterministic representative per combined-text SHA-256 value; sensitivity population only,5. CardPro,416,bank_drop_sale,Bank drop sale or bank-drop infrastructure,jurisdiction_localisation,Jurisdiction-specific bank or account reference,59,51,46,260,0.378205,2.125022,62,-3,0.364706,0.013499,2.133323,-0.008301
exact_text_unique_sensitivity,One deterministic representative per combined-text SHA-256 value; sensitivity population only,5. CardPro,416,bank_drop_sale,Bank drop sale or bank-drop infrastructure,mule_recruitment,Mule recruitment or account-holder solicitation,4,106,4,302,0.035088,1.890909,4,0,0.033058,0.00203,1.773946,0.116963
exact_text_unique_sensitivity,One deterministic representative per combined-text SHA-256 value; sensitivity population only,5. CardPro,416,bank_drop_sale,Bank drop sale or bank-drop infrastructure,telegram_off_platform,Telegram or private-channel coordination reference,10,100,49,257,0.062893,0.640986,13,-3,0.070652,-0.007759,0.640592,0.000394
exact_text_unique_sensitivity,One deterministic representative per combined-text SHA-256 value; sensitivity population only,5. CardPro,416,bank_drop_sale,Bank drop sale or bank-drop infrastructure,tutorial_training_recruitment,"Tutorial, guide, or training content",37,73,64,242,0.212644,1.385419,38,-1,0.208791,0.003853,1.458389,-0.07297
exact_text_unique_sensitivity,One deterministic representative per combined-text SHA-256 value; sensitivity population only,5. CardPro,416,bank_log_sale,Compromised bank log sale or discussion,cashout_laundering_service,Cash-out or laundering service,64,111,22,219,0.324873,1.769037,66,-2,0.28821,0.036663,1.463085,0.305952
exact_text_unique_sensitivity,One deterministic representative per combined-text SHA-256 value; sensitivity population only,5. CardPro,416,bank_log_sale,Compromised bank log sale or discussion,crypto_payment_or_conversion,Cryptocurrency payment or conversion reference,77,98,42,199,0.354839,1.538151,77,0,0.340708,0.014131,1.598556,-0.060405
exact_text_unique_sensitivity,One deterministic representative per combined-text SHA-256 value; sensitivity population only,5. CardPro,416,bank_log_sale,Compromised bank log sale or discussion,email_access_takeover,Email-access-enabled account takeover,53,122,9,232,0.288043,2.032074,53,0,0.284946,0.003097,2.236104,-0.20403
exact_text_unique_sensitivity,One deterministic representative per combined-text SHA-256 value; sensitivity population only,5. CardPro,416,bank_log_sale,Compromised bank log sale or discussion,escrow_trust_reputation,"Escrow, trust, reputation, or scam-risk discourse",48,127,68,173,0.197531,0.983645,48,0,0.192771,0.00476,1.046328,-0.062683
exact_text_unique_sensitivity,One deterministic representative per combined-text SHA-256 value; sensitivity population only,5. CardPro,416,bank_log_sale,Compromised bank log sale or discussion,fullz_identity_package,Fullz or identity package,60,115,59,182,0.25641,1.198559,60,0,0.248963,0.007447,1.265719,-0.06716
exact_text_unique_sensitivity,One deterministic representative per combined-text SHA-256 value; sensitivity population only,5. CardPro,416,bank_log_sale,Compromised bank log sale or discussion,jurisdiction_localisation,Jurisdiction-specific bank or account reference,72,103,33,208,0.346154,1.630041,73,-1,0.331818,0.014336,1.646162,-0.016121
exact_text_unique_sensitivity,One deterministic representative per combined-text SHA-256 value; sensitivity population only,5. CardPro,416,bank_log_sale,Compromised bank log sale or discussion,mule_recruitment,Mule recruitment or account-holder solicitation,6,169,2,239,0.033898,1.782857,7,-1,0.039106,-0.005208,2.034526,-0.251669
exact_text_unique_sensitivity,One deterministic representative per combined-text SHA-256 value; sensitivity population only,5. CardPro,416,bank_log_sale,Compromised bank log sale or discussion,telegram_off_platform,Telegram or private-channel coordination reference,23,152,36,205,0.109005,0.926683,24,-1,0.102564,0.006441,0.775058,0.151625
exact_text_unique_sensitivity,One deterministic representative per combined-text SHA-256 value; sensitivity population only,5. CardPro,416,bank_log_sale,Compromised bank log sale or discussion,tutorial_training_recruitment,"Tutorial, guide, or training content",61,114,40,201,0.283721,1.4357,62,-1,0.283105,0.000616,1.559431,-0.123731
exact_text_unique_sensitivity,One deterministic representative per combined-text SHA-256 value; sensitivity population only,5. CardPro,416,cashout_laundering_service,Cash-out or laundering service,crypto_payment_or_conversion,Cryptocurrency payment or conversion reference,54,32,65,265,0.357616,2.195036,59,-5,0.318919,0.038697,1.837302,0.357734
exact_text_unique_sensitivity,One deterministic representative per combined-text SHA-256 value; sensitivity population only,5. CardPro,416,cashout_laundering_service,Cash-out or laundering service,email_access_takeover,Email-access-enabled account takeover,15,71,47,283,0.112782,1.170293,15,0,0.090909,0.021873,0.949289,0.221004
exact_text_unique_sensitivity,One deterministic representative per combined-text SHA-256 value; sensitivity population only,5. CardPro,416,cashout_laundering_service,Cash-out or laundering service,escrow_trust_reputation,"Escrow, trust, reputation, or scam-risk discourse",30,56,86,244,0.174419,1.251002,32,-2,0.15534,0.019079,1.046328,0.204674
exact_text_unique_sensitivity,One deterministic representative per combined-text SHA-256 value; sensitivity population only,5. CardPro,416,cashout_laundering_service,Cash-out or laundering service,fullz_identity_package,Fullz or identity package,31,55,88,242,0.178161,1.260113,34,-3,0.163462,0.014699,1.075861,0.184252
exact_text_unique_sensitivity,One deterministic representative per combined-text SHA-256 value; sensitivity population only,5. CardPro,416,cashout_laundering_service,Cash-out or laundering service,jurisdiction_localisation,Jurisdiction-specific bank or account reference,22,64,83,247,0.130178,1.013511,33,-11,0.164179,-0.034001,1.116233,-0.102722
exact_text_unique_sensitivity,One deterministic representative per combined-text SHA-256 value; sensitivity population only,5. CardPro,416,cashout_laundering_service,Cash-out or laundering service,mule_recruitment,Mule recruitment or account-holder solicitation,6,80,2,328,0.068182,3.627907,7,-1,0.058333,0.009849,3.051789,0.576118
exact_text_unique_sensitivity,One deterministic representative per combined-text SHA-256 value; sensitivity population only,5. CardPro,416,cashout_laundering_service,Cash-out or laundering service,telegram_off_platform,Telegram or private-channel coordination reference,21,65,38,292,0.169355,1.721719,39,-18,0.24375,-0.074395,1.889203,-0.167484
exact_text_unique_sensitivity,One deterministic representative per combined-text SHA-256 value; sensitivity population only,5. CardPro,416,cashout_laundering_service,Cash-out or laundering service,tutorial_training_recruitment,"Tutorial, guide, or training content",43,43,58,272,0.298611,2.059406,46,-3,0.261364,0.037247,1.735495,0.323911
exact_text_unique_sensitivity,One deterministic representative per combined-text SHA-256 value; sensitivity population only,5. CardPro,416,crypto_payment_or_conversion,Cryptocurrency payment or conversion reference,email_access_takeover,Email-access-enabled account takeover,17,102,45,252,0.103659,0.958525,17,0,0.099415,0.004244,1.007552,-0.049027
exact_text_unique_sensitivity,One deterministic representative per combined-text SHA-256 value; sensitivity population only,5. CardPro,416,crypto_payment_or_conversion,Cryptocurrency payment or conversion reference,escrow_trust_reputation,"Escrow, trust, reputation, or scam-risk discourse",50,69,66,231,0.27027,1.50681,52,-2,0.268041,0.002229,1.592328,-0.085518
exact_text_unique_sensitivity,One deterministic representative per combined-text SHA-256 value; sensitivity population only,5. CardPro,416,crypto_payment_or_conversion,Cryptocurrency payment or conversion reference,fullz_identity_package,Fullz or identity package,42,77,77,220,0.214286,1.233811,44,-2,0.213592,0.000694,1.303891,-0.07008
exact_text_unique_sensitivity,One deterministic representative per combined-text SHA-256 value; sensitivity population only,5. CardPro,416,crypto_payment_or_conversion,Cryptocurrency payment or conversion reference,jurisdiction_localisation,Jurisdiction-specific bank or account reference,33,86,72,225,0.172775,1.098679,35,-2,0.169082,0.003693,1.108716,-0.010037
exact_text_unique_sensitivity,One deterministic representative per combined-text SHA-256 value; sensitivity population only,5. CardPro,416,crypto_payment_or_conversion,Cryptocurrency payment or conversion reference,mule_recruitment,Mule recruitment or account-holder solicitation,7,112,1,296,0.058333,3.058824,7,0,0.054688,0.003645,2.858025,0.200799
exact_text_unique_sensitivity,One deterministic representative per combined-text SHA-256 value; sensitivity population only,5. CardPro,416,crypto_payment_or_conversion,Cryptocurrency payment or conversion reference,telegram_off_platform,Telegram or private-channel coordination reference,27,92,32,265,0.178808,1.599772,34,-7,0.196532,-0.017724,1.542426,0.057346
exact_text_unique_sensitivity,One deterministic representative per combined-text SHA-256 value; sensitivity population only,5. CardPro,416,crypto_payment_or_conversion,Cryptocurrency payment or conversion reference,tutorial_training_recruitment,"Tutorial, guide, or training content",44,75,57,240,0.25,1.522922,44,0,0.236559,0.013441,1.55464,-0.031718
exact_text_unique_sensitivity,One deterministic representative per combined-text SHA-256 value; sensitivity population only,5. CardPro,416,email_access_takeover,Email-access-enabled account takeover,escrow_trust_reputation,"Escrow, trust, reputation, or scam-risk discourse",13,49,103,251,0.078788,0.751947,13,0,0.076923,0.001865,0.809005,-0.057058
exact_text_unique_sensitivity,One deterministic representative per combined-text SHA-256 value; sensitivity population only,5. CardPro,416,email_access_takeover,Email-access-enabled account takeover,fullz_identity_package,Fullz or identity package,24,38,95,259,0.152866,1.353212,24,0,0.148148,0.004718,1.445369,-0.092157
exact_text_unique_sensitivity,One deterministic representative per combined-text SHA-256 value; sensitivity population only,5. CardPro,416,email_access_takeover,Email-access-enabled account takeover,jurisdiction_localisation,Jurisdiction-specific bank or account reference,40,22,65,289,0.314961,2.556068,40,0,0.289855,0.025106,2.575083,-0.019015
exact_text_unique_sensitivity,One deterministic representative per combined-text SHA-256 value; sensitivity population only,5. CardPro,416,email_access_takeover,Email-access-enabled account takeover,mule_recruitment,Mule recruitment or account-holder solicitation,0,62,8,346,0.0,0.0,0,0,0.0,0.0,0.0,0.0
exact_text_unique_sensitivity,One deterministic representative per combined-text SHA-256 value; sensitivity population only,5. CardPro,416,email_access_takeover,Email-access-enabled account takeover,telegram_off_platform,Telegram or private-channel coordination reference,10,52,49,305,0.09009,1.137233,10,0,0.075188,0.014902,0.921943,0.21529
exact_text_unique_sensitivity,One deterministic representative per combined-text SHA-256 value; sensitivity population only,5. CardPro,416,email_access_takeover,Email-access-enabled account takeover,tutorial_training_recruitment,"Tutorial, guide, or training content",20,42,81,273,0.13986,1.328649,20,0,0.136986,0.002874,1.436104,-0.107455
exact_text_unique_sensitivity,One deterministic representative per combined-text SHA-256 value; sensitivity population only,5. CardPro,416,escrow_trust_reputation,"Escrow, trust, reputation, or scam-risk discourse",fullz_identity_package,Fullz or identity package,33,83,86,214,0.163366,0.994494,34,-1,0.161905,0.001461,1.05793,-0.063436
exact_text_unique_sensitivity,One deterministic representative per combined-text SHA-256 value; sensitivity population only,5. CardPro,416,escrow_trust_reputation,"Escrow, trust, reputation, or scam-risk discourse",jurisdiction_localisation,Jurisdiction-specific bank or account reference,34,82,71,229,0.181818,1.161248,34,0,0.168317,0.013501,1.130891,0.030357
exact_text_unique_sensitivity,One deterministic representative per combined-text SHA-256 value; sensitivity population only,5. CardPro,416,escrow_trust_reputation,"Escrow, trust, reputation, or scam-risk discourse",mule_recruitment,Mule recruitment or account-holder solicitation,5,111,3,297,0.042017,2.241379,5,0,0.040323,0.001694,2.143519,0.09786
exact_text_unique_sensitivity,One deterministic representative per combined-text SHA-256 value; sensitivity population only,5. CardPro,416,escrow_trust_reputation,"Escrow, trust, reputation, or scam-risk discourse",telegram_off_platform,Telegram or private-channel coordination reference,23,93,36,264,0.151316,1.398013,25,-2,0.142045,0.009271,1.190844,0.207169
exact_text_unique_sensitivity,One deterministic representative per combined-text SHA-256 value; sensitivity population only,5. CardPro,416,escrow_trust_reputation,"Escrow, trust, reputation, or scam-risk discourse",tutorial_training_recruitment,"Tutorial, guide, or training content",37,79,64,236,0.205556,1.313759,37,0,0.197861,0.007695,1.372676,-0.058917
exact_text_unique_sensitivity,One deterministic representative per combined-text SHA-256 value; sensitivity population only,5. CardPro,416,fullz_identity_package,Fullz or identity package,jurisdiction_localisation,Jurisdiction-specific bank or account reference,42,77,63,234,0.230769,1.398319,44,-2,0.22449,0.006279,1.416296,-0.017977
exact_text_unique_sensitivity,One deterministic representative per combined-text SHA-256 value; sensitivity population only,5. CardPro,416,fullz_identity_package,Fullz or identity package,mule_recruitment,Mule recruitment or account-holder solicitation,4,115,4,293,0.03252,1.747899,4,0,0.031008,0.001512,1.659498,0.088401
exact_text_unique_sensitivity,One deterministic representative per combined-text SHA-256 value; sensitivity population only,5. CardPro,416,fullz_identity_package,Fullz or identity package,telegram_off_platform,Telegram or private-channel coordination reference,27,92,32,265,0.178808,1.599772,30,-3,0.171429,0.007379,1.382915,0.216857
exact_text_unique_sensitivity,One deterministic representative per combined-text SHA-256 value; sensitivity population only,5. CardPro,416,fullz_identity_package,Fullz or identity package,tutorial_training_recruitment,"Tutorial, guide, or training content",40,79,61,236,0.222222,1.384475,40,0,0.212766,0.009456,1.436104,-0.051629
exact_text_unique_sensitivity,One deterministic representative per combined-text SHA-256 value; sensitivity population only,5. CardPro,416,jurisdiction_localisation,Jurisdiction-specific bank or account reference,mule_recruitment,Mule recruitment or account-holder solicitation,3,102,5,306,0.027273,1.485714,4,-1,0.033058,-0.005785,1.773946,-0.288232
exact_text_unique_sensitivity,One deterministic representative per combined-text SHA-256 value; sensitivity population only,5. CardPro,416,jurisdiction_localisation,Jurisdiction-specific bank or account reference,telegram_off_platform,Telegram or private-channel coordination reference,11,94,48,263,0.071895,0.73866,18,-7,0.100559,-0.028664,0.886973,-0.148313
exact_text_unique_sensitivity,One deterministic representative per combined-text SHA-256 value; sensitivity population only,5. CardPro,416,jurisdiction_localisation,Jurisdiction-specific bank or account reference,tutorial_training_recruitment,"Tutorial, guide, or training content",28,77,73,238,0.157303,1.09835,30,-2,0.157895,-0.000592,1.151359,-0.053009
exact_text_unique_sensitivity,One deterministic representative per combined-text SHA-256 value; sensitivity population only,5. CardPro,416,mule_recruitment,Mule recruitment or account-holder solicitation,telegram_off_platform,Telegram or private-channel coordination reference,6,2,53,355,0.098361,5.288136,7,-1,0.084337,0.014024,4.445816,0.84232
exact_text_unique_sensitivity,One deterministic representative per combined-text SHA-256 value; sensitivity population only,5. CardPro,416,mule_recruitment,Mule recruitment or account-holder solicitation,tutorial_training_recruitment,"Tutorial, guide, or training content",4,4,97,311,0.038095,2.059406,5,-1,0.046296,-0.008201,2.473291,-0.413885
exact_text_unique_sensitivity,One deterministic representative per combined-text SHA-256 value; sensitivity population only,5. CardPro,416,telegram_off_platform,Telegram or private-channel coordination reference,tutorial_training_recruitment,"Tutorial, guide, or training content",27,32,74,283,0.203008,1.88488,29,-2,0.185897,0.017111,1.593898,0.290982
exact_text_unique_sensitivity,One deterministic representative per combined-text SHA-256 value; sensitivity population only,6. The X Wave Market,415,bank_drop_sale,Bank drop sale or bank-drop infrastructure,bank_log_sale,Compromised bank log sale or discussion,73,34,99,209,0.354369,1.64611,76,-3,0.35023,0.004139,1.713813,-0.067703
exact_text_unique_sensitivity,One deterministic representative per combined-text SHA-256 value; sensitivity population only,6. The X Wave Market,415,bank_drop_sale,Bank drop sale or bank-drop infrastructure,cashout_laundering_service,Cash-out or laundering service,27,80,81,227,0.143617,0.969626,31,-4,0.152709,-0.009092,1.048583,-0.078957
exact_text_unique_sensitivity,One deterministic representative per combined-text SHA-256 value; sensitivity population only,6. The X Wave Market,415,bank_drop_sale,Bank drop sale or bank-drop infrastructure,crypto_payment_or_conversion,Cryptocurrency payment or conversion reference,33,74,83,225,0.173684,1.103368,38,-5,0.186275,-0.012591,1.203749,-0.100381
exact_text_unique_sensitivity,One deterministic representative per combined-text SHA-256 value; sensitivity population only,6. The X Wave Market,415,bank_drop_sale,Bank drop sale or bank-drop infrastructure,email_access_takeover,Email-access-enabled account takeover,25,82,34,274,0.177305,1.643434,28,-3,0.186667,-0.009362,1.802558,-0.159124
exact_text_unique_sensitivity,One deterministic representative per combined-text SHA-256 value; sensitivity population only,6. The X Wave Market,415,bank_drop_sale,Bank drop sale or bank-drop infrastructure,escrow_trust_reputation,"Escrow, trust, reputation, or scam-risk discourse",24,83,55,253,0.148148,1.17828,33,-9,0.162562,-0.014414,1.097629,0.080651
exact_text_unique_sensitivity,One deterministic representative per combined-text SHA-256 value; sensitivity population only,6. The X Wave Market,415,bank_drop_sale,Bank drop sale or bank-drop infrastructure,fullz_identity_package,Fullz or identity package,53,54,51,257,0.335443,1.976546,60,-7,0.333333,0.00211,1.931313,0.045233
exact_text_unique_sensitivity,One deterministic representative per combined-text SHA-256 value; sensitivity population only,6. The X Wave Market,415,bank_drop_sale,Bank drop sale or bank-drop infrastructure,jurisdiction_localisation,Jurisdiction-specific bank or account reference,58,49,52,256,0.36478,2.04503,62,-4,0.364706,7.4e-05,2.133323,-0.088293
exact_text_unique_sensitivity,One deterministic representative per combined-text SHA-256 value; sensitivity population only,6. The X Wave Market,415,bank_drop_sale,Bank drop sale or bank-drop infrastructure,mule_recruitment,Mule recruitment or account-holder solicitation,4,103,5,303,0.035714,1.72378,4,0,0.033058,0.002656,1.773946,-0.050166
exact_text_unique_sensitivity,One deterministic representative per combined-text SHA-256 value; sensitivity population only,6. The X Wave Market,415,bank_drop_sale,Bank drop sale or bank-drop infrastructure,telegram_off_platform,Telegram or private-channel coordination reference,13,94,68,240,0.074286,0.622476,13,0,0.070652,0.003634,0.640592,-0.018116
exact_text_unique_sensitivity,One deterministic representative per combined-text SHA-256 value; sensitivity population only,6. The X Wave Market,415,bank_drop_sale,Bank drop sale or bank-drop infrastructure,tutorial_training_recruitment,"Tutorial, guide, or training content",35,72,59,249,0.210843,1.444124,38,-3,0.208791,0.002052,1.458389,-0.014265
exact_text_unique_sensitivity,One deterministic representative per combined-text SHA-256 value; sensitivity population only,6. The X Wave Market,415,bank_log_sale,Compromised bank log sale or discussion,cashout_laundering_service,Cash-out or laundering service,64,108,44,199,0.296296,1.429802,66,-2,0.28821,0.008086,1.463085,-0.033283
exact_text_unique_sensitivity,One deterministic representative per combined-text SHA-256 value; sensitivity population only,6. The X Wave Market,415,bank_log_sale,Compromised bank log sale or discussion,crypto_payment_or_conversion,Cryptocurrency payment or conversion reference,74,98,42,201,0.345794,1.539194,77,-3,0.340708,0.005086,1.598556,-0.059362
exact_text_unique_sensitivity,One deterministic representative per combined-text SHA-256 value; sensitivity population only,6. The X Wave Market,415,bank_log_sale,Compromised bank log sale or discussion,email_access_takeover,Email-access-enabled account takeover,51,121,8,235,0.283333,2.085633,53,-2,0.284946,-0.001613,2.236104,-0.150471
exact_text_unique_sensitivity,One deterministic representative per combined-text SHA-256 value; sensitivity population only,6. The X Wave Market,415,bank_log_sale,Compromised bank log sale or discussion,escrow_trust_reputation,"Escrow, trust, reputation, or scam-risk discourse",43,129,36,207,0.206731,1.313291,48,-5,0.192771,0.01396,1.046328,0.266963
exact_text_unique_sensitivity,One deterministic representative per combined-text SHA-256 value; sensitivity population only,6. The X Wave Market,415,bank_log_sale,Compromised bank log sale or discussion,fullz_identity_package,Fullz or identity package,56,116,48,195,0.254545,1.299195,60,-4,0.248963,0.005582,1.265719,0.033476
exact_text_unique_sensitivity,One deterministic representative per combined-text SHA-256 value; sensitivity population only,6. The X Wave Market,415,bank_log_sale,Compromised bank log sale or discussion,jurisdiction_localisation,Jurisdiction-specific bank or account reference,68,104,42,201,0.317757,1.491543,73,-5,0.331818,-0.014061,1.646162,-0.154619
exact_text_unique_sensitivity,One deterministic representative per combined-text SHA-256 value; sensitivity population only,6. The X Wave Market,415,bank_log_sale,Compromised bank log sale or discussion,mule_recruitment,Mule recruitment or account-holder solicitation,7,165,2,241,0.04023,1.876615,7,0,0.039106,0.001124,2.034526,-0.157911
exact_text_unique_sensitivity,One deterministic representative per combined-text SHA-256 value; sensitivity population only,6. The X Wave Market,415,bank_log_sale,Compromised bank log sale or discussion,telegram_off_platform,Telegram or private-channel coordination reference,24,148,57,186,0.104803,0.714901,24,0,0.102564,0.002239,0.775058,-0.060157
exact_text_unique_sensitivity,One deterministic representative per combined-text SHA-256 value; sensitivity population only,6. The X Wave Market,415,bank_log_sale,Compromised bank log sale or discussion,tutorial_training_recruitment,"Tutorial, guide, or training content",61,111,33,210,0.297561,1.565747,62,-1,0.283105,0.014456,1.559431,0.006316
exact_text_unique_sensitivity,One deterministic representative per combined-text SHA-256 value; sensitivity population only,6. The X Wave Market,415,cashout_laundering_service,Cash-out or laundering service,crypto_payment_or_conversion,Cryptocurrency payment or conversion reference,53,55,63,244,0.309942,1.755667,59,-6,0.318919,-0.008977,1.837302,-0.081635
exact_text_unique_sensitivity,One deterministic representative per combined-text SHA-256 value; sensitivity population only,6. The X Wave Market,415,cashout_laundering_service,Cash-out or laundering service,email_access_takeover,Email-access-enabled account takeover,12,96,47,260,0.077419,0.781544,15,-3,0.090909,-0.01349,0.949289,-0.167745
exact_text_unique_sensitivity,One deterministic representative per combined-text SHA-256 value; sensitivity population only,6. The X Wave Market,415,cashout_laundering_service,Cash-out or laundering service,escrow_trust_reputation,"Escrow, trust, reputation, or scam-risk discourse",22,86,57,250,0.133333,1.070089,32,-10,0.15534,-0.022007,1.046328,0.023761
exact_text_unique_sensitivity,One deterministic representative per combined-text SHA-256 value; sensitivity population only,6. The X Wave Market,415,cashout_laundering_service,Cash-out or laundering service,fullz_identity_package,Fullz or identity package,26,82,78,229,0.139785,0.960648,34,-8,0.163462,-0.023677,1.075861,-0.115213
exact_text_unique_sensitivity,One deterministic representative per combined-text SHA-256 value; sensitivity population only,6. The X Wave Market,415,cashout_laundering_service,Cash-out or laundering service,jurisdiction_localisation,Jurisdiction-specific bank or account reference,30,78,80,227,0.159574,1.04798,33,-3,0.164179,-0.004605,1.116233,-0.068253
exact_text_unique_sensitivity,One deterministic representative per combined-text SHA-256 value; sensitivity population only,6. The X Wave Market,415,cashout_laundering_service,Cash-out or laundering service,mule_recruitment,Mule recruitment or account-holder solicitation,7,101,2,305,0.063636,2.988683,7,0,0.058333,0.005303,3.051789,-0.063106
exact_text_unique_sensitivity,One deterministic representative per combined-text SHA-256 value; sensitivity population only,6. The X Wave Market,415,cashout_laundering_service,Cash-out or laundering service,telegram_off_platform,Telegram or private-channel coordination reference,39,69,42,265,0.26,1.850137,39,0,0.24375,0.01625,1.889203,-0.039066
exact_text_unique_sensitivity,One deterministic representative per combined-text SHA-256 value; sensitivity population only,6. The X Wave Market,415,cashout_laundering_service,Cash-out or laundering service,tutorial_training_recruitment,"Tutorial, guide, or training content",40,68,54,253,0.246914,1.635146,46,-6,0.261364,-0.01445,1.735495,-0.100349
exact_text_unique_sensitivity,One deterministic representative per combined-text SHA-256 value; sensitivity population only,6. The X Wave Market,415,crypto_payment_or_conversion,Cryptocurrency payment or conversion reference,email_access_takeover,Email-access-enabled account takeover,14,102,45,254,0.086957,0.848919,17,-3,0.099415,-0.012458,1.007552,-0.158633
exact_text_unique_sensitivity,One deterministic representative per combined-text SHA-256 value; sensitivity population only,6. The X Wave Market,415,crypto_payment_or_conversion,Cryptocurrency payment or conversion reference,escrow_trust_reputation,"Escrow, trust, reputation, or scam-risk discourse",43,73,36,263,0.282895,1.947294,52,-9,0.268041,0.014854,1.592328,0.354966
exact_text_unique_sensitivity,One deterministic representative per combined-text SHA-256 value; sensitivity population only,6. The X Wave Market,415,crypto_payment_or_conversion,Cryptocurrency payment or conversion reference,fullz_identity_package,Fullz or identity package,38,78,66,233,0.208791,1.307195,44,-6,0.213592,-0.004801,1.303891,0.003304
exact_text_unique_sensitivity,One deterministic representative per combined-text SHA-256 value; sensitivity population only,6. The X Wave Market,415,crypto_payment_or_conversion,Cryptocurrency payment or conversion reference,jurisdiction_localisation,Jurisdiction-specific bank or account reference,31,85,79,220,0.158974,1.008229,35,-4,0.169082,-0.010108,1.108716,-0.100487
exact_text_unique_sensitivity,One deterministic representative per combined-text SHA-256 value; sensitivity population only,6. The X Wave Market,415,crypto_payment_or_conversion,Cryptocurrency payment or conversion reference,mule_recruitment,Mule recruitment or account-holder solicitation,7,109,2,297,0.059322,2.782567,7,0,0.054688,0.004634,2.858025,-0.075458
exact_text_unique_sensitivity,One deterministic representative per combined-text SHA-256 value; sensitivity population only,6. The X Wave Market,415,crypto_payment_or_conversion,Cryptocurrency payment or conversion reference,telegram_off_platform,Telegram or private-channel coordination reference,34,82,47,252,0.208589,1.501703,34,0,0.196532,0.012057,1.542426,-0.040723
exact_text_unique_sensitivity,One deterministic representative per combined-text SHA-256 value; sensitivity population only,6. The X Wave Market,415,crypto_payment_or_conversion,Cryptocurrency payment or conversion reference,tutorial_training_recruitment,"Tutorial, guide, or training content",40,76,54,245,0.235294,1.522377,44,-4,0.236559,-0.001265,1.55464,-0.032263
exact_text_unique_sensitivity,One deterministic representative per combined-text SHA-256 value; sensitivity population only,6. The X Wave Market,415,email_access_takeover,Email-access-enabled account takeover,escrow_trust_reputation,"Escrow, trust, reputation, or scam-risk discourse",10,49,69,287,0.078125,0.890367,13,-3,0.076923,0.001202,0.809005,0.081362
exact_text_unique_sensitivity,One deterministic representative per combined-text SHA-256 value; sensitivity population only,6. The X Wave Market,415,email_access_takeover,Email-access-enabled account takeover,fullz_identity_package,Fullz or identity package,21,38,83,273,0.147887,1.420306,24,-3,0.148148,-0.000261,1.445369,-0.025063
exact_text_unique_sensitivity,One deterministic representative per combined-text SHA-256 value; sensitivity population only,6. The X Wave Market,415,email_access_takeover,Email-access-enabled account takeover,jurisdiction_localisation,Jurisdiction-specific bank or account reference,38,21,72,284,0.290076,2.429892,40,-2,0.289855,0.000221,2.575083,-0.145191
exact_text_unique_sensitivity,One deterministic representative per combined-text SHA-256 value; sensitivity population only,6. The X Wave Market,415,email_access_takeover,Email-access-enabled account takeover,mule_recruitment,Mule recruitment or account-holder solicitation,0,59,9,347,0.0,0.0,0,0,0.0,0.0,0.0,0.0
exact_text_unique_sensitivity,One deterministic representative per combined-text SHA-256 value; sensitivity population only,6. The X Wave Market,415,email_access_takeover,Email-access-enabled account takeover,telegram_off_platform,Telegram or private-channel coordination reference,10,49,71,285,0.076923,0.868383,10,0,0.075188,0.001735,0.921943,-0.05356
exact_text_unique_sensitivity,One deterministic representative per combined-text SHA-256 value; sensitivity population only,6. The X Wave Market,415,email_access_takeover,Email-access-enabled account takeover,tutorial_training_recruitment,"Tutorial, guide, or training content",20,39,74,282,0.150376,1.496574,20,0,0.136986,0.01339,1.436104,0.06047
exact_text_unique_sensitivity,One deterministic representative per combined-text SHA-256 value; sensitivity population only,6. The X Wave Market,415,escrow_trust_reputation,"Escrow, trust, reputation, or scam-risk discourse",fullz_identity_package,Fullz or identity package,14,65,90,246,0.08284,0.707157,34,-20,0.161905,-0.079065,1.05793,-0.350773
exact_text_unique_sensitivity,One deterministic representative per combined-text SHA-256 value; sensitivity population only,6. The X Wave Market,415,escrow_trust_reputation,"Escrow, trust, reputation, or scam-risk discourse",jurisdiction_localisation,Jurisdiction-specific bank or account reference,28,51,82,254,0.173913,1.337169,34,-6,0.168317,0.005596,1.130891,0.206278
exact_text_unique_sensitivity,One deterministic representative per combined-text SHA-256 value; sensitivity population only,6. The X Wave Market,415,escrow_trust_reputation,"Escrow, trust, reputation, or scam-risk discourse",mule_recruitment,Mule recruitment or account-holder solicitation,5,74,4,332,0.060241,2.918425,5,0,0.040323,0.019918,2.143519,0.774906
exact_text_unique_sensitivity,One deterministic representative per combined-text SHA-256 value; sensitivity population only,6. The X Wave Market,415,escrow_trust_reputation,"Escrow, trust, reputation, or scam-risk discourse",telegram_off_platform,Telegram or private-channel coordination reference,25,54,56,280,0.185185,1.621347,25,0,0.142045,0.04314,1.190844,0.430503
exact_text_unique_sensitivity,One deterministic representative per combined-text SHA-256 value; sensitivity population only,6. The X Wave Market,415,escrow_trust_reputation,"Escrow, trust, reputation, or scam-risk discourse",tutorial_training_recruitment,"Tutorial, guide, or training content",27,52,67,269,0.184932,1.508888,37,-10,0.197861,-0.012929,1.372676,0.136212
exact_text_unique_sensitivity,One deterministic representative per combined-text SHA-256 value; sensitivity population only,6. The X Wave Market,415,fullz_identity_package,Fullz or identity package,jurisdiction_localisation,Jurisdiction-specific bank or account reference,39,65,71,240,0.222857,1.414773,44,-5,0.22449,-0.001633,1.416296,-0.001523
exact_text_unique_sensitivity,One deterministic representative per combined-text SHA-256 value; sensitivity population only,6. The X Wave Market,415,fullz_identity_package,Fullz or identity package,mule_recruitment,Mule recruitment or account-holder solicitation,4,100,5,306,0.036697,1.773504,4,0,0.031008,0.005689,1.659498,0.114006
exact_text_unique_sensitivity,One deterministic representative per combined-text SHA-256 value; sensitivity population only,6. The X Wave Market,415,fullz_identity_package,Fullz or identity package,telegram_off_platform,Telegram or private-channel coordination reference,30,74,51,260,0.193548,1.47792,30,0,0.171429,0.022119,1.382915,0.095005
exact_text_unique_sensitivity,One deterministic representative per combined-text SHA-256 value; sensitivity population only,6. The X Wave Market,415,fullz_identity_package,Fullz or identity package,tutorial_training_recruitment,"Tutorial, guide, or training content",33,71,61,250,0.2,1.40088,40,-7,0.212766,-0.012766,1.436104,-0.035224
exact_text_unique_sensitivity,One deterministic representative per combined-text SHA-256 value; sensitivity population only,6. The X Wave Market,415,jurisdiction_localisation,Jurisdiction-specific bank or account reference,mule_recruitment,Mule recruitment or account-holder solicitation,4,106,5,300,0.034783,1.676768,4,0,0.033058,0.001725,1.773946,-0.097178
exact_text_unique_sensitivity,One deterministic representative per combined-text SHA-256 value; sensitivity population only,6. The X Wave Market,415,jurisdiction_localisation,Jurisdiction-specific bank or account reference,telegram_off_platform,Telegram or private-channel coordination reference,18,92,63,242,0.104046,0.838384,18,0,0.100559,0.003487,0.886973,-0.048589
exact_text_unique_sensitivity,One deterministic representative per combined-text SHA-256 value; sensitivity population only,6. The X Wave Market,415,jurisdiction_localisation,Jurisdiction-specific bank or account reference,tutorial_training_recruitment,"Tutorial, guide, or training content",28,82,66,239,0.159091,1.123791,30,-2,0.157895,0.001196,1.151359,-0.027568
exact_text_unique_sensitivity,One deterministic representative per combined-text SHA-256 value; sensitivity population only,6. The X Wave Market,415,mule_recruitment,Mule recruitment or account-holder solicitation,telegram_off_platform,Telegram or private-channel coordination reference,7,2,74,332,0.084337,3.984911,7,0,0.084337,0.0,4.445816,-0.460905
exact_text_unique_sensitivity,One deterministic representative per combined-text SHA-256 value; sensitivity population only,6. The X Wave Market,415,mule_recruitment,Mule recruitment or account-holder solicitation,tutorial_training_recruitment,"Tutorial, guide, or training content",5,4,89,317,0.05102,2.452719,5,0,0.046296,0.004724,2.473291,-0.020572
exact_text_unique_sensitivity,One deterministic representative per combined-text SHA-256 value; sensitivity population only,6. The X Wave Market,415,telegram_off_platform,Telegram or private-channel coordination reference,tutorial_training_recruitment,"Tutorial, guide, or training content",29,52,65,269,0.19863,1.580641,29,0,0.185897,0.012733,1.593898,-0.013257
exact_text_unique_sensitivity,One deterministic representative per combined-text SHA-256 value; sensitivity population only,7. Meta Banklogs,425,bank_drop_sale,Bank drop sale or bank-drop infrastructure,bank_log_sale,Compromised bank log sale or discussion,66,36,83,240,0.356757,1.845638,76,-10,0.35023,0.006527,1.713813,0.131825
exact_text_unique_sensitivity,One deterministic representative per combined-text SHA-256 value; sensitivity population only,7. Meta Banklogs,425,bank_drop_sale,Bank drop sale or bank-drop infrastructure,cashout_laundering_service,Cash-out or laundering service,28,74,86,237,0.148936,1.023392,31,-3,0.152709,-0.003773,1.048583,-0.025191
exact_text_unique_sensitivity,One deterministic representative per combined-text SHA-256 value; sensitivity population only,7. Meta Banklogs,425,bank_drop_sale,Bank drop sale or bank-drop infrastructure,crypto_payment_or_conversion,Cryptocurrency payment or conversion reference,35,67,85,238,0.187166,1.215278,38,-3,0.186275,0.000891,1.203749,0.011529
exact_text_unique_sensitivity,One deterministic representative per combined-text SHA-256 value; sensitivity population only,7. Meta Banklogs,425,bank_drop_sale,Bank drop sale or bank-drop infrastructure,email_access_takeover,Email-access-enabled account takeover,21,81,20,303,0.172131,2.134146,28,-7,0.186667,-0.014536,1.802558,0.331588
exact_text_unique_sensitivity,One deterministic representative per combined-text SHA-256 value; sensitivity population only,7. Meta Banklogs,425,bank_drop_sale,Bank drop sale or bank-drop infrastructure,escrow_trust_reputation,"Escrow, trust, reputation, or scam-risk discourse",33,69,86,237,0.175532,1.155462,33,0,0.162562,0.01297,1.097629,0.057833
exact_text_unique_sensitivity,One deterministic representative per combined-text SHA-256 value; sensitivity population only,7. Meta Banklogs,425,bank_drop_sale,Bank drop sale or bank-drop infrastructure,fullz_identity_package,Fullz or identity package,51,51,61,262,0.312883,1.897321,60,-9,0.333333,-0.02045,1.931313,-0.033992
exact_text_unique_sensitivity,One deterministic representative per combined-text SHA-256 value; sensitivity population only,7. Meta Banklogs,425,bank_drop_sale,Bank drop sale or bank-drop infrastructure,jurisdiction_localisation,Jurisdiction-specific bank or account reference,48,54,33,290,0.355556,2.469136,62,-14,0.364706,-0.00915,2.133323,0.335813
exact_text_unique_sensitivity,One deterministic representative per combined-text SHA-256 value; sensitivity population only,7. Meta Banklogs,425,bank_drop_sale,Bank drop sale or bank-drop infrastructure,mule_recruitment,Mule recruitment or account-holder solicitation,4,98,5,318,0.037383,1.851852,4,0,0.033058,0.004325,1.773946,0.077906
exact_text_unique_sensitivity,One deterministic representative per combined-text SHA-256 value; sensitivity population only,7. Meta Banklogs,425,bank_drop_sale,Bank drop sale or bank-drop infrastructure,telegram_off_platform,Telegram or private-channel coordination reference,11,91,68,255,0.064706,0.580169,13,-2,0.070652,-0.005946,0.640592,-0.060423
exact_text_unique_sensitivity,One deterministic representative per combined-text SHA-256 value; sensitivity population only,7. Meta Banklogs,425,bank_drop_sale,Bank drop sale or bank-drop infrastructure,tutorial_training_recruitment,"Tutorial, guide, or training content",34,68,64,259,0.204819,1.445578,38,-4,0.208791,-0.003972,1.458389,-0.012811
exact_text_unique_sensitivity,One deterministic representative per combined-text SHA-256 value; sensitivity population only,7. Meta Banklogs,425,bank_log_sale,Compromised bank log sale or discussion,cashout_laundering_service,Cash-out or laundering service,63,86,51,225,0.315,1.576298,66,-3,0.28821,0.02679,1.463085,0.113213
exact_text_unique_sensitivity,One deterministic representative per combined-text SHA-256 value; sensitivity population only,7. Meta Banklogs,425,bank_log_sale,Compromised bank log sale or discussion,crypto_payment_or_conversion,Cryptocurrency payment or conversion reference,72,77,48,228,0.365482,1.711409,77,-5,0.340708,0.024774,1.598556,0.112853
exact_text_unique_sensitivity,One deterministic representative per combined-text SHA-256 value; sensitivity population only,7. Meta Banklogs,425,bank_log_sale,Compromised bank log sale or discussion,email_access_takeover,Email-access-enabled account takeover,34,115,7,269,0.217949,2.365363,53,-19,0.284946,-0.066997,2.236104,0.129259
exact_text_unique_sensitivity,One deterministic representative per combined-text SHA-256 value; sensitivity population only,7. Meta Banklogs,425,bank_log_sale,Compromised bank log sale or discussion,escrow_trust_reputation,"Escrow, trust, reputation, or scam-risk discourse",48,101,71,205,0.218182,1.150527,48,0,0.192771,0.025411,1.046328,0.104199
exact_text_unique_sensitivity,One deterministic representative per combined-text SHA-256 value; sensitivity population only,7. Meta Banklogs,425,bank_log_sale,Compromised bank log sale or discussion,fullz_identity_package,Fullz or identity package,52,97,60,216,0.248804,1.324305,60,-8,0.248963,-0.000159,1.265719,0.058586
exact_text_unique_sensitivity,One deterministic representative per combined-text SHA-256 value; sensitivity population only,7. Meta Banklogs,425,bank_log_sale,Compromised bank log sale or discussion,jurisdiction_localisation,Jurisdiction-specific bank or account reference,45,104,36,240,0.243243,1.584638,73,-28,0.331818,-0.088575,1.646162,-0.061524
exact_text_unique_sensitivity,One deterministic representative per combined-text SHA-256 value; sensitivity population only,7. Meta Banklogs,425,bank_log_sale,Compromised bank log sale or discussion,mule_recruitment,Mule recruitment or account-holder solicitation,7,142,2,274,0.046358,2.218494,7,0,0.039106,0.007252,2.034526,0.183968
exact_text_unique_sensitivity,One deterministic representative per combined-text SHA-256 value; sensitivity population only,7. Meta Banklogs,425,bank_log_sale,Compromised bank log sale or discussion,telegram_off_platform,Telegram or private-channel coordination reference,24,125,55,221,0.117647,0.866536,24,0,0.102564,0.015083,0.775058,0.091478
exact_text_unique_sensitivity,One deterministic representative per combined-text SHA-256 value; sensitivity population only,7. Meta Banklogs,425,bank_log_sale,Compromised bank log sale or discussion,tutorial_training_recruitment,"Tutorial, guide, or training content",58,91,40,236,0.306878,1.688125,62,-4,0.283105,0.023773,1.559431,0.128694
exact_text_unique_sensitivity,One deterministic representative per combined-text SHA-256 value; sensitivity population only,7. Meta Banklogs,425,cashout_laundering_service,Cash-out or laundering service,crypto_payment_or_conversion,Cryptocurrency payment or conversion reference,58,56,62,249,0.329545,1.801901,59,-1,0.318919,0.010626,1.837302,-0.035401
exact_text_unique_sensitivity,One deterministic representative per combined-text SHA-256 value; sensitivity population only,7. Meta Banklogs,425,cashout_laundering_service,Cash-out or laundering service,email_access_takeover,Email-access-enabled account takeover,13,101,28,283,0.091549,1.182071,15,-2,0.090909,0.00064,0.949289,0.232782
exact_text_unique_sensitivity,One deterministic representative per combined-text SHA-256 value; sensitivity population only,7. Meta Banklogs,425,cashout_laundering_service,Cash-out or laundering service,escrow_trust_reputation,"Escrow, trust, reputation, or scam-risk discourse",32,82,87,224,0.159204,1.002506,32,0,0.15534,0.003864,1.046328,-0.043822
exact_text_unique_sensitivity,One deterministic representative per combined-text SHA-256 value; sensitivity population only,7. Meta Banklogs,425,cashout_laundering_service,Cash-out or laundering service,fullz_identity_package,Fullz or identity package,32,82,80,231,0.164948,1.065163,34,-2,0.163462,0.001486,1.075861,-0.010698
exact_text_unique_sensitivity,One deterministic representative per combined-text SHA-256 value; sensitivity population only,7. Meta Banklogs,425,cashout_laundering_service,Cash-out or laundering service,jurisdiction_localisation,Jurisdiction-specific bank or account reference,29,85,52,259,0.174699,1.334741,33,-4,0.164179,0.01052,1.116233,0.218508
exact_text_unique_sensitivity,One deterministic representative per combined-text SHA-256 value; sensitivity population only,7. Meta Banklogs,425,cashout_laundering_service,Cash-out or laundering service,mule_recruitment,Mule recruitment or account-holder solicitation,7,107,2,309,0.060345,2.89961,7,0,0.058333,0.002012,3.051789,-0.152179
exact_text_unique_sensitivity,One deterministic representative per combined-text SHA-256 value; sensitivity population only,7. Meta Banklogs,425,cashout_laundering_service,Cash-out or laundering service,telegram_off_platform,Telegram or private-channel coordination reference,39,75,40,271,0.253247,1.84044,39,0,0.24375,0.009497,1.889203,-0.048763
exact_text_unique_sensitivity,One deterministic representative per combined-text SHA-256 value; sensitivity population only,7. Meta Banklogs,425,cashout_laundering_service,Cash-out or laundering service,tutorial_training_recruitment,"Tutorial, guide, or training content",43,71,55,256,0.254438,1.635786,46,-3,0.261364,-0.006926,1.735495,-0.099709
exact_text_unique_sensitivity,One deterministic representative per combined-text SHA-256 value; sensitivity population only,7. Meta Banklogs,425,crypto_payment_or_conversion,Cryptocurrency payment or conversion reference,email_access_takeover,Email-access-enabled account takeover,15,105,26,279,0.10274,1.295732,17,-2,0.099415,0.003325,1.007552,0.28818
exact_text_unique_sensitivity,One deterministic representative per combined-text SHA-256 value; sensitivity population only,7. Meta Banklogs,425,crypto_payment_or_conversion,Cryptocurrency payment or conversion reference,escrow_trust_reputation,"Escrow, trust, reputation, or scam-risk discourse",51,69,68,237,0.271277,1.517857,52,-1,0.268041,0.003236,1.592328,-0.074471
exact_text_unique_sensitivity,One deterministic representative per combined-text SHA-256 value; sensitivity population only,7. Meta Banklogs,425,crypto_payment_or_conversion,Cryptocurrency payment or conversion reference,fullz_identity_package,Fullz or identity package,42,78,70,235,0.221053,1.328125,44,-2,0.213592,0.007461,1.303891,0.024234
exact_text_unique_sensitivity,One deterministic representative per combined-text SHA-256 value; sensitivity population only,7. Meta Banklogs,425,crypto_payment_or_conversion,Cryptocurrency payment or conversion reference,jurisdiction_localisation,Jurisdiction-specific bank or account reference,30,90,51,254,0.175439,1.311728,35,-5,0.169082,0.006357,1.108716,0.203012
exact_text_unique_sensitivity,One deterministic representative per combined-text SHA-256 value; sensitivity population only,7. Meta Banklogs,425,crypto_payment_or_conversion,Cryptocurrency payment or conversion reference,mule_recruitment,Mule recruitment or account-holder solicitation,7,113,2,303,0.057377,2.75463,7,0,0.054688,0.002689,2.858025,-0.103395
exact_text_unique_sensitivity,One deterministic representative per combined-text SHA-256 value; sensitivity population only,7. Meta Banklogs,425,crypto_payment_or_conversion,Cryptocurrency payment or conversion reference,telegram_off_platform,Telegram or private-channel coordination reference,34,86,45,260,0.206061,1.524262,34,0,0.196532,0.009529,1.542426,-0.018164
exact_text_unique_sensitivity,One deterministic representative per combined-text SHA-256 value; sensitivity population only,7. Meta Banklogs,425,crypto_payment_or_conversion,Cryptocurrency payment or conversion reference,tutorial_training_recruitment,"Tutorial, guide, or training content",43,77,55,250,0.245714,1.553997,44,-1,0.236559,0.009155,1.55464,-0.000643
exact_text_unique_sensitivity,One deterministic representative per combined-text SHA-256 value; sensitivity population only,7. Meta Banklogs,425,email_access_takeover,Email-access-enabled account takeover,escrow_trust_reputation,"Escrow, trust, reputation, or scam-risk discourse",13,28,106,278,0.088435,1.132404,13,0,0.076923,0.011512,0.809005,0.323399
exact_text_unique_sensitivity,One deterministic representative per combined-text SHA-256 value; sensitivity population only,7. Meta Banklogs,425,email_access_takeover,Email-access-enabled account takeover,fullz_identity_package,Fullz or identity package,20,21,92,292,0.150376,1.851045,24,-4,0.148148,0.002228,1.445369,0.405676
exact_text_unique_sensitivity,One deterministic representative per combined-text SHA-256 value; sensitivity population only,7. Meta Banklogs,425,email_access_takeover,Email-access-enabled account takeover,jurisdiction_localisation,Jurisdiction-specific bank or account reference,19,22,62,322,0.184466,2.431497,40,-21,0.289855,-0.105389,2.575083,-0.143586
exact_text_unique_sensitivity,One deterministic representative per combined-text SHA-256 value; sensitivity population only,7. Meta Banklogs,425,email_access_takeover,Email-access-enabled account takeover,mule_recruitment,Mule recruitment or account-holder solicitation,0,41,9,375,0.0,0.0,0,0,0.0,0.0,0.0,0.0
exact_text_unique_sensitivity,One deterministic representative per combined-text SHA-256 value; sensitivity population only,7. Meta Banklogs,425,email_access_takeover,Email-access-enabled account takeover,telegram_off_platform,Telegram or private-channel coordination reference,9,32,70,314,0.081081,1.18092,10,-1,0.075188,0.005893,0.921943,0.258977
exact_text_unique_sensitivity,One deterministic representative per combined-text SHA-256 value; sensitivity population only,7. Meta Banklogs,425,email_access_takeover,Email-access-enabled account takeover,tutorial_training_recruitment,"Tutorial, guide, or training content",16,25,82,302,0.130081,1.692384,20,-4,0.136986,-0.006905,1.436104,0.25628
exact_text_unique_sensitivity,One deterministic representative per combined-text SHA-256 value; sensitivity population only,7. Meta Banklogs,425,escrow_trust_reputation,"Escrow, trust, reputation, or scam-risk discourse",fullz_identity_package,Fullz or identity package,34,85,78,228,0.172589,1.084184,34,0,0.161905,0.010684,1.05793,0.026254
exact_text_unique_sensitivity,One deterministic representative per combined-text SHA-256 value; sensitivity population only,7. Meta Banklogs,425,escrow_trust_reputation,"Escrow, trust, reputation, or scam-risk discourse",jurisdiction_localisation,Jurisdiction-specific bank or account reference,34,85,47,259,0.204819,1.499118,34,0,0.168317,0.036502,1.130891,0.368227
exact_text_unique_sensitivity,One deterministic representative per combined-text SHA-256 value; sensitivity population only,7. Meta Banklogs,425,escrow_trust_reputation,"Escrow, trust, reputation, or scam-risk discourse",mule_recruitment,Mule recruitment or account-holder solicitation,5,114,4,302,0.04065,1.984127,5,0,0.040323,0.000327,2.143519,-0.159392
exact_text_unique_sensitivity,One deterministic representative per combined-text SHA-256 value; sensitivity population only,7. Meta Banklogs,425,escrow_trust_reputation,"Escrow, trust, reputation, or scam-risk discourse",telegram_off_platform,Telegram or private-channel coordination reference,25,94,54,252,0.144509,1.130199,25,0,0.142045,0.002464,1.190844,-0.060645
exact_text_unique_sensitivity,One deterministic representative per combined-text SHA-256 value; sensitivity population only,7. Meta Banklogs,425,escrow_trust_reputation,"Escrow, trust, reputation, or scam-risk discourse",tutorial_training_recruitment,"Tutorial, guide, or training content",37,82,61,245,0.205556,1.348397,37,0,0.197861,0.007695,1.372676,-0.024279
exact_text_unique_sensitivity,One deterministic representative per combined-text SHA-256 value; sensitivity population only,7. Meta Banklogs,425,fullz_identity_package,Fullz or identity package,jurisdiction_localisation,Jurisdiction-specific bank or account reference,32,80,49,264,0.198758,1.499118,44,-12,0.22449,-0.025732,1.416296,0.082822
exact_text_unique_sensitivity,One deterministic representative per combined-text SHA-256 value; sensitivity population only,7. Meta Banklogs,425,fullz_identity_package,Fullz or identity package,mule_recruitment,Mule recruitment or account-holder solicitation,4,108,5,308,0.034188,1.686508,4,0,0.031008,0.00318,1.659498,0.02701
exact_text_unique_sensitivity,One deterministic representative per combined-text SHA-256 value; sensitivity population only,7. Meta Banklogs,425,fullz_identity_package,Fullz or identity package,telegram_off_platform,Telegram or private-channel coordination reference,29,83,50,263,0.179012,1.39297,30,-1,0.171429,0.007583,1.382915,0.010055
exact_text_unique_sensitivity,One deterministic representative per combined-text SHA-256 value; sensitivity population only,7. Meta Banklogs,425,fullz_identity_package,Fullz or identity package,tutorial_training_recruitment,"Tutorial, guide, or training content",37,75,61,252,0.213873,1.432671,40,-3,0.212766,0.001107,1.436104,-0.003433
exact_text_unique_sensitivity,One deterministic representative per combined-text SHA-256 value; sensitivity population only,7. Meta Banklogs,425,jurisdiction_localisation,Jurisdiction-specific bank or account reference,mule_recruitment,Mule recruitment or account-holder solicitation,4,77,5,339,0.046512,2.331962,4,0,0.033058,0.013454,1.773946,0.558016
exact_text_unique_sensitivity,One deterministic representative per combined-text SHA-256 value; sensitivity population only,7. Meta Banklogs,425,jurisdiction_localisation,Jurisdiction-specific bank or account reference,telegram_off_platform,Telegram or private-channel coordination reference,16,65,63,281,0.111111,1.062666,18,-2,0.100559,0.010552,0.886973,0.175693
exact_text_unique_sensitivity,One deterministic representative per combined-text SHA-256 value; sensitivity population only,7. Meta Banklogs,425,jurisdiction_localisation,Jurisdiction-specific bank or account reference,tutorial_training_recruitment,"Tutorial, guide, or training content",24,57,74,270,0.154839,1.284958,30,-6,0.157895,-0.003056,1.151359,0.133599
exact_text_unique_sensitivity,One deterministic representative per combined-text SHA-256 value; sensitivity population only,7. Meta Banklogs,425,mule_recruitment,Mule recruitment or account-holder solicitation,telegram_off_platform,Telegram or private-channel coordination reference,7,2,72,344,0.08642,4.184248,7,0,0.084337,0.002083,4.445816,-0.261568
exact_text_unique_sensitivity,One deterministic representative per combined-text SHA-256 value; sensitivity population only,7. Meta Banklogs,425,mule_recruitment,Mule recruitment or account-holder solicitation,tutorial_training_recruitment,"Tutorial, guide, or training content",5,4,93,323,0.04902,2.409297,5,0,0.046296,0.002724,2.473291,-0.063994
exact_text_unique_sensitivity,One deterministic representative per combined-text SHA-256 value; sensitivity population only,7. Meta Banklogs,425,telegram_off_platform,Telegram or private-channel coordination reference,tutorial_training_recruitment,"Tutorial, guide, or training content",29,50,69,277,0.195946,1.591966,29,0,0.185897,0.010049,1.593898,-0.001932
exact_text_unique_sensitivity,One deterministic representative per combined-text SHA-256 value; sensitivity population only,8. Secure ccSeller,450,bank_drop_sale,Bank drop sale or bank-drop infrastructure,bank_log_sale,Compromised bank log sale or discussion,75,40,98,237,0.352113,1.696406,76,-1,0.35023,0.001883,1.713813,-0.017407
exact_text_unique_sensitivity,One deterministic representative per combined-text SHA-256 value; sensitivity population only,8. Secure ccSeller,450,bank_drop_sale,Bank drop sale or bank-drop infrastructure,cashout_laundering_service,Cash-out or laundering service,31,84,87,248,0.153465,1.028003,31,0,0.152709,0.000756,1.048583,-0.02058
exact_text_unique_sensitivity,One deterministic representative per combined-text SHA-256 value; sensitivity population only,8. Secure ccSeller,450,bank_drop_sale,Bank drop sale or bank-drop infrastructure,crypto_payment_or_conversion,Cryptocurrency payment or conversion reference,38,77,87,248,0.188119,1.189565,38,0,0.186275,0.001844,1.203749,-0.014184
exact_text_unique_sensitivity,One deterministic representative per combined-text SHA-256 value; sensitivity population only,8. Secure ccSeller,450,bank_drop_sale,Bank drop sale or bank-drop infrastructure,email_access_takeover,Email-access-enabled account takeover,27,88,31,304,0.184932,1.821589,28,-1,0.186667,-0.001735,1.802558,0.019031
exact_text_unique_sensitivity,One deterministic representative per combined-text SHA-256 value; sensitivity population only,8. Secure ccSeller,450,bank_drop_sale,Bank drop sale or bank-drop infrastructure,escrow_trust_reputation,"Escrow, trust, reputation, or scam-risk discourse",33,82,86,249,0.164179,1.08513,33,0,0.162562,0.001617,1.097629,-0.012499
exact_text_unique_sensitivity,One deterministic representative per combined-text SHA-256 value; sensitivity population only,8. Secure ccSeller,450,bank_drop_sale,Bank drop sale or bank-drop infrastructure,fullz_identity_package,Fullz or identity package,59,56,59,276,0.33908,1.956522,60,-1,0.333333,0.005747,1.931313,0.025209
exact_text_unique_sensitivity,One deterministic representative per combined-text SHA-256 value; sensitivity population only,8. Secure ccSeller,450,bank_drop_sale,Bank drop sale or bank-drop infrastructure,jurisdiction_localisation,Jurisdiction-specific bank or account reference,61,54,50,285,0.369697,2.150411,62,-1,0.364706,0.004991,2.133323,0.017088
exact_text_unique_sensitivity,One deterministic representative per combined-text SHA-256 value; sensitivity population only,8. Secure ccSeller,450,bank_drop_sale,Bank drop sale or bank-drop infrastructure,mule_recruitment,Mule recruitment or account-holder solicitation,4,111,5,330,0.033333,1.73913,4,0,0.033058,0.000275,1.773946,-0.034816
exact_text_unique_sensitivity,One deterministic representative per combined-text SHA-256 value; sensitivity population only,8. Secure ccSeller,450,bank_drop_sale,Bank drop sale or bank-drop infrastructure,telegram_off_platform,Telegram or private-channel coordination reference,13,102,68,267,0.071038,0.628019,13,0,0.070652,0.000386,0.640592,-0.012573
exact_text_unique_sensitivity,One deterministic representative per combined-text SHA-256 value; sensitivity population only,8. Secure ccSeller,450,bank_drop_sale,Bank drop sale or bank-drop infrastructure,tutorial_training_recruitment,"Tutorial, guide, or training content",37,78,63,272,0.207865,1.447826,38,-1,0.208791,-0.000926,1.458389,-0.010563
exact_text_unique_sensitivity,One deterministic representative per combined-text SHA-256 value; sensitivity population only,8. Secure ccSeller,450,bank_log_sale,Compromised bank log sale or discussion,cashout_laundering_service,Cash-out or laundering service,66,107,52,225,0.293333,1.454884,66,0,0.28821,0.005123,1.463085,-0.008201
exact_text_unique_sensitivity,One deterministic representative per combined-text SHA-256 value; sensitivity population only,8. Secure ccSeller,450,bank_log_sale,Compromised bank log sale or discussion,crypto_payment_or_conversion,Cryptocurrency payment or conversion reference,77,96,48,229,0.348416,1.602312,77,0,0.340708,0.007708,1.598556,0.003756
exact_text_unique_sensitivity,One deterministic representative per combined-text SHA-256 value; sensitivity population only,8. Secure ccSeller,450,bank_log_sale,Compromised bank log sale or discussion,email_access_takeover,Email-access-enabled account takeover,51,122,7,270,0.283333,2.287223,53,-2,0.284946,-0.001613,2.236104,0.051119
exact_text_unique_sensitivity,One deterministic representative per combined-text SHA-256 value; sensitivity population only,8. Secure ccSeller,450,bank_log_sale,Compromised bank log sale or discussion,escrow_trust_reputation,"Escrow, trust, reputation, or scam-risk discourse",48,125,71,206,0.196721,1.049206,48,0,0.192771,0.00395,1.046328,0.002878
exact_text_unique_sensitivity,One deterministic representative per combined-text SHA-256 value; sensitivity population only,8. Secure ccSeller,450,bank_log_sale,Compromised bank log sale or discussion,fullz_identity_package,Fullz or identity package,57,116,61,216,0.24359,1.256491,60,-3,0.248963,-0.005373,1.265719,-0.009228
exact_text_unique_sensitivity,One deterministic representative per combined-text SHA-256 value; sensitivity population only,8. Secure ccSeller,450,bank_log_sale,Compromised bank log sale or discussion,jurisdiction_localisation,Jurisdiction-specific bank or account reference,70,103,41,236,0.327103,1.640369,73,-3,0.331818,-0.004715,1.646162,-0.005793
exact_text_unique_sensitivity,One deterministic representative per combined-text SHA-256 value; sensitivity population only,8. Secure ccSeller,450,bank_log_sale,Compromised bank log sale or discussion,mule_recruitment,Mule recruitment or account-holder solicitation,7,166,2,275,0.04,2.023121,7,0,0.039106,0.000894,2.034526,-0.011405
exact_text_unique_sensitivity,One deterministic representative per combined-text SHA-256 value; sensitivity population only,8. Secure ccSeller,450,bank_log_sale,Compromised bank log sale or discussion,telegram_off_platform,Telegram or private-channel coordination reference,24,149,57,220,0.104348,0.770713,24,0,0.102564,0.001784,0.775058,-0.004345
exact_text_unique_sensitivity,One deterministic representative per combined-text SHA-256 value; sensitivity population only,8. Secure ccSeller,450,bank_log_sale,Compromised bank log sale or discussion,tutorial_training_recruitment,"Tutorial, guide, or training content",60,113,40,237,0.28169,1.560694,62,-2,0.283105,-0.001415,1.559431,0.001263
exact_text_unique_sensitivity,One deterministic representative per combined-text SHA-256 value; sensitivity population only,8. Secure ccSeller,450,cashout_laundering_service,Cash-out or laundering service,crypto_payment_or_conversion,Cryptocurrency payment or conversion reference,59,59,66,266,0.320652,1.8,59,0,0.318919,0.001733,1.837302,-0.037302
exact_text_unique_sensitivity,One deterministic representative per combined-text SHA-256 value; sensitivity population only,8. Secure ccSeller,450,cashout_laundering_service,Cash-out or laundering service,email_access_takeover,Email-access-enabled account takeover,15,103,43,289,0.093168,0.986265,15,0,0.090909,0.002259,0.949289,0.036976
exact_text_unique_sensitivity,One deterministic representative per combined-text SHA-256 value; sensitivity population only,8. Secure ccSeller,450,cashout_laundering_service,Cash-out or laundering service,escrow_trust_reputation,"Escrow, trust, reputation, or scam-risk discourse",32,86,87,245,0.156098,1.025495,32,0,0.15534,0.000758,1.046328,-0.020833
exact_text_unique_sensitivity,One deterministic representative per combined-text SHA-256 value; sensitivity population only,8. Secure ccSeller,450,cashout_laundering_service,Cash-out or laundering service,fullz_identity_package,Fullz or identity package,34,84,84,248,0.168317,1.098822,34,0,0.163462,0.004855,1.075861,0.022961
exact_text_unique_sensitivity,One deterministic representative per combined-text SHA-256 value; sensitivity population only,8. Secure ccSeller,450,cashout_laundering_service,Cash-out or laundering service,jurisdiction_localisation,Jurisdiction-specific bank or account reference,33,85,78,254,0.168367,1.133761,33,0,0.164179,0.004188,1.116233,0.017528
exact_text_unique_sensitivity,One deterministic representative per combined-text SHA-256 value; sensitivity population only,8. Secure ccSeller,450,cashout_laundering_service,Cash-out or laundering service,mule_recruitment,Mule recruitment or account-holder solicitation,7,111,2,330,0.058333,2.966102,7,0,0.058333,0.0,3.051789,-0.085687
exact_text_unique_sensitivity,One deterministic representative per combined-text SHA-256 value; sensitivity population only,8. Secure ccSeller,450,cashout_laundering_service,Cash-out or laundering service,telegram_off_platform,Telegram or private-channel coordination reference,39,79,42,290,0.24375,1.836158,39,0,0.24375,0.0,1.889203,-0.053045
exact_text_unique_sensitivity,One deterministic representative per combined-text SHA-256 value; sensitivity population only,8. Secure ccSeller,450,cashout_laundering_service,Cash-out or laundering service,tutorial_training_recruitment,"Tutorial, guide, or training content",46,72,54,278,0.267442,1.754237,46,0,0.261364,0.006078,1.735495,0.018742
exact_text_unique_sensitivity,One deterministic representative per combined-text SHA-256 value; sensitivity population only,8. Secure ccSeller,450,crypto_payment_or_conversion,Cryptocurrency payment or conversion reference,email_access_takeover,Email-access-enabled account takeover,17,108,41,284,0.10241,1.055172,17,0,0.099415,0.002995,1.007552,0.04762
exact_text_unique_sensitivity,One deterministic representative per combined-text SHA-256 value; sensitivity population only,8. Secure ccSeller,450,crypto_payment_or_conversion,Cryptocurrency payment or conversion reference,escrow_trust_reputation,"Escrow, trust, reputation, or scam-risk discourse",51,74,68,257,0.264249,1.542857,52,-1,0.268041,-0.003792,1.592328,-0.049471
exact_text_unique_sensitivity,One deterministic representative per combined-text SHA-256 value; sensitivity population only,8. Secure ccSeller,450,crypto_payment_or_conversion,Cryptocurrency payment or conversion reference,fullz_identity_package,Fullz or identity package,43,82,75,250,0.215,1.311864,44,-1,0.213592,0.001408,1.303891,0.007973
exact_text_unique_sensitivity,One deterministic representative per combined-text SHA-256 value; sensitivity population only,8. Secure ccSeller,450,crypto_payment_or_conversion,Cryptocurrency payment or conversion reference,jurisdiction_localisation,Jurisdiction-specific bank or account reference,35,90,76,249,0.174129,1.135135,35,0,0.169082,0.005047,1.108716,0.026419
exact_text_unique_sensitivity,One deterministic representative per combined-text SHA-256 value; sensitivity population only,8. Secure ccSeller,450,crypto_payment_or_conversion,Cryptocurrency payment or conversion reference,mule_recruitment,Mule recruitment or account-holder solicitation,7,118,2,323,0.055118,2.8,7,0,0.054688,0.00043,2.858025,-0.058025
exact_text_unique_sensitivity,One deterministic representative per combined-text SHA-256 value; sensitivity population only,8. Secure ccSeller,450,crypto_payment_or_conversion,Cryptocurrency payment or conversion reference,telegram_off_platform,Telegram or private-channel coordination reference,34,91,47,278,0.197674,1.511111,34,0,0.196532,0.001142,1.542426,-0.031315
exact_text_unique_sensitivity,One deterministic representative per combined-text SHA-256 value; sensitivity population only,8. Secure ccSeller,450,crypto_payment_or_conversion,Cryptocurrency payment or conversion reference,tutorial_training_recruitment,"Tutorial, guide, or training content",44,81,56,269,0.243094,1.584,44,0,0.236559,0.006535,1.55464,0.02936
exact_text_unique_sensitivity,One deterministic representative per combined-text SHA-256 value; sensitivity population only,8. Secure ccSeller,450,email_access_takeover,Email-access-enabled account takeover,escrow_trust_reputation,"Escrow, trust, reputation, or scam-risk discourse",13,45,106,286,0.079268,0.84758,13,0,0.076923,0.002345,0.809005,0.038575
exact_text_unique_sensitivity,One deterministic representative per combined-text SHA-256 value; sensitivity population only,8. Secure ccSeller,450,email_access_takeover,Email-access-enabled account takeover,fullz_identity_package,Fullz or identity package,21,37,97,295,0.135484,1.380771,24,-3,0.148148,-0.012664,1.445369,-0.064598
exact_text_unique_sensitivity,One deterministic representative per combined-text SHA-256 value; sensitivity population only,8. Secure ccSeller,450,email_access_takeover,Email-access-enabled account takeover,jurisdiction_localisation,Jurisdiction-specific bank or account reference,36,22,75,317,0.270677,2.516309,40,-4,0.289855,-0.019178,2.575083,-0.058774
exact_text_unique_sensitivity,One deterministic representative per combined-text SHA-256 value; sensitivity population only,8. Secure ccSeller,450,email_access_takeover,Email-access-enabled account takeover,mule_recruitment,Mule recruitment or account-holder solicitation,0,58,9,383,0.0,0.0,0,0,0.0,0.0,0.0,0.0
exact_text_unique_sensitivity,One deterministic representative per combined-text SHA-256 value; sensitivity population only,8. Secure ccSeller,450,email_access_takeover,Email-access-enabled account takeover,telegram_off_platform,Telegram or private-channel coordination reference,10,48,71,321,0.077519,0.957854,10,0,0.075188,0.002331,0.921943,0.035911
exact_text_unique_sensitivity,One deterministic representative per combined-text SHA-256 value; sensitivity population only,8. Secure ccSeller,450,email_access_takeover,Email-access-enabled account takeover,tutorial_training_recruitment,"Tutorial, guide, or training content",19,39,81,311,0.136691,1.474138,20,-1,0.136986,-0.000295,1.436104,0.038034
exact_text_unique_sensitivity,One deterministic representative per combined-text SHA-256 value; sensitivity population only,8. Secure ccSeller,450,escrow_trust_reputation,"Escrow, trust, reputation, or scam-risk discourse",fullz_identity_package,Fullz or identity package,33,86,85,246,0.161765,1.057542,34,-1,0.161905,-0.00014,1.05793,-0.000388
exact_text_unique_sensitivity,One deterministic representative per combined-text SHA-256 value; sensitivity population only,8. Secure ccSeller,450,escrow_trust_reputation,"Escrow, trust, reputation, or scam-risk discourse",jurisdiction_localisation,Jurisdiction-specific bank or account reference,34,85,77,254,0.173469,1.158301,34,0,0.168317,0.005152,1.130891,0.02741
exact_text_unique_sensitivity,One deterministic representative per combined-text SHA-256 value; sensitivity population only,8. Secure ccSeller,450,escrow_trust_reputation,"Escrow, trust, reputation, or scam-risk discourse",mule_recruitment,Mule recruitment or account-holder solicitation,5,114,4,327,0.04065,2.10084,5,0,0.040323,0.000327,2.143519,-0.042679
exact_text_unique_sensitivity,One deterministic representative per combined-text SHA-256 value; sensitivity population only,8. Secure ccSeller,450,escrow_trust_reputation,"Escrow, trust, reputation, or scam-risk discourse",telegram_off_platform,Telegram or private-channel coordination reference,25,94,56,275,0.142857,1.167134,25,0,0.142045,0.000812,1.190844,-0.02371
exact_text_unique_sensitivity,One deterministic representative per combined-text SHA-256 value; sensitivity population only,8. Secure ccSeller,450,escrow_trust_reputation,"Escrow, trust, reputation, or scam-risk discourse",tutorial_training_recruitment,"Tutorial, guide, or training content",37,82,63,268,0.203297,1.39916,37,0,0.197861,0.005436,1.372676,0.026484
exact_text_unique_sensitivity,One deterministic representative per combined-text SHA-256 value; sensitivity population only,8. Secure ccSeller,450,fullz_identity_package,Fullz or identity package,jurisdiction_localisation,Jurisdiction-specific bank or account reference,40,78,71,261,0.21164,1.374256,44,-4,0.22449,-0.01285,1.416296,-0.04204
exact_text_unique_sensitivity,One deterministic representative per combined-text SHA-256 value; sensitivity population only,8. Secure ccSeller,450,fullz_identity_package,Fullz or identity package,mule_recruitment,Mule recruitment or account-holder solicitation,4,114,5,327,0.03252,1.694915,4,0,0.031008,0.001512,1.659498,0.035417
exact_text_unique_sensitivity,One deterministic representative per combined-text SHA-256 value; sensitivity population only,8. Secure ccSeller,450,fullz_identity_package,Fullz or identity package,telegram_off_platform,Telegram or private-channel coordination reference,30,88,51,281,0.177515,1.412429,30,0,0.171429,0.006086,1.382915,0.029514
exact_text_unique_sensitivity,One deterministic representative per combined-text SHA-256 value; sensitivity population only,8. Secure ccSeller,450,fullz_identity_package,Fullz or identity package,tutorial_training_recruitment,"Tutorial, guide, or training content",39,79,61,271,0.217877,1.487288,40,-1,0.212766,0.005111,1.436104,0.051184
exact_text_unique_sensitivity,One deterministic representative per combined-text SHA-256 value; sensitivity population only,8. Secure ccSeller,450,jurisdiction_localisation,Jurisdiction-specific bank or account reference,mule_recruitment,Mule recruitment or account-holder solicitation,4,107,5,334,0.034483,1.801802,4,0,0.033058,0.001425,1.773946,0.027856
exact_text_unique_sensitivity,One deterministic representative per combined-text SHA-256 value; sensitivity population only,8. Secure ccSeller,450,jurisdiction_localisation,Jurisdiction-specific bank or account reference,telegram_off_platform,Telegram or private-channel coordination reference,18,93,63,276,0.103448,0.900901,18,0,0.100559,0.002889,0.886973,0.013928
exact_text_unique_sensitivity,One deterministic representative per combined-text SHA-256 value; sensitivity population only,8. Secure ccSeller,450,jurisdiction_localisation,Jurisdiction-specific bank or account reference,tutorial_training_recruitment,"Tutorial, guide, or training content",29,82,71,268,0.159341,1.175676,30,-1,0.157895,0.001446,1.151359,0.024317
exact_text_unique_sensitivity,One deterministic representative per combined-text SHA-256 value; sensitivity population only,8. Secure ccSeller,450,mule_recruitment,Mule recruitment or account-holder solicitation,telegram_off_platform,Telegram or private-channel coordination reference,7,2,74,367,0.084337,4.320988,7,0,0.084337,0.0,4.445816,-0.124828
exact_text_unique_sensitivity,One deterministic representative per combined-text SHA-256 value; sensitivity population only,8. Secure ccSeller,450,mule_recruitment,Mule recruitment or account-holder solicitation,tutorial_training_recruitment,"Tutorial, guide, or training content",5,4,95,346,0.048077,2.5,5,0,0.046296,0.001781,2.473291,0.026709
exact_text_unique_sensitivity,One deterministic representative per combined-text SHA-256 value; sensitivity population only,8. Secure ccSeller,450,telegram_off_platform,Telegram or private-channel coordination reference,tutorial_training_recruitment,"Tutorial, guide, or training content",29,52,71,298,0.190789,1.611111,29,0,0.185897,0.004892,1.593898,0.017213
exact_text_unique_sensitivity,One deterministic representative per combined-text SHA-256 value; sensitivity population only,9. Deep Shop,432,bank_drop_sale,Bank drop sale or bank-drop infrastructure,bank_log_sale,Compromised bank log sale or discussion,76,40,86,230,0.376238,1.747126,76,0,0.35023,0.026008,1.713813,0.033313
exact_text_unique_sensitivity,One deterministic representative per combined-text SHA-256 value; sensitivity population only,9. Deep Shop,432,bank_drop_sale,Bank drop sale or bank-drop infrastructure,cashout_laundering_service,Cash-out or laundering service,31,85,83,233,0.155779,1.012704,31,0,0.152709,0.00307,1.048583,-0.035879
exact_text_unique_sensitivity,One deterministic representative per combined-text SHA-256 value; sensitivity population only,9. Deep Shop,432,bank_drop_sale,Bank drop sale or bank-drop infrastructure,crypto_payment_or_conversion,Cryptocurrency payment or conversion reference,38,78,78,238,0.195876,1.219976,38,0,0.186275,0.009601,1.203749,0.016227
exact_text_unique_sensitivity,One deterministic representative per combined-text SHA-256 value; sensitivity population only,9. Deep Shop,432,bank_drop_sale,Bank drop sale or bank-drop infrastructure,email_access_takeover,Email-access-enabled account takeover,28,88,32,284,0.189189,1.737931,28,0,0.186667,0.002522,1.802558,-0.064627
exact_text_unique_sensitivity,One deterministic representative per combined-text SHA-256 value; sensitivity population only,9. Deep Shop,432,bank_drop_sale,Bank drop sale or bank-drop infrastructure,escrow_trust_reputation,"Escrow, trust, reputation, or scam-risk discourse",33,83,80,236,0.168367,1.08758,33,0,0.162562,0.005805,1.097629,-0.010049
exact_text_unique_sensitivity,One deterministic representative per combined-text SHA-256 value; sensitivity population only,9. Deep Shop,432,bank_drop_sale,Bank drop sale or bank-drop infrastructure,fullz_identity_package,Fullz or identity package,60,56,63,253,0.335196,1.816653,60,0,0.333333,0.001863,1.931313,-0.11466
exact_text_unique_sensitivity,One deterministic representative per combined-text SHA-256 value; sensitivity population only,9. Deep Shop,432,bank_drop_sale,Bank drop sale or bank-drop infrastructure,jurisdiction_localisation,Jurisdiction-specific bank or account reference,62,54,54,262,0.364706,1.990488,62,0,0.364706,0.0,2.133323,-0.142835
exact_text_unique_sensitivity,One deterministic representative per combined-text SHA-256 value; sensitivity population only,9. Deep Shop,432,bank_drop_sale,Bank drop sale or bank-drop infrastructure,mule_recruitment,Mule recruitment or account-holder solicitation,4,112,5,311,0.033058,1.655172,4,0,0.033058,0.0,1.773946,-0.118774
exact_text_unique_sensitivity,One deterministic representative per combined-text SHA-256 value; sensitivity population only,9. Deep Shop,432,bank_drop_sale,Bank drop sale or bank-drop infrastructure,telegram_off_platform,Telegram or private-channel coordination reference,13,103,66,250,0.071429,0.612833,13,0,0.070652,0.000777,0.640592,-0.027759
exact_text_unique_sensitivity,One deterministic representative per combined-text SHA-256 value; sensitivity population only,9. Deep Shop,432,bank_drop_sale,Bank drop sale or bank-drop infrastructure,tutorial_training_recruitment,"Tutorial, guide, or training content",38,78,62,254,0.213483,1.415172,38,0,0.208791,0.004692,1.458389,-0.043217
exact_text_unique_sensitivity,One deterministic representative per combined-text SHA-256 value; sensitivity population only,9. Deep Shop,432,bank_log_sale,Compromised bank log sale or discussion,cashout_laundering_service,Cash-out or laundering service,63,99,51,219,0.295775,1.473684,66,-3,0.28821,0.007565,1.463085,0.010599
exact_text_unique_sensitivity,One deterministic representative per combined-text SHA-256 value; sensitivity population only,9. Deep Shop,432,bank_log_sale,Compromised bank log sale or discussion,crypto_payment_or_conversion,Cryptocurrency payment or conversion reference,67,95,49,221,0.317536,1.54023,77,-10,0.340708,-0.023172,1.598556,-0.058326
exact_text_unique_sensitivity,One deterministic representative per combined-text SHA-256 value; sensitivity population only,9. Deep Shop,432,bank_log_sale,Compromised bank log sale or discussion,email_access_takeover,Email-access-enabled account takeover,51,111,9,261,0.298246,2.266667,53,-2,0.284946,0.0133,2.236104,0.030563
exact_text_unique_sensitivity,One deterministic representative per combined-text SHA-256 value; sensitivity population only,9. Deep Shop,432,bank_log_sale,Compromised bank log sale or discussion,escrow_trust_reputation,"Escrow, trust, reputation, or scam-risk discourse",41,121,72,198,0.175214,0.967552,48,-7,0.192771,-0.017557,1.046328,-0.078776
exact_text_unique_sensitivity,One deterministic representative per combined-text SHA-256 value; sensitivity population only,9. Deep Shop,432,bank_log_sale,Compromised bank log sale or discussion,fullz_identity_package,Fullz or identity package,59,103,64,206,0.261062,1.279133,60,-1,0.248963,0.012099,1.265719,0.013414
exact_text_unique_sensitivity,One deterministic representative per combined-text SHA-256 value; sensitivity population only,9. Deep Shop,432,bank_log_sale,Compromised bank log sale or discussion,jurisdiction_localisation,Jurisdiction-specific bank or account reference,73,89,43,227,0.356098,1.678161,73,0,0.331818,0.02428,1.646162,0.031999
exact_text_unique_sensitivity,One deterministic representative per combined-text SHA-256 value; sensitivity population only,9. Deep Shop,432,bank_log_sale,Compromised bank log sale or discussion,mule_recruitment,Mule recruitment or account-holder solicitation,7,155,2,268,0.042683,2.074074,7,0,0.039106,0.003577,2.034526,0.039548
exact_text_unique_sensitivity,One deterministic representative per combined-text SHA-256 value; sensitivity population only,9. Deep Shop,432,bank_log_sale,Compromised bank log sale or discussion,telegram_off_platform,Telegram or private-channel coordination reference,22,140,57,213,0.100457,0.742616,24,-2,0.102564,-0.002107,0.775058,-0.032442
exact_text_unique_sensitivity,One deterministic representative per combined-text SHA-256 value; sensitivity population only,9. Deep Shop,432,bank_log_sale,Compromised bank log sale or discussion,tutorial_training_recruitment,"Tutorial, guide, or training content",58,104,42,228,0.284314,1.546667,62,-4,0.283105,0.001209,1.559431,-0.012764
exact_text_unique_sensitivity,One deterministic representative per combined-text SHA-256 value; sensitivity population only,9. Deep Shop,432,cashout_laundering_service,Cash-out or laundering service,crypto_payment_or_conversion,Cryptocurrency payment or conversion reference,57,57,59,259,0.32948,1.862069,59,-2,0.318919,0.010561,1.837302,0.024767
exact_text_unique_sensitivity,One deterministic representative per combined-text SHA-256 value; sensitivity population only,9. Deep Shop,432,cashout_laundering_service,Cash-out or laundering service,email_access_takeover,Email-access-enabled account takeover,15,99,45,273,0.09434,0.947368,15,0,0.090909,0.003431,0.949289,-0.001921
exact_text_unique_sensitivity,One deterministic representative per combined-text SHA-256 value; sensitivity population only,9. Deep Shop,432,cashout_laundering_service,Cash-out or laundering service,escrow_trust_reputation,"Escrow, trust, reputation, or scam-risk discourse",32,82,81,237,0.164103,1.073125,32,0,0.15534,0.008763,1.046328,0.026797
exact_text_unique_sensitivity,One deterministic representative per combined-text SHA-256 value; sensitivity population only,9. Deep Shop,432,cashout_laundering_service,Cash-out or laundering service,fullz_identity_package,Fullz or identity package,34,80,89,229,0.167488,1.047497,34,0,0.163462,0.004026,1.075861,-0.028364
exact_text_unique_sensitivity,One deterministic representative per combined-text SHA-256 value; sensitivity population only,9. Deep Shop,432,cashout_laundering_service,Cash-out or laundering service,jurisdiction_localisation,Jurisdiction-specific bank or account reference,33,81,83,235,0.167513,1.07804,33,0,0.164179,0.003334,1.116233,-0.038193
exact_text_unique_sensitivity,One deterministic representative per combined-text SHA-256 value; sensitivity population only,9. Deep Shop,432,cashout_laundering_service,Cash-out or laundering service,mule_recruitment,Mule recruitment or account-holder solicitation,7,107,2,316,0.060345,2.947368,7,0,0.058333,0.002012,3.051789,-0.104421
exact_text_unique_sensitivity,One deterministic representative per combined-text SHA-256 value; sensitivity population only,9. Deep Shop,432,cashout_laundering_service,Cash-out or laundering service,telegram_off_platform,Telegram or private-channel coordination reference,39,75,40,278,0.253247,1.870753,39,0,0.24375,0.009497,1.889203,-0.01845
exact_text_unique_sensitivity,One deterministic representative per combined-text SHA-256 value; sensitivity population only,9. Deep Shop,432,cashout_laundering_service,Cash-out or laundering service,tutorial_training_recruitment,"Tutorial, guide, or training content",44,70,56,262,0.258824,1.667368,46,-2,0.261364,-0.00254,1.735495,-0.068127
exact_text_unique_sensitivity,One deterministic representative per combined-text SHA-256 value; sensitivity population only,9. Deep Shop,432,crypto_payment_or_conversion,Cryptocurrency payment or conversion reference,email_access_takeover,Email-access-enabled account takeover,16,100,44,272,0.1,0.993103,17,-1,0.099415,0.000585,1.007552,-0.014449
exact_text_unique_sensitivity,One deterministic representative per combined-text SHA-256 value; sensitivity population only,9. Deep Shop,432,crypto_payment_or_conversion,Cryptocurrency payment or conversion reference,escrow_trust_reputation,"Escrow, trust, reputation, or scam-risk discourse",45,71,68,248,0.244565,1.483064,52,-7,0.268041,-0.023476,1.592328,-0.109264
exact_text_unique_sensitivity,One deterministic representative per combined-text SHA-256 value; sensitivity population only,9. Deep Shop,432,crypto_payment_or_conversion,Cryptocurrency payment or conversion reference,fullz_identity_package,Fullz or identity package,44,72,79,237,0.225641,1.332212,44,0,0.213592,0.012049,1.303891,0.028321
exact_text_unique_sensitivity,One deterministic representative per combined-text SHA-256 value; sensitivity population only,9. Deep Shop,432,crypto_payment_or_conversion,Cryptocurrency payment or conversion reference,jurisdiction_localisation,Jurisdiction-specific bank or account reference,35,81,81,235,0.177665,1.123662,35,0,0.169082,0.008583,1.108716,0.014946
exact_text_unique_sensitivity,One deterministic representative per combined-text SHA-256 value; sensitivity population only,9. Deep Shop,432,crypto_payment_or_conversion,Cryptocurrency payment or conversion reference,mule_recruitment,Mule recruitment or account-holder solicitation,7,109,2,314,0.059322,2.896552,7,0,0.054688,0.004634,2.858025,0.038527
exact_text_unique_sensitivity,One deterministic representative per combined-text SHA-256 value; sensitivity population only,9. Deep Shop,432,crypto_payment_or_conversion,Cryptocurrency payment or conversion reference,telegram_off_platform,Telegram or private-channel coordination reference,33,83,46,270,0.203704,1.555653,34,-1,0.196532,0.007172,1.542426,0.013227
exact_text_unique_sensitivity,One deterministic representative per combined-text SHA-256 value; sensitivity population only,9. Deep Shop,432,crypto_payment_or_conversion,Cryptocurrency payment or conversion reference,tutorial_training_recruitment,"Tutorial, guide, or training content",41,75,59,257,0.234286,1.526897,44,-3,0.236559,-0.002273,1.55464,-0.027743
exact_text_unique_sensitivity,One deterministic representative per combined-text SHA-256 value; sensitivity population only,9. Deep Shop,432,email_access_takeover,Email-access-enabled account takeover,escrow_trust_reputation,"Escrow, trust, reputation, or scam-risk discourse",13,47,100,272,0.08125,0.828319,13,0,0.076923,0.004327,0.809005,0.019314
exact_text_unique_sensitivity,One deterministic representative per combined-text SHA-256 value; sensitivity population only,9. Deep Shop,432,email_access_takeover,Email-access-enabled account takeover,fullz_identity_package,Fullz or identity package,24,36,99,273,0.150943,1.404878,24,0,0.148148,0.002795,1.445369,-0.040491
exact_text_unique_sensitivity,One deterministic representative per combined-text SHA-256 value; sensitivity population only,9. Deep Shop,432,email_access_takeover,Email-access-enabled account takeover,jurisdiction_localisation,Jurisdiction-specific bank or account reference,40,20,76,296,0.294118,2.482759,40,0,0.289855,0.004263,2.575083,-0.092324
exact_text_unique_sensitivity,One deterministic representative per combined-text SHA-256 value; sensitivity population only,9. Deep Shop,432,email_access_takeover,Email-access-enabled account takeover,mule_recruitment,Mule recruitment or account-holder solicitation,0,60,9,363,0.0,0.0,0,0,0.0,0.0,0.0,0.0
exact_text_unique_sensitivity,One deterministic representative per combined-text SHA-256 value; sensitivity population only,9. Deep Shop,432,email_access_takeover,Email-access-enabled account takeover,telegram_off_platform,Telegram or private-channel coordination reference,8,52,71,301,0.061069,0.729114,10,-2,0.075188,-0.014119,0.921943,-0.192829
exact_text_unique_sensitivity,One deterministic representative per combined-text SHA-256 value; sensitivity population only,9. Deep Shop,432,email_access_takeover,Email-access-enabled account takeover,tutorial_training_recruitment,"Tutorial, guide, or training content",18,42,82,290,0.126761,1.296,20,-2,0.136986,-0.010225,1.436104,-0.140104
exact_text_unique_sensitivity,One deterministic representative per combined-text SHA-256 value; sensitivity population only,9. Deep Shop,432,escrow_trust_reputation,"Escrow, trust, reputation, or scam-risk discourse",fullz_identity_package,Fullz or identity package,34,79,89,230,0.168317,1.056767,34,0,0.161905,0.006412,1.05793,-0.001163
exact_text_unique_sensitivity,One deterministic representative per combined-text SHA-256 value; sensitivity population only,9. Deep Shop,432,escrow_trust_reputation,"Escrow, trust, reputation, or scam-risk discourse",jurisdiction_localisation,Jurisdiction-specific bank or account reference,34,79,82,237,0.174359,1.120537,34,0,0.168317,0.006042,1.130891,-0.010354
exact_text_unique_sensitivity,One deterministic representative per combined-text SHA-256 value; sensitivity population only,9. Deep Shop,432,escrow_trust_reputation,"Escrow, trust, reputation, or scam-risk discourse",mule_recruitment,Mule recruitment or account-holder solicitation,5,108,4,315,0.042735,2.123894,5,0,0.040323,0.002412,2.143519,-0.019625
exact_text_unique_sensitivity,One deterministic representative per combined-text SHA-256 value; sensitivity population only,9. Deep Shop,432,escrow_trust_reputation,"Escrow, trust, reputation, or scam-risk discourse",telegram_off_platform,Telegram or private-channel coordination reference,25,88,54,265,0.149701,1.209813,25,0,0.142045,0.007656,1.190844,0.018969
exact_text_unique_sensitivity,One deterministic representative per combined-text SHA-256 value; sensitivity population only,9. Deep Shop,432,escrow_trust_reputation,"Escrow, trust, reputation, or scam-risk discourse",tutorial_training_recruitment,"Tutorial, guide, or training content",37,76,63,256,0.210227,1.414513,37,0,0.197861,0.012366,1.372676,0.041837
exact_text_unique_sensitivity,One deterministic representative per combined-text SHA-256 value; sensitivity population only,9. Deep Shop,432,fullz_identity_package,Fullz or identity package,jurisdiction_localisation,Jurisdiction-specific bank or account reference,44,79,72,237,0.225641,1.332212,44,0,0.22449,0.001151,1.416296,-0.084084
exact_text_unique_sensitivity,One deterministic representative per combined-text SHA-256 value; sensitivity population only,9. Deep Shop,432,fullz_identity_package,Fullz or identity package,mule_recruitment,Mule recruitment or account-holder solicitation,4,119,5,304,0.03125,1.560976,4,0,0.031008,0.000242,1.659498,-0.098522
exact_text_unique_sensitivity,One deterministic representative per combined-text SHA-256 value; sensitivity population only,9. Deep Shop,432,fullz_identity_package,Fullz or identity package,telegram_off_platform,Telegram or private-channel coordination reference,30,93,49,260,0.174419,1.333745,30,0,0.171429,0.00299,1.382915,-0.04917
exact_text_unique_sensitivity,One deterministic representative per combined-text SHA-256 value; sensitivity population only,9. Deep Shop,432,fullz_identity_package,Fullz or identity package,tutorial_training_recruitment,"Tutorial, guide, or training content",40,83,60,249,0.218579,1.404878,40,0,0.212766,0.005813,1.436104,-0.031226
exact_text_unique_sensitivity,One deterministic representative per combined-text SHA-256 value; sensitivity population only,9. Deep Shop,432,jurisdiction_localisation,Jurisdiction-specific bank or account reference,mule_recruitment,Mule recruitment or account-holder solicitation,4,112,5,311,0.033058,1.655172,4,0,0.033058,0.0,1.773946,-0.118774
exact_text_unique_sensitivity,One deterministic representative per combined-text SHA-256 value; sensitivity population only,9. Deep Shop,432,jurisdiction_localisation,Jurisdiction-specific bank or account reference,telegram_off_platform,Telegram or private-channel coordination reference,18,98,61,255,0.101695,0.848538,18,0,0.100559,0.001136,0.886973,-0.038435
exact_text_unique_sensitivity,One deterministic representative per combined-text SHA-256 value; sensitivity population only,9. Deep Shop,432,jurisdiction_localisation,Jurisdiction-specific bank or account reference,tutorial_training_recruitment,"Tutorial, guide, or training content",30,86,70,246,0.16129,1.117241,30,0,0.157895,0.003395,1.151359,-0.034118
exact_text_unique_sensitivity,One deterministic representative per combined-text SHA-256 value; sensitivity population only,9. Deep Shop,432,mule_recruitment,Mule recruitment or account-holder solicitation,telegram_off_platform,Telegram or private-channel coordination reference,7,2,72,351,0.08642,4.253165,7,0,0.084337,0.002083,4.445816,-0.192651
exact_text_unique_sensitivity,One deterministic representative per combined-text SHA-256 value; sensitivity population only,9. Deep Shop,432,mule_recruitment,Mule recruitment or account-holder solicitation,tutorial_training_recruitment,"Tutorial, guide, or training content",5,4,95,328,0.048077,2.4,5,0,0.046296,0.001781,2.473291,-0.073291
exact_text_unique_sensitivity,One deterministic representative per combined-text SHA-256 value; sensitivity population only,9. Deep Shop,432,telegram_off_platform,Telegram or private-channel coordination reference,tutorial_training_recruitment,"Tutorial, guide, or training content",27,52,73,280,0.177632,1.476456,29,-2,0.185897,-0.008265,1.593898,-0.117442
