population,population_definition,source,source_denominator_n,code_a,label_a,code_b,label_b,n11_both_present,n10_a_only,n01_b_only,n00_neither,jaccard,lift
full_screened,All combined records evaluated by the deterministic screen,1. Dread,69,bank_drop_sale,Bank drop sale or bank-drop infrastructure,bank_log_sale,Compromised bank log sale or discussion,11,8,4,46,0.478261,2.663158
full_screened,All combined records evaluated by the deterministic screen,1. Dread,69,bank_drop_sale,Bank drop sale or bank-drop infrastructure,cashout_laundering_service,Cash-out or laundering service,4,15,6,44,0.16,1.452632
full_screened,All combined records evaluated by the deterministic screen,1. Dread,69,bank_drop_sale,Bank drop sale or bank-drop infrastructure,crypto_payment_or_conversion,Cryptocurrency payment or conversion reference,6,13,4,46,0.26087,2.178947
full_screened,All combined records evaluated by the deterministic screen,1. Dread,69,bank_drop_sale,Bank drop sale or bank-drop infrastructure,email_access_takeover,Email-access-enabled account takeover,3,16,0,50,0.157895,3.631579
full_screened,All combined records evaluated by the deterministic screen,1. Dread,69,bank_drop_sale,Bank drop sale or bank-drop infrastructure,escrow_trust_reputation,"Escrow, trust, reputation, or scam-risk discourse",8,11,14,36,0.242424,1.320574
full_screened,All combined records evaluated by the deterministic screen,1. Dread,69,bank_drop_sale,Bank drop sale or bank-drop infrastructure,fullz_identity_package,Fullz or identity package,3,16,8,42,0.111111,0.990431
full_screened,All combined records evaluated by the deterministic screen,1. Dread,69,bank_drop_sale,Bank drop sale or bank-drop infrastructure,jurisdiction_localisation,Jurisdiction-specific bank or account reference,14,5,3,47,0.636364,2.990712
full_screened,All combined records evaluated by the deterministic screen,1. Dread,69,bank_drop_sale,Bank drop sale or bank-drop infrastructure,mule_recruitment,Mule recruitment or account-holder solicitation,1,18,1,49,0.05,1.815789
full_screened,All combined records evaluated by the deterministic screen,1. Dread,69,bank_drop_sale,Bank drop sale or bank-drop infrastructure,telegram_off_platform,Telegram or private-channel coordination reference,2,17,11,39,0.066667,0.558704
full_screened,All combined records evaluated by the deterministic screen,1. Dread,69,bank_drop_sale,Bank drop sale or bank-drop infrastructure,tutorial_training_recruitment,"Tutorial, guide, or training content",8,11,9,41,0.285714,1.708978
full_screened,All combined records evaluated by the deterministic screen,1. Dread,69,bank_log_sale,Compromised bank log sale or discussion,cashout_laundering_service,Cash-out or laundering service,8,7,2,52,0.470588,3.68
full_screened,All combined records evaluated by the deterministic screen,1. Dread,69,bank_log_sale,Compromised bank log sale or discussion,crypto_payment_or_conversion,Cryptocurrency payment or conversion reference,7,8,3,51,0.388889,3.22
full_screened,All combined records evaluated by the deterministic screen,1. Dread,69,bank_log_sale,Compromised bank log sale or discussion,email_access_takeover,Email-access-enabled account takeover,2,13,1,53,0.125,3.066667
full_screened,All combined records evaluated by the deterministic screen,1. Dread,69,bank_log_sale,Compromised bank log sale or discussion,escrow_trust_reputation,"Escrow, trust, reputation, or scam-risk discourse",11,4,11,43,0.423077,2.3
full_screened,All combined records evaluated by the deterministic screen,1. Dread,69,bank_log_sale,Compromised bank log sale or discussion,fullz_identity_package,Fullz or identity package,3,12,8,46,0.130435,1.254545
full_screened,All combined records evaluated by the deterministic screen,1. Dread,69,bank_log_sale,Compromised bank log sale or discussion,jurisdiction_localisation,Jurisdiction-specific bank or account reference,9,6,8,46,0.391304,2.435294
full_screened,All combined records evaluated by the deterministic screen,1. Dread,69,bank_log_sale,Compromised bank log sale or discussion,mule_recruitment,Mule recruitment or account-holder solicitation,2,13,0,54,0.133333,4.6
full_screened,All combined records evaluated by the deterministic screen,1. Dread,69,bank_log_sale,Compromised bank log sale or discussion,telegram_off_platform,Telegram or private-channel coordination reference,4,11,9,45,0.166667,1.415385
full_screened,All combined records evaluated by the deterministic screen,1. Dread,69,bank_log_sale,Compromised bank log sale or discussion,tutorial_training_recruitment,"Tutorial, guide, or training content",8,7,9,45,0.333333,2.164706
full_screened,All combined records evaluated by the deterministic screen,1. Dread,69,cashout_laundering_service,Cash-out or laundering service,crypto_payment_or_conversion,Cryptocurrency payment or conversion reference,5,5,5,54,0.333333,3.45
full_screened,All combined records evaluated by the deterministic screen,1. Dread,69,cashout_laundering_service,Cash-out or laundering service,email_access_takeover,Email-access-enabled account takeover,2,8,1,58,0.181818,4.6
full_screened,All combined records evaluated by the deterministic screen,1. Dread,69,cashout_laundering_service,Cash-out or laundering service,escrow_trust_reputation,"Escrow, trust, reputation, or scam-risk discourse",8,2,14,45,0.333333,2.509091
full_screened,All combined records evaluated by the deterministic screen,1. Dread,69,cashout_laundering_service,Cash-out or laundering service,fullz_identity_package,Fullz or identity package,4,6,7,52,0.235294,2.509091
full_screened,All combined records evaluated by the deterministic screen,1. Dread,69,cashout_laundering_service,Cash-out or laundering service,jurisdiction_localisation,Jurisdiction-specific bank or account reference,5,5,12,47,0.227273,2.029412
full_screened,All combined records evaluated by the deterministic screen,1. Dread,69,cashout_laundering_service,Cash-out or laundering service,mule_recruitment,Mule recruitment or account-holder solicitation,2,8,0,59,0.2,6.9
full_screened,All combined records evaluated by the deterministic screen,1. Dread,69,cashout_laundering_service,Cash-out or laundering service,telegram_off_platform,Telegram or private-channel coordination reference,6,4,7,52,0.352941,3.184615
full_screened,All combined records evaluated by the deterministic screen,1. Dread,69,cashout_laundering_service,Cash-out or laundering service,tutorial_training_recruitment,"Tutorial, guide, or training content",4,6,13,46,0.173913,1.623529
full_screened,All combined records evaluated by the deterministic screen,1. Dread,69,crypto_payment_or_conversion,Cryptocurrency payment or conversion reference,email_access_takeover,Email-access-enabled account takeover,2,8,1,58,0.181818,4.6
full_screened,All combined records evaluated by the deterministic screen,1. Dread,69,crypto_payment_or_conversion,Cryptocurrency payment or conversion reference,escrow_trust_reputation,"Escrow, trust, reputation, or scam-risk discourse",9,1,13,46,0.391304,2.822727
full_screened,All combined records evaluated by the deterministic screen,1. Dread,69,crypto_payment_or_conversion,Cryptocurrency payment or conversion reference,fullz_identity_package,Fullz or identity package,5,5,6,53,0.3125,3.136364
full_screened,All combined records evaluated by the deterministic screen,1. Dread,69,crypto_payment_or_conversion,Cryptocurrency payment or conversion reference,jurisdiction_localisation,Jurisdiction-specific bank or account reference,8,2,9,50,0.421053,3.247059
full_screened,All combined records evaluated by the deterministic screen,1. Dread,69,crypto_payment_or_conversion,Cryptocurrency payment or conversion reference,mule_recruitment,Mule recruitment or account-holder solicitation,2,8,0,59,0.2,6.9
full_screened,All combined records evaluated by the deterministic screen,1. Dread,69,crypto_payment_or_conversion,Cryptocurrency payment or conversion reference,telegram_off_platform,Telegram or private-channel coordination reference,5,5,8,51,0.277778,2.653846
full_screened,All combined records evaluated by the deterministic screen,1. Dread,69,crypto_payment_or_conversion,Cryptocurrency payment or conversion reference,tutorial_training_recruitment,"Tutorial, guide, or training content",5,5,12,47,0.227273,2.029412
full_screened,All combined records evaluated by the deterministic screen,1. Dread,69,email_access_takeover,Email-access-enabled account takeover,escrow_trust_reputation,"Escrow, trust, reputation, or scam-risk discourse",1,2,21,45,0.041667,1.045455
full_screened,All combined records evaluated by the deterministic screen,1. Dread,69,email_access_takeover,Email-access-enabled account takeover,fullz_identity_package,Fullz or identity package,2,1,9,57,0.166667,4.181818
full_screened,All combined records evaluated by the deterministic screen,1. Dread,69,email_access_takeover,Email-access-enabled account takeover,jurisdiction_localisation,Jurisdiction-specific bank or account reference,2,1,15,51,0.111111,2.705882
full_screened,All combined records evaluated by the deterministic screen,1. Dread,69,email_access_takeover,Email-access-enabled account takeover,mule_recruitment,Mule recruitment or account-holder solicitation,0,3,2,64,0.0,0.0
full_screened,All combined records evaluated by the deterministic screen,1. Dread,69,email_access_takeover,Email-access-enabled account takeover,telegram_off_platform,Telegram or private-channel coordination reference,0,3,13,53,0.0,0.0
full_screened,All combined records evaluated by the deterministic screen,1. Dread,69,email_access_takeover,Email-access-enabled account takeover,tutorial_training_recruitment,"Tutorial, guide, or training content",1,2,16,50,0.052632,1.352941
full_screened,All combined records evaluated by the deterministic screen,1. Dread,69,escrow_trust_reputation,"Escrow, trust, reputation, or scam-risk discourse",fullz_identity_package,Fullz or identity package,7,15,4,43,0.269231,1.995868
full_screened,All combined records evaluated by the deterministic screen,1. Dread,69,escrow_trust_reputation,"Escrow, trust, reputation, or scam-risk discourse",jurisdiction_localisation,Jurisdiction-specific bank or account reference,11,11,6,41,0.392857,2.029412
full_screened,All combined records evaluated by the deterministic screen,1. Dread,69,escrow_trust_reputation,"Escrow, trust, reputation, or scam-risk discourse",mule_recruitment,Mule recruitment or account-holder solicitation,2,20,0,47,0.090909,3.136364
full_screened,All combined records evaluated by the deterministic screen,1. Dread,69,escrow_trust_reputation,"Escrow, trust, reputation, or scam-risk discourse",telegram_off_platform,Telegram or private-channel coordination reference,10,12,3,44,0.4,2.412587
full_screened,All combined records evaluated by the deterministic screen,1. Dread,69,escrow_trust_reputation,"Escrow, trust, reputation, or scam-risk discourse",tutorial_training_recruitment,"Tutorial, guide, or training content",11,11,6,41,0.392857,2.029412
full_screened,All combined records evaluated by the deterministic screen,1. Dread,69,fullz_identity_package,Fullz or identity package,jurisdiction_localisation,Jurisdiction-specific bank or account reference,5,6,12,46,0.217391,1.84492
full_screened,All combined records evaluated by the deterministic screen,1. Dread,69,fullz_identity_package,Fullz or identity package,mule_recruitment,Mule recruitment or account-holder solicitation,1,10,1,57,0.083333,3.136364
full_screened,All combined records evaluated by the deterministic screen,1. Dread,69,fullz_identity_package,Fullz or identity package,telegram_off_platform,Telegram or private-channel coordination reference,6,5,7,51,0.333333,2.895105
full_screened,All combined records evaluated by the deterministic screen,1. Dread,69,fullz_identity_package,Fullz or identity package,tutorial_training_recruitment,"Tutorial, guide, or training content",6,5,11,47,0.272727,2.213904
full_screened,All combined records evaluated by the deterministic screen,1. Dread,69,jurisdiction_localisation,Jurisdiction-specific bank or account reference,mule_recruitment,Mule recruitment or account-holder solicitation,1,16,1,51,0.055556,2.029412
full_screened,All combined records evaluated by the deterministic screen,1. Dread,69,jurisdiction_localisation,Jurisdiction-specific bank or account reference,telegram_off_platform,Telegram or private-channel coordination reference,3,14,10,42,0.111111,0.936652
full_screened,All combined records evaluated by the deterministic screen,1. Dread,69,jurisdiction_localisation,Jurisdiction-specific bank or account reference,tutorial_training_recruitment,"Tutorial, guide, or training content",6,11,11,41,0.214286,1.432526
full_screened,All combined records evaluated by the deterministic screen,1. Dread,69,mule_recruitment,Mule recruitment or account-holder solicitation,telegram_off_platform,Telegram or private-channel coordination reference,2,0,11,56,0.153846,5.307692
full_screened,All combined records evaluated by the deterministic screen,1. Dread,69,mule_recruitment,Mule recruitment or account-holder solicitation,tutorial_training_recruitment,"Tutorial, guide, or training content",1,1,16,51,0.055556,2.029412
full_screened,All combined records evaluated by the deterministic screen,1. Dread,69,telegram_off_platform,Telegram or private-channel coordination reference,tutorial_training_recruitment,"Tutorial, guide, or training content",7,6,10,46,0.304348,2.18552
full_screened,All combined records evaluated by the deterministic screen,10. Tor Shop,93,bank_drop_sale,Bank drop sale or bank-drop infrastructure,bank_log_sale,Compromised bank log sale or discussion,26,6,3,58,0.742857,2.605603
full_screened,All combined records evaluated by the deterministic screen,10. Tor Shop,93,bank_drop_sale,Bank drop sale or bank-drop infrastructure,cashout_laundering_service,Cash-out or laundering service,8,24,1,60,0.242424,2.583333
full_screened,All combined records evaluated by the deterministic screen,10. Tor Shop,93,bank_drop_sale,Bank drop sale or bank-drop infrastructure,crypto_payment_or_conversion,Cryptocurrency payment or conversion reference,8,24,6,55,0.210526,1.660714
full_screened,All combined records evaluated by the deterministic screen,10. Tor Shop,93,bank_drop_sale,Bank drop sale or bank-drop infrastructure,email_access_takeover,Email-access-enabled account takeover,6,26,1,60,0.181818,2.491071
full_screened,All combined records evaluated by the deterministic screen,10. Tor Shop,93,bank_drop_sale,Bank drop sale or bank-drop infrastructure,escrow_trust_reputation,"Escrow, trust, reputation, or scam-risk discourse",0,32,0,61,0.0,0.0
full_screened,All combined records evaluated by the deterministic screen,10. Tor Shop,93,bank_drop_sale,Bank drop sale or bank-drop infrastructure,fullz_identity_package,Fullz or identity package,24,8,0,61,0.75,2.90625
full_screened,All combined records evaluated by the deterministic screen,10. Tor Shop,93,bank_drop_sale,Bank drop sale or bank-drop infrastructure,jurisdiction_localisation,Jurisdiction-specific bank or account reference,12,20,1,60,0.363636,2.682692
full_screened,All combined records evaluated by the deterministic screen,10. Tor Shop,93,bank_drop_sale,Bank drop sale or bank-drop infrastructure,mule_recruitment,Mule recruitment or account-holder solicitation,0,32,0,61,0.0,0.0
full_screened,All combined records evaluated by the deterministic screen,10. Tor Shop,93,bank_drop_sale,Bank drop sale or bank-drop infrastructure,telegram_off_platform,Telegram or private-channel coordination reference,0,32,0,61,0.0,0.0
full_screened,All combined records evaluated by the deterministic screen,10. Tor Shop,93,bank_drop_sale,Bank drop sale or bank-drop infrastructure,tutorial_training_recruitment,"Tutorial, guide, or training content",12,20,0,61,0.375,2.90625
full_screened,All combined records evaluated by the deterministic screen,10. Tor Shop,93,bank_log_sale,Compromised bank log sale or discussion,cashout_laundering_service,Cash-out or laundering service,8,21,1,63,0.266667,2.850575
full_screened,All combined records evaluated by the deterministic screen,10. Tor Shop,93,bank_log_sale,Compromised bank log sale or discussion,crypto_payment_or_conversion,Cryptocurrency payment or conversion reference,6,23,8,56,0.162162,1.374384
full_screened,All combined records evaluated by the deterministic screen,10. Tor Shop,93,bank_log_sale,Compromised bank log sale or discussion,email_access_takeover,Email-access-enabled account takeover,5,24,2,62,0.16129,2.29064
full_screened,All combined records evaluated by the deterministic screen,10. Tor Shop,93,bank_log_sale,Compromised bank log sale or discussion,escrow_trust_reputation,"Escrow, trust, reputation, or scam-risk discourse",0,29,0,64,0.0,0.0
full_screened,All combined records evaluated by the deterministic screen,10. Tor Shop,93,bank_log_sale,Compromised bank log sale or discussion,fullz_identity_package,Fullz or identity package,19,10,5,59,0.558824,2.538793
full_screened,All combined records evaluated by the deterministic screen,10. Tor Shop,93,bank_log_sale,Compromised bank log sale or discussion,jurisdiction_localisation,Jurisdiction-specific bank or account reference,11,18,2,62,0.354839,2.713528
full_screened,All combined records evaluated by the deterministic screen,10. Tor Shop,93,bank_log_sale,Compromised bank log sale or discussion,mule_recruitment,Mule recruitment or account-holder solicitation,0,29,0,64,0.0,0.0
full_screened,All combined records evaluated by the deterministic screen,10. Tor Shop,93,bank_log_sale,Compromised bank log sale or discussion,telegram_off_platform,Telegram or private-channel coordination reference,0,29,0,64,0.0,0.0
full_screened,All combined records evaluated by the deterministic screen,10. Tor Shop,93,bank_log_sale,Compromised bank log sale or discussion,tutorial_training_recruitment,"Tutorial, guide, or training content",12,17,0,64,0.413793,3.206897
full_screened,All combined records evaluated by the deterministic screen,10. Tor Shop,93,cashout_laundering_service,Cash-out or laundering service,crypto_payment_or_conversion,Cryptocurrency payment or conversion reference,2,7,12,72,0.095238,1.47619
full_screened,All combined records evaluated by the deterministic screen,10. Tor Shop,93,cashout_laundering_service,Cash-out or laundering service,email_access_takeover,Email-access-enabled account takeover,0,9,7,77,0.0,0.0
full_screened,All combined records evaluated by the deterministic screen,10. Tor Shop,93,cashout_laundering_service,Cash-out or laundering service,escrow_trust_reputation,"Escrow, trust, reputation, or scam-risk discourse",0,9,0,84,0.0,0.0
full_screened,All combined records evaluated by the deterministic screen,10. Tor Shop,93,cashout_laundering_service,Cash-out or laundering service,fullz_identity_package,Fullz or identity package,4,5,20,64,0.137931,1.722222
full_screened,All combined records evaluated by the deterministic screen,10. Tor Shop,93,cashout_laundering_service,Cash-out or laundering service,jurisdiction_localisation,Jurisdiction-specific bank or account reference,2,7,11,73,0.1,1.589744
full_screened,All combined records evaluated by the deterministic screen,10. Tor Shop,93,cashout_laundering_service,Cash-out or laundering service,mule_recruitment,Mule recruitment or account-holder solicitation,0,9,0,84,0.0,0.0
full_screened,All combined records evaluated by the deterministic screen,10. Tor Shop,93,cashout_laundering_service,Cash-out or laundering service,telegram_off_platform,Telegram or private-channel coordination reference,0,9,0,84,0.0,0.0
full_screened,All combined records evaluated by the deterministic screen,10. Tor Shop,93,cashout_laundering_service,Cash-out or laundering service,tutorial_training_recruitment,"Tutorial, guide, or training content",8,1,4,80,0.615385,6.888889
full_screened,All combined records evaluated by the deterministic screen,10. Tor Shop,93,crypto_payment_or_conversion,Cryptocurrency payment or conversion reference,email_access_takeover,Email-access-enabled account takeover,2,12,5,74,0.105263,1.897959
full_screened,All combined records evaluated by the deterministic screen,10. Tor Shop,93,crypto_payment_or_conversion,Cryptocurrency payment or conversion reference,escrow_trust_reputation,"Escrow, trust, reputation, or scam-risk discourse",0,14,0,79,0.0,0.0
full_screened,All combined records evaluated by the deterministic screen,10. Tor Shop,93,crypto_payment_or_conversion,Cryptocurrency payment or conversion reference,fullz_identity_package,Fullz or identity package,6,8,18,61,0.1875,1.660714
full_screened,All combined records evaluated by the deterministic screen,10. Tor Shop,93,crypto_payment_or_conversion,Cryptocurrency payment or conversion reference,jurisdiction_localisation,Jurisdiction-specific bank or account reference,4,10,9,70,0.173913,2.043956
full_screened,All combined records evaluated by the deterministic screen,10. Tor Shop,93,crypto_payment_or_conversion,Cryptocurrency payment or conversion reference,mule_recruitment,Mule recruitment or account-holder solicitation,0,14,0,79,0.0,0.0
full_screened,All combined records evaluated by the deterministic screen,10. Tor Shop,93,crypto_payment_or_conversion,Cryptocurrency payment or conversion reference,telegram_off_platform,Telegram or private-channel coordination reference,0,14,0,79,0.0,0.0
full_screened,All combined records evaluated by the deterministic screen,10. Tor Shop,93,crypto_payment_or_conversion,Cryptocurrency payment or conversion reference,tutorial_training_recruitment,"Tutorial, guide, or training content",2,12,10,69,0.083333,1.107143
full_screened,All combined records evaluated by the deterministic screen,10. Tor Shop,93,email_access_takeover,Email-access-enabled account takeover,escrow_trust_reputation,"Escrow, trust, reputation, or scam-risk discourse",0,7,0,86,0.0,0.0
full_screened,All combined records evaluated by the deterministic screen,10. Tor Shop,93,email_access_takeover,Email-access-enabled account takeover,fullz_identity_package,Fullz or identity package,5,2,19,67,0.192308,2.767857
full_screened,All combined records evaluated by the deterministic screen,10. Tor Shop,93,email_access_takeover,Email-access-enabled account takeover,jurisdiction_localisation,Jurisdiction-specific bank or account reference,3,4,10,76,0.176471,3.065934
full_screened,All combined records evaluated by the deterministic screen,10. Tor Shop,93,email_access_takeover,Email-access-enabled account takeover,mule_recruitment,Mule recruitment or account-holder solicitation,0,7,0,86,0.0,0.0
full_screened,All combined records evaluated by the deterministic screen,10. Tor Shop,93,email_access_takeover,Email-access-enabled account takeover,telegram_off_platform,Telegram or private-channel coordination reference,0,7,0,86,0.0,0.0
full_screened,All combined records evaluated by the deterministic screen,10. Tor Shop,93,email_access_takeover,Email-access-enabled account takeover,tutorial_training_recruitment,"Tutorial, guide, or training content",0,7,12,74,0.0,0.0
full_screened,All combined records evaluated by the deterministic screen,10. Tor Shop,93,escrow_trust_reputation,"Escrow, trust, reputation, or scam-risk discourse",fullz_identity_package,Fullz or identity package,0,0,24,69,0.0,0.0
full_screened,All combined records evaluated by the deterministic screen,10. Tor Shop,93,escrow_trust_reputation,"Escrow, trust, reputation, or scam-risk discourse",jurisdiction_localisation,Jurisdiction-specific bank or account reference,0,0,13,80,0.0,0.0
full_screened,All combined records evaluated by the deterministic screen,10. Tor Shop,93,escrow_trust_reputation,"Escrow, trust, reputation, or scam-risk discourse",mule_recruitment,Mule recruitment or account-holder solicitation,0,0,0,93,0.0,0.0
full_screened,All combined records evaluated by the deterministic screen,10. Tor Shop,93,escrow_trust_reputation,"Escrow, trust, reputation, or scam-risk discourse",telegram_off_platform,Telegram or private-channel coordination reference,0,0,0,93,0.0,0.0
full_screened,All combined records evaluated by the deterministic screen,10. Tor Shop,93,escrow_trust_reputation,"Escrow, trust, reputation, or scam-risk discourse",tutorial_training_recruitment,"Tutorial, guide, or training content",0,0,12,81,0.0,0.0
full_screened,All combined records evaluated by the deterministic screen,10. Tor Shop,93,fullz_identity_package,Fullz or identity package,jurisdiction_localisation,Jurisdiction-specific bank or account reference,10,14,3,66,0.37037,2.980769
full_screened,All combined records evaluated by the deterministic screen,10. Tor Shop,93,fullz_identity_package,Fullz or identity package,mule_recruitment,Mule recruitment or account-holder solicitation,0,24,0,69,0.0,0.0
full_screened,All combined records evaluated by the deterministic screen,10. Tor Shop,93,fullz_identity_package,Fullz or identity package,telegram_off_platform,Telegram or private-channel coordination reference,0,24,0,69,0.0,0.0
full_screened,All combined records evaluated by the deterministic screen,10. Tor Shop,93,fullz_identity_package,Fullz or identity package,tutorial_training_recruitment,"Tutorial, guide, or training content",8,16,4,65,0.285714,2.583333
full_screened,All combined records evaluated by the deterministic screen,10. Tor Shop,93,jurisdiction_localisation,Jurisdiction-specific bank or account reference,mule_recruitment,Mule recruitment or account-holder solicitation,0,13,0,80,0.0,0.0
full_screened,All combined records evaluated by the deterministic screen,10. Tor Shop,93,jurisdiction_localisation,Jurisdiction-specific bank or account reference,telegram_off_platform,Telegram or private-channel coordination reference,0,13,0,80,0.0,0.0
full_screened,All combined records evaluated by the deterministic screen,10. Tor Shop,93,jurisdiction_localisation,Jurisdiction-specific bank or account reference,tutorial_training_recruitment,"Tutorial, guide, or training content",3,10,9,71,0.136364,1.788462
full_screened,All combined records evaluated by the deterministic screen,10. Tor Shop,93,mule_recruitment,Mule recruitment or account-holder solicitation,telegram_off_platform,Telegram or private-channel coordination reference,0,0,0,93,0.0,0.0
full_screened,All combined records evaluated by the deterministic screen,10. Tor Shop,93,mule_recruitment,Mule recruitment or account-holder solicitation,tutorial_training_recruitment,"Tutorial, guide, or training content",0,0,12,81,0.0,0.0
full_screened,All combined records evaluated by the deterministic screen,10. Tor Shop,93,telegram_off_platform,Telegram or private-channel coordination reference,tutorial_training_recruitment,"Tutorial, guide, or training content",0,0,12,81,0.0,0.0
full_screened,All combined records evaluated by the deterministic screen,11. Legit Market,88,bank_drop_sale,Bank drop sale or bank-drop infrastructure,bank_log_sale,Compromised bank log sale or discussion,9,2,6,71,0.529412,4.8
full_screened,All combined records evaluated by the deterministic screen,11. Legit Market,88,bank_drop_sale,Bank drop sale or bank-drop infrastructure,cashout_laundering_service,Cash-out or laundering service,0,11,3,74,0.0,0.0
full_screened,All combined records evaluated by the deterministic screen,11. Legit Market,88,bank_drop_sale,Bank drop sale or bank-drop infrastructure,crypto_payment_or_conversion,Cryptocurrency payment or conversion reference,4,7,2,75,0.307692,5.333333
full_screened,All combined records evaluated by the deterministic screen,11. Legit Market,88,bank_drop_sale,Bank drop sale or bank-drop infrastructure,email_access_takeover,Email-access-enabled account takeover,3,8,1,76,0.25,6.0
full_screened,All combined records evaluated by the deterministic screen,11. Legit Market,88,bank_drop_sale,Bank drop sale or bank-drop infrastructure,escrow_trust_reputation,"Escrow, trust, reputation, or scam-risk discourse",11,0,9,68,0.55,4.4
full_screened,All combined records evaluated by the deterministic screen,11. Legit Market,88,bank_drop_sale,Bank drop sale or bank-drop infrastructure,fullz_identity_package,Fullz or identity package,1,10,1,76,0.083333,4.0
full_screened,All combined records evaluated by the deterministic screen,11. Legit Market,88,bank_drop_sale,Bank drop sale or bank-drop infrastructure,jurisdiction_localisation,Jurisdiction-specific bank or account reference,8,3,4,73,0.533333,5.333333
full_screened,All combined records evaluated by the deterministic screen,11. Legit Market,88,bank_drop_sale,Bank drop sale or bank-drop infrastructure,mule_recruitment,Mule recruitment or account-holder solicitation,0,11,0,77,0.0,0.0
full_screened,All combined records evaluated by the deterministic screen,11. Legit Market,88,bank_drop_sale,Bank drop sale or bank-drop infrastructure,telegram_off_platform,Telegram or private-channel coordination reference,0,11,1,76,0.0,0.0
full_screened,All combined records evaluated by the deterministic screen,11. Legit Market,88,bank_drop_sale,Bank drop sale or bank-drop infrastructure,tutorial_training_recruitment,"Tutorial, guide, or training content",1,10,2,75,0.076923,2.666667
full_screened,All combined records evaluated by the deterministic screen,11. Legit Market,88,bank_log_sale,Compromised bank log sale or discussion,cashout_laundering_service,Cash-out or laundering service,2,13,1,72,0.125,3.911111
full_screened,All combined records evaluated by the deterministic screen,11. Legit Market,88,bank_log_sale,Compromised bank log sale or discussion,crypto_payment_or_conversion,Cryptocurrency payment or conversion reference,5,10,1,72,0.3125,4.888889
full_screened,All combined records evaluated by the deterministic screen,11. Legit Market,88,bank_log_sale,Compromised bank log sale or discussion,email_access_takeover,Email-access-enabled account takeover,4,11,0,73,0.266667,5.866667
full_screened,All combined records evaluated by the deterministic screen,11. Legit Market,88,bank_log_sale,Compromised bank log sale or discussion,escrow_trust_reputation,"Escrow, trust, reputation, or scam-risk discourse",15,0,5,68,0.75,4.4
full_screened,All combined records evaluated by the deterministic screen,11. Legit Market,88,bank_log_sale,Compromised bank log sale or discussion,fullz_identity_package,Fullz or identity package,1,14,1,72,0.0625,2.933333
full_screened,All combined records evaluated by the deterministic screen,11. Legit Market,88,bank_log_sale,Compromised bank log sale or discussion,jurisdiction_localisation,Jurisdiction-specific bank or account reference,10,5,2,71,0.588235,4.888889
full_screened,All combined records evaluated by the deterministic screen,11. Legit Market,88,bank_log_sale,Compromised bank log sale or discussion,mule_recruitment,Mule recruitment or account-holder solicitation,0,15,0,73,0.0,0.0
full_screened,All combined records evaluated by the deterministic screen,11. Legit Market,88,bank_log_sale,Compromised bank log sale or discussion,telegram_off_platform,Telegram or private-channel coordination reference,0,15,1,72,0.0,0.0
full_screened,All combined records evaluated by the deterministic screen,11. Legit Market,88,bank_log_sale,Compromised bank log sale or discussion,tutorial_training_recruitment,"Tutorial, guide, or training content",2,13,1,72,0.125,3.911111
full_screened,All combined records evaluated by the deterministic screen,11. Legit Market,88,cashout_laundering_service,Cash-out or laundering service,crypto_payment_or_conversion,Cryptocurrency payment or conversion reference,2,1,4,81,0.285714,9.777778
full_screened,All combined records evaluated by the deterministic screen,11. Legit Market,88,cashout_laundering_service,Cash-out or laundering service,email_access_takeover,Email-access-enabled account takeover,0,3,4,81,0.0,0.0
full_screened,All combined records evaluated by the deterministic screen,11. Legit Market,88,cashout_laundering_service,Cash-out or laundering service,escrow_trust_reputation,"Escrow, trust, reputation, or scam-risk discourse",3,0,17,68,0.15,4.4
full_screened,All combined records evaluated by the deterministic screen,11. Legit Market,88,cashout_laundering_service,Cash-out or laundering service,fullz_identity_package,Fullz or identity package,0,3,2,83,0.0,0.0
full_screened,All combined records evaluated by the deterministic screen,11. Legit Market,88,cashout_laundering_service,Cash-out or laundering service,jurisdiction_localisation,Jurisdiction-specific bank or account reference,2,1,10,75,0.153846,4.888889
full_screened,All combined records evaluated by the deterministic screen,11. Legit Market,88,cashout_laundering_service,Cash-out or laundering service,mule_recruitment,Mule recruitment or account-holder solicitation,0,3,0,85,0.0,0.0
full_screened,All combined records evaluated by the deterministic screen,11. Legit Market,88,cashout_laundering_service,Cash-out or laundering service,telegram_off_platform,Telegram or private-channel coordination reference,1,2,0,85,0.333333,29.333333
full_screened,All combined records evaluated by the deterministic screen,11. Legit Market,88,cashout_laundering_service,Cash-out or laundering service,tutorial_training_recruitment,"Tutorial, guide, or training content",2,1,1,84,0.5,19.555556
full_screened,All combined records evaluated by the deterministic screen,11. Legit Market,88,crypto_payment_or_conversion,Cryptocurrency payment or conversion reference,email_access_takeover,Email-access-enabled account takeover,1,5,3,79,0.111111,3.666667
full_screened,All combined records evaluated by the deterministic screen,11. Legit Market,88,crypto_payment_or_conversion,Cryptocurrency payment or conversion reference,escrow_trust_reputation,"Escrow, trust, reputation, or scam-risk discourse",6,0,14,68,0.3,4.4
full_screened,All combined records evaluated by the deterministic screen,11. Legit Market,88,crypto_payment_or_conversion,Cryptocurrency payment or conversion reference,fullz_identity_package,Fullz or identity package,1,5,1,81,0.142857,7.333333
full_screened,All combined records evaluated by the deterministic screen,11. Legit Market,88,crypto_payment_or_conversion,Cryptocurrency payment or conversion reference,jurisdiction_localisation,Jurisdiction-specific bank or account reference,5,1,7,75,0.384615,6.111111
full_screened,All combined records evaluated by the deterministic screen,11. Legit Market,88,crypto_payment_or_conversion,Cryptocurrency payment or conversion reference,mule_recruitment,Mule recruitment or account-holder solicitation,0,6,0,82,0.0,0.0
full_screened,All combined records evaluated by the deterministic screen,11. Legit Market,88,crypto_payment_or_conversion,Cryptocurrency payment or conversion reference,telegram_off_platform,Telegram or private-channel coordination reference,1,5,0,82,0.166667,14.666667
full_screened,All combined records evaluated by the deterministic screen,11. Legit Market,88,crypto_payment_or_conversion,Cryptocurrency payment or conversion reference,tutorial_training_recruitment,"Tutorial, guide, or training content",3,3,0,82,0.5,14.666667
full_screened,All combined records evaluated by the deterministic screen,11. Legit Market,88,email_access_takeover,Email-access-enabled account takeover,escrow_trust_reputation,"Escrow, trust, reputation, or scam-risk discourse",4,0,16,68,0.2,4.4
full_screened,All combined records evaluated by the deterministic screen,11. Legit Market,88,email_access_takeover,Email-access-enabled account takeover,fullz_identity_package,Fullz or identity package,1,3,1,83,0.2,11.0
full_screened,All combined records evaluated by the deterministic screen,11. Legit Market,88,email_access_takeover,Email-access-enabled account takeover,jurisdiction_localisation,Jurisdiction-specific bank or account reference,3,1,9,75,0.230769,5.5
full_screened,All combined records evaluated by the deterministic screen,11. Legit Market,88,email_access_takeover,Email-access-enabled account takeover,mule_recruitment,Mule recruitment or account-holder solicitation,0,4,0,84,0.0,0.0
full_screened,All combined records evaluated by the deterministic screen,11. Legit Market,88,email_access_takeover,Email-access-enabled account takeover,telegram_off_platform,Telegram or private-channel coordination reference,0,4,1,83,0.0,0.0
full_screened,All combined records evaluated by the deterministic screen,11. Legit Market,88,email_access_takeover,Email-access-enabled account takeover,tutorial_training_recruitment,"Tutorial, guide, or training content",1,3,2,82,0.166667,7.333333
full_screened,All combined records evaluated by the deterministic screen,11. Legit Market,88,escrow_trust_reputation,"Escrow, trust, reputation, or scam-risk discourse",fullz_identity_package,Fullz or identity package,2,18,0,68,0.1,4.4
full_screened,All combined records evaluated by the deterministic screen,11. Legit Market,88,escrow_trust_reputation,"Escrow, trust, reputation, or scam-risk discourse",jurisdiction_localisation,Jurisdiction-specific bank or account reference,12,8,0,68,0.6,4.4
full_screened,All combined records evaluated by the deterministic screen,11. Legit Market,88,escrow_trust_reputation,"Escrow, trust, reputation, or scam-risk discourse",mule_recruitment,Mule recruitment or account-holder solicitation,0,20,0,68,0.0,0.0
full_screened,All combined records evaluated by the deterministic screen,11. Legit Market,88,escrow_trust_reputation,"Escrow, trust, reputation, or scam-risk discourse",telegram_off_platform,Telegram or private-channel coordination reference,1,19,0,68,0.05,4.4
full_screened,All combined records evaluated by the deterministic screen,11. Legit Market,88,escrow_trust_reputation,"Escrow, trust, reputation, or scam-risk discourse",tutorial_training_recruitment,"Tutorial, guide, or training content",3,17,0,68,0.15,4.4
full_screened,All combined records evaluated by the deterministic screen,11. Legit Market,88,fullz_identity_package,Fullz or identity package,jurisdiction_localisation,Jurisdiction-specific bank or account reference,2,0,10,76,0.166667,7.333333
full_screened,All combined records evaluated by the deterministic screen,11. Legit Market,88,fullz_identity_package,Fullz or identity package,mule_recruitment,Mule recruitment or account-holder solicitation,0,2,0,86,0.0,0.0
full_screened,All combined records evaluated by the deterministic screen,11. Legit Market,88,fullz_identity_package,Fullz or identity package,telegram_off_platform,Telegram or private-channel coordination reference,0,2,1,85,0.0,0.0
full_screened,All combined records evaluated by the deterministic screen,11. Legit Market,88,fullz_identity_package,Fullz or identity package,tutorial_training_recruitment,"Tutorial, guide, or training content",1,1,2,84,0.25,14.666667
full_screened,All combined records evaluated by the deterministic screen,11. Legit Market,88,jurisdiction_localisation,Jurisdiction-specific bank or account reference,mule_recruitment,Mule recruitment or account-holder solicitation,0,12,0,76,0.0,0.0
full_screened,All combined records evaluated by the deterministic screen,11. Legit Market,88,jurisdiction_localisation,Jurisdiction-specific bank or account reference,telegram_off_platform,Telegram or private-channel coordination reference,0,12,1,75,0.0,0.0
full_screened,All combined records evaluated by the deterministic screen,11. Legit Market,88,jurisdiction_localisation,Jurisdiction-specific bank or account reference,tutorial_training_recruitment,"Tutorial, guide, or training content",2,10,1,75,0.153846,4.888889
full_screened,All combined records evaluated by the deterministic screen,11. Legit Market,88,mule_recruitment,Mule recruitment or account-holder solicitation,telegram_off_platform,Telegram or private-channel coordination reference,0,0,1,87,0.0,0.0
full_screened,All combined records evaluated by the deterministic screen,11. Legit Market,88,mule_recruitment,Mule recruitment or account-holder solicitation,tutorial_training_recruitment,"Tutorial, guide, or training content",0,0,3,85,0.0,0.0
full_screened,All combined records evaluated by the deterministic screen,11. Legit Market,88,telegram_off_platform,Telegram or private-channel coordination reference,tutorial_training_recruitment,"Tutorial, guide, or training content",1,0,2,85,0.333333,29.333333
full_screened,All combined records evaluated by the deterministic screen,12. TORCH Tor Search,58,bank_drop_sale,Bank drop sale or bank-drop infrastructure,bank_log_sale,Compromised bank log sale or discussion,2,0,0,56,1.0,29.0
full_screened,All combined records evaluated by the deterministic screen,12. TORCH Tor Search,58,bank_drop_sale,Bank drop sale or bank-drop infrastructure,cashout_laundering_service,Cash-out or laundering service,0,2,0,56,0.0,0.0
full_screened,All combined records evaluated by the deterministic screen,12. TORCH Tor Search,58,bank_drop_sale,Bank drop sale or bank-drop infrastructure,crypto_payment_or_conversion,Cryptocurrency payment or conversion reference,0,2,0,56,0.0,0.0
full_screened,All combined records evaluated by the deterministic screen,12. TORCH Tor Search,58,bank_drop_sale,Bank drop sale or bank-drop infrastructure,email_access_takeover,Email-access-enabled account takeover,0,2,0,56,0.0,0.0
full_screened,All combined records evaluated by the deterministic screen,12. TORCH Tor Search,58,bank_drop_sale,Bank drop sale or bank-drop infrastructure,escrow_trust_reputation,"Escrow, trust, reputation, or scam-risk discourse",0,2,0,56,0.0,0.0
full_screened,All combined records evaluated by the deterministic screen,12. TORCH Tor Search,58,bank_drop_sale,Bank drop sale or bank-drop infrastructure,fullz_identity_package,Fullz or identity package,0,2,0,56,0.0,0.0
full_screened,All combined records evaluated by the deterministic screen,12. TORCH Tor Search,58,bank_drop_sale,Bank drop sale or bank-drop infrastructure,jurisdiction_localisation,Jurisdiction-specific bank or account reference,0,2,0,56,0.0,0.0
full_screened,All combined records evaluated by the deterministic screen,12. TORCH Tor Search,58,bank_drop_sale,Bank drop sale or bank-drop infrastructure,mule_recruitment,Mule recruitment or account-holder solicitation,0,2,0,56,0.0,0.0
full_screened,All combined records evaluated by the deterministic screen,12. TORCH Tor Search,58,bank_drop_sale,Bank drop sale or bank-drop infrastructure,telegram_off_platform,Telegram or private-channel coordination reference,0,2,0,56,0.0,0.0
full_screened,All combined records evaluated by the deterministic screen,12. TORCH Tor Search,58,bank_drop_sale,Bank drop sale or bank-drop infrastructure,tutorial_training_recruitment,"Tutorial, guide, or training content",0,2,0,56,0.0,0.0
full_screened,All combined records evaluated by the deterministic screen,12. TORCH Tor Search,58,bank_log_sale,Compromised bank log sale or discussion,cashout_laundering_service,Cash-out or laundering service,0,2,0,56,0.0,0.0
full_screened,All combined records evaluated by the deterministic screen,12. TORCH Tor Search,58,bank_log_sale,Compromised bank log sale or discussion,crypto_payment_or_conversion,Cryptocurrency payment or conversion reference,0,2,0,56,0.0,0.0
full_screened,All combined records evaluated by the deterministic screen,12. TORCH Tor Search,58,bank_log_sale,Compromised bank log sale or discussion,email_access_takeover,Email-access-enabled account takeover,0,2,0,56,0.0,0.0
full_screened,All combined records evaluated by the deterministic screen,12. TORCH Tor Search,58,bank_log_sale,Compromised bank log sale or discussion,escrow_trust_reputation,"Escrow, trust, reputation, or scam-risk discourse",0,2,0,56,0.0,0.0
full_screened,All combined records evaluated by the deterministic screen,12. TORCH Tor Search,58,bank_log_sale,Compromised bank log sale or discussion,fullz_identity_package,Fullz or identity package,0,2,0,56,0.0,0.0
full_screened,All combined records evaluated by the deterministic screen,12. TORCH Tor Search,58,bank_log_sale,Compromised bank log sale or discussion,jurisdiction_localisation,Jurisdiction-specific bank or account reference,0,2,0,56,0.0,0.0
full_screened,All combined records evaluated by the deterministic screen,12. TORCH Tor Search,58,bank_log_sale,Compromised bank log sale or discussion,mule_recruitment,Mule recruitment or account-holder solicitation,0,2,0,56,0.0,0.0
full_screened,All combined records evaluated by the deterministic screen,12. TORCH Tor Search,58,bank_log_sale,Compromised bank log sale or discussion,telegram_off_platform,Telegram or private-channel coordination reference,0,2,0,56,0.0,0.0
full_screened,All combined records evaluated by the deterministic screen,12. TORCH Tor Search,58,bank_log_sale,Compromised bank log sale or discussion,tutorial_training_recruitment,"Tutorial, guide, or training content",0,2,0,56,0.0,0.0
full_screened,All combined records evaluated by the deterministic screen,12. TORCH Tor Search,58,cashout_laundering_service,Cash-out or laundering service,crypto_payment_or_conversion,Cryptocurrency payment or conversion reference,0,0,0,58,0.0,0.0
full_screened,All combined records evaluated by the deterministic screen,12. TORCH Tor Search,58,cashout_laundering_service,Cash-out or laundering service,email_access_takeover,Email-access-enabled account takeover,0,0,0,58,0.0,0.0
full_screened,All combined records evaluated by the deterministic screen,12. TORCH Tor Search,58,cashout_laundering_service,Cash-out or laundering service,escrow_trust_reputation,"Escrow, trust, reputation, or scam-risk discourse",0,0,0,58,0.0,0.0
full_screened,All combined records evaluated by the deterministic screen,12. TORCH Tor Search,58,cashout_laundering_service,Cash-out or laundering service,fullz_identity_package,Fullz or identity package,0,0,0,58,0.0,0.0
full_screened,All combined records evaluated by the deterministic screen,12. TORCH Tor Search,58,cashout_laundering_service,Cash-out or laundering service,jurisdiction_localisation,Jurisdiction-specific bank or account reference,0,0,0,58,0.0,0.0
full_screened,All combined records evaluated by the deterministic screen,12. TORCH Tor Search,58,cashout_laundering_service,Cash-out or laundering service,mule_recruitment,Mule recruitment or account-holder solicitation,0,0,0,58,0.0,0.0
full_screened,All combined records evaluated by the deterministic screen,12. TORCH Tor Search,58,cashout_laundering_service,Cash-out or laundering service,telegram_off_platform,Telegram or private-channel coordination reference,0,0,0,58,0.0,0.0
full_screened,All combined records evaluated by the deterministic screen,12. TORCH Tor Search,58,cashout_laundering_service,Cash-out or laundering service,tutorial_training_recruitment,"Tutorial, guide, or training content",0,0,0,58,0.0,0.0
full_screened,All combined records evaluated by the deterministic screen,12. TORCH Tor Search,58,crypto_payment_or_conversion,Cryptocurrency payment or conversion reference,email_access_takeover,Email-access-enabled account takeover,0,0,0,58,0.0,0.0
full_screened,All combined records evaluated by the deterministic screen,12. TORCH Tor Search,58,crypto_payment_or_conversion,Cryptocurrency payment or conversion reference,escrow_trust_reputation,"Escrow, trust, reputation, or scam-risk discourse",0,0,0,58,0.0,0.0
full_screened,All combined records evaluated by the deterministic screen,12. TORCH Tor Search,58,crypto_payment_or_conversion,Cryptocurrency payment or conversion reference,fullz_identity_package,Fullz or identity package,0,0,0,58,0.0,0.0
full_screened,All combined records evaluated by the deterministic screen,12. TORCH Tor Search,58,crypto_payment_or_conversion,Cryptocurrency payment or conversion reference,jurisdiction_localisation,Jurisdiction-specific bank or account reference,0,0,0,58,0.0,0.0
full_screened,All combined records evaluated by the deterministic screen,12. TORCH Tor Search,58,crypto_payment_or_conversion,Cryptocurrency payment or conversion reference,mule_recruitment,Mule recruitment or account-holder solicitation,0,0,0,58,0.0,0.0
full_screened,All combined records evaluated by the deterministic screen,12. TORCH Tor Search,58,crypto_payment_or_conversion,Cryptocurrency payment or conversion reference,telegram_off_platform,Telegram or private-channel coordination reference,0,0,0,58,0.0,0.0
full_screened,All combined records evaluated by the deterministic screen,12. TORCH Tor Search,58,crypto_payment_or_conversion,Cryptocurrency payment or conversion reference,tutorial_training_recruitment,"Tutorial, guide, or training content",0,0,0,58,0.0,0.0
full_screened,All combined records evaluated by the deterministic screen,12. TORCH Tor Search,58,email_access_takeover,Email-access-enabled account takeover,escrow_trust_reputation,"Escrow, trust, reputation, or scam-risk discourse",0,0,0,58,0.0,0.0
full_screened,All combined records evaluated by the deterministic screen,12. TORCH Tor Search,58,email_access_takeover,Email-access-enabled account takeover,fullz_identity_package,Fullz or identity package,0,0,0,58,0.0,0.0
full_screened,All combined records evaluated by the deterministic screen,12. TORCH Tor Search,58,email_access_takeover,Email-access-enabled account takeover,jurisdiction_localisation,Jurisdiction-specific bank or account reference,0,0,0,58,0.0,0.0
full_screened,All combined records evaluated by the deterministic screen,12. TORCH Tor Search,58,email_access_takeover,Email-access-enabled account takeover,mule_recruitment,Mule recruitment or account-holder solicitation,0,0,0,58,0.0,0.0
full_screened,All combined records evaluated by the deterministic screen,12. TORCH Tor Search,58,email_access_takeover,Email-access-enabled account takeover,telegram_off_platform,Telegram or private-channel coordination reference,0,0,0,58,0.0,0.0
full_screened,All combined records evaluated by the deterministic screen,12. TORCH Tor Search,58,email_access_takeover,Email-access-enabled account takeover,tutorial_training_recruitment,"Tutorial, guide, or training content",0,0,0,58,0.0,0.0
full_screened,All combined records evaluated by the deterministic screen,12. TORCH Tor Search,58,escrow_trust_reputation,"Escrow, trust, reputation, or scam-risk discourse",fullz_identity_package,Fullz or identity package,0,0,0,58,0.0,0.0
full_screened,All combined records evaluated by the deterministic screen,12. TORCH Tor Search,58,escrow_trust_reputation,"Escrow, trust, reputation, or scam-risk discourse",jurisdiction_localisation,Jurisdiction-specific bank or account reference,0,0,0,58,0.0,0.0
full_screened,All combined records evaluated by the deterministic screen,12. TORCH Tor Search,58,escrow_trust_reputation,"Escrow, trust, reputation, or scam-risk discourse",mule_recruitment,Mule recruitment or account-holder solicitation,0,0,0,58,0.0,0.0
full_screened,All combined records evaluated by the deterministic screen,12. TORCH Tor Search,58,escrow_trust_reputation,"Escrow, trust, reputation, or scam-risk discourse",telegram_off_platform,Telegram or private-channel coordination reference,0,0,0,58,0.0,0.0
full_screened,All combined records evaluated by the deterministic screen,12. TORCH Tor Search,58,escrow_trust_reputation,"Escrow, trust, reputation, or scam-risk discourse",tutorial_training_recruitment,"Tutorial, guide, or training content",0,0,0,58,0.0,0.0
full_screened,All combined records evaluated by the deterministic screen,12. TORCH Tor Search,58,fullz_identity_package,Fullz or identity package,jurisdiction_localisation,Jurisdiction-specific bank or account reference,0,0,0,58,0.0,0.0
full_screened,All combined records evaluated by the deterministic screen,12. TORCH Tor Search,58,fullz_identity_package,Fullz or identity package,mule_recruitment,Mule recruitment or account-holder solicitation,0,0,0,58,0.0,0.0
full_screened,All combined records evaluated by the deterministic screen,12. TORCH Tor Search,58,fullz_identity_package,Fullz or identity package,telegram_off_platform,Telegram or private-channel coordination reference,0,0,0,58,0.0,0.0
full_screened,All combined records evaluated by the deterministic screen,12. TORCH Tor Search,58,fullz_identity_package,Fullz or identity package,tutorial_training_recruitment,"Tutorial, guide, or training content",0,0,0,58,0.0,0.0
full_screened,All combined records evaluated by the deterministic screen,12. TORCH Tor Search,58,jurisdiction_localisation,Jurisdiction-specific bank or account reference,mule_recruitment,Mule recruitment or account-holder solicitation,0,0,0,58,0.0,0.0
full_screened,All combined records evaluated by the deterministic screen,12. TORCH Tor Search,58,jurisdiction_localisation,Jurisdiction-specific bank or account reference,telegram_off_platform,Telegram or private-channel coordination reference,0,0,0,58,0.0,0.0
full_screened,All combined records evaluated by the deterministic screen,12. TORCH Tor Search,58,jurisdiction_localisation,Jurisdiction-specific bank or account reference,tutorial_training_recruitment,"Tutorial, guide, or training content",0,0,0,58,0.0,0.0
full_screened,All combined records evaluated by the deterministic screen,12. TORCH Tor Search,58,mule_recruitment,Mule recruitment or account-holder solicitation,telegram_off_platform,Telegram or private-channel coordination reference,0,0,0,58,0.0,0.0
full_screened,All combined records evaluated by the deterministic screen,12. TORCH Tor Search,58,mule_recruitment,Mule recruitment or account-holder solicitation,tutorial_training_recruitment,"Tutorial, guide, or training content",0,0,0,58,0.0,0.0
full_screened,All combined records evaluated by the deterministic screen,12. TORCH Tor Search,58,telegram_off_platform,Telegram or private-channel coordination reference,tutorial_training_recruitment,"Tutorial, guide, or training content",0,0,0,58,0.0,0.0
full_screened,All combined records evaluated by the deterministic screen,13. Bank Logs,1,bank_drop_sale,Bank drop sale or bank-drop infrastructure,bank_log_sale,Compromised bank log sale or discussion,0,0,0,1,0.0,0.0
full_screened,All combined records evaluated by the deterministic screen,13. Bank Logs,1,bank_drop_sale,Bank drop sale or bank-drop infrastructure,cashout_laundering_service,Cash-out or laundering service,0,0,0,1,0.0,0.0
full_screened,All combined records evaluated by the deterministic screen,13. Bank Logs,1,bank_drop_sale,Bank drop sale or bank-drop infrastructure,crypto_payment_or_conversion,Cryptocurrency payment or conversion reference,0,0,0,1,0.0,0.0
full_screened,All combined records evaluated by the deterministic screen,13. Bank Logs,1,bank_drop_sale,Bank drop sale or bank-drop infrastructure,email_access_takeover,Email-access-enabled account takeover,0,0,0,1,0.0,0.0
full_screened,All combined records evaluated by the deterministic screen,13. Bank Logs,1,bank_drop_sale,Bank drop sale or bank-drop infrastructure,escrow_trust_reputation,"Escrow, trust, reputation, or scam-risk discourse",0,0,0,1,0.0,0.0
full_screened,All combined records evaluated by the deterministic screen,13. Bank Logs,1,bank_drop_sale,Bank drop sale or bank-drop infrastructure,fullz_identity_package,Fullz or identity package,0,0,0,1,0.0,0.0
full_screened,All combined records evaluated by the deterministic screen,13. Bank Logs,1,bank_drop_sale,Bank drop sale or bank-drop infrastructure,jurisdiction_localisation,Jurisdiction-specific bank or account reference,0,0,0,1,0.0,0.0
full_screened,All combined records evaluated by the deterministic screen,13. Bank Logs,1,bank_drop_sale,Bank drop sale or bank-drop infrastructure,mule_recruitment,Mule recruitment or account-holder solicitation,0,0,0,1,0.0,0.0
full_screened,All combined records evaluated by the deterministic screen,13. Bank Logs,1,bank_drop_sale,Bank drop sale or bank-drop infrastructure,telegram_off_platform,Telegram or private-channel coordination reference,0,0,0,1,0.0,0.0
full_screened,All combined records evaluated by the deterministic screen,13. Bank Logs,1,bank_drop_sale,Bank drop sale or bank-drop infrastructure,tutorial_training_recruitment,"Tutorial, guide, or training content",0,0,0,1,0.0,0.0
full_screened,All combined records evaluated by the deterministic screen,13. Bank Logs,1,bank_log_sale,Compromised bank log sale or discussion,cashout_laundering_service,Cash-out or laundering service,0,0,0,1,0.0,0.0
full_screened,All combined records evaluated by the deterministic screen,13. Bank Logs,1,bank_log_sale,Compromised bank log sale or discussion,crypto_payment_or_conversion,Cryptocurrency payment or conversion reference,0,0,0,1,0.0,0.0
full_screened,All combined records evaluated by the deterministic screen,13. Bank Logs,1,bank_log_sale,Compromised bank log sale or discussion,email_access_takeover,Email-access-enabled account takeover,0,0,0,1,0.0,0.0
full_screened,All combined records evaluated by the deterministic screen,13. Bank Logs,1,bank_log_sale,Compromised bank log sale or discussion,escrow_trust_reputation,"Escrow, trust, reputation, or scam-risk discourse",0,0,0,1,0.0,0.0
full_screened,All combined records evaluated by the deterministic screen,13. Bank Logs,1,bank_log_sale,Compromised bank log sale or discussion,fullz_identity_package,Fullz or identity package,0,0,0,1,0.0,0.0
full_screened,All combined records evaluated by the deterministic screen,13. Bank Logs,1,bank_log_sale,Compromised bank log sale or discussion,jurisdiction_localisation,Jurisdiction-specific bank or account reference,0,0,0,1,0.0,0.0
full_screened,All combined records evaluated by the deterministic screen,13. Bank Logs,1,bank_log_sale,Compromised bank log sale or discussion,mule_recruitment,Mule recruitment or account-holder solicitation,0,0,0,1,0.0,0.0
full_screened,All combined records evaluated by the deterministic screen,13. Bank Logs,1,bank_log_sale,Compromised bank log sale or discussion,telegram_off_platform,Telegram or private-channel coordination reference,0,0,0,1,0.0,0.0
full_screened,All combined records evaluated by the deterministic screen,13. Bank Logs,1,bank_log_sale,Compromised bank log sale or discussion,tutorial_training_recruitment,"Tutorial, guide, or training content",0,0,0,1,0.0,0.0
full_screened,All combined records evaluated by the deterministic screen,13. Bank Logs,1,cashout_laundering_service,Cash-out or laundering service,crypto_payment_or_conversion,Cryptocurrency payment or conversion reference,0,0,0,1,0.0,0.0
full_screened,All combined records evaluated by the deterministic screen,13. Bank Logs,1,cashout_laundering_service,Cash-out or laundering service,email_access_takeover,Email-access-enabled account takeover,0,0,0,1,0.0,0.0
full_screened,All combined records evaluated by the deterministic screen,13. Bank Logs,1,cashout_laundering_service,Cash-out or laundering service,escrow_trust_reputation,"Escrow, trust, reputation, or scam-risk discourse",0,0,0,1,0.0,0.0
full_screened,All combined records evaluated by the deterministic screen,13. Bank Logs,1,cashout_laundering_service,Cash-out or laundering service,fullz_identity_package,Fullz or identity package,0,0,0,1,0.0,0.0
full_screened,All combined records evaluated by the deterministic screen,13. Bank Logs,1,cashout_laundering_service,Cash-out or laundering service,jurisdiction_localisation,Jurisdiction-specific bank or account reference,0,0,0,1,0.0,0.0
full_screened,All combined records evaluated by the deterministic screen,13. Bank Logs,1,cashout_laundering_service,Cash-out or laundering service,mule_recruitment,Mule recruitment or account-holder solicitation,0,0,0,1,0.0,0.0
full_screened,All combined records evaluated by the deterministic screen,13. Bank Logs,1,cashout_laundering_service,Cash-out or laundering service,telegram_off_platform,Telegram or private-channel coordination reference,0,0,0,1,0.0,0.0
full_screened,All combined records evaluated by the deterministic screen,13. Bank Logs,1,cashout_laundering_service,Cash-out or laundering service,tutorial_training_recruitment,"Tutorial, guide, or training content",0,0,0,1,0.0,0.0
full_screened,All combined records evaluated by the deterministic screen,13. Bank Logs,1,crypto_payment_or_conversion,Cryptocurrency payment or conversion reference,email_access_takeover,Email-access-enabled account takeover,0,0,0,1,0.0,0.0
full_screened,All combined records evaluated by the deterministic screen,13. Bank Logs,1,crypto_payment_or_conversion,Cryptocurrency payment or conversion reference,escrow_trust_reputation,"Escrow, trust, reputation, or scam-risk discourse",0,0,0,1,0.0,0.0
full_screened,All combined records evaluated by the deterministic screen,13. Bank Logs,1,crypto_payment_or_conversion,Cryptocurrency payment or conversion reference,fullz_identity_package,Fullz or identity package,0,0,0,1,0.0,0.0
full_screened,All combined records evaluated by the deterministic screen,13. Bank Logs,1,crypto_payment_or_conversion,Cryptocurrency payment or conversion reference,jurisdiction_localisation,Jurisdiction-specific bank or account reference,0,0,0,1,0.0,0.0
full_screened,All combined records evaluated by the deterministic screen,13. Bank Logs,1,crypto_payment_or_conversion,Cryptocurrency payment or conversion reference,mule_recruitment,Mule recruitment or account-holder solicitation,0,0,0,1,0.0,0.0
full_screened,All combined records evaluated by the deterministic screen,13. Bank Logs,1,crypto_payment_or_conversion,Cryptocurrency payment or conversion reference,telegram_off_platform,Telegram or private-channel coordination reference,0,0,0,1,0.0,0.0
full_screened,All combined records evaluated by the deterministic screen,13. Bank Logs,1,crypto_payment_or_conversion,Cryptocurrency payment or conversion reference,tutorial_training_recruitment,"Tutorial, guide, or training content",0,0,0,1,0.0,0.0
full_screened,All combined records evaluated by the deterministic screen,13. Bank Logs,1,email_access_takeover,Email-access-enabled account takeover,escrow_trust_reputation,"Escrow, trust, reputation, or scam-risk discourse",0,0,0,1,0.0,0.0
full_screened,All combined records evaluated by the deterministic screen,13. Bank Logs,1,email_access_takeover,Email-access-enabled account takeover,fullz_identity_package,Fullz or identity package,0,0,0,1,0.0,0.0
full_screened,All combined records evaluated by the deterministic screen,13. Bank Logs,1,email_access_takeover,Email-access-enabled account takeover,jurisdiction_localisation,Jurisdiction-specific bank or account reference,0,0,0,1,0.0,0.0
full_screened,All combined records evaluated by the deterministic screen,13. Bank Logs,1,email_access_takeover,Email-access-enabled account takeover,mule_recruitment,Mule recruitment or account-holder solicitation,0,0,0,1,0.0,0.0
full_screened,All combined records evaluated by the deterministic screen,13. Bank Logs,1,email_access_takeover,Email-access-enabled account takeover,telegram_off_platform,Telegram or private-channel coordination reference,0,0,0,1,0.0,0.0
full_screened,All combined records evaluated by the deterministic screen,13. Bank Logs,1,email_access_takeover,Email-access-enabled account takeover,tutorial_training_recruitment,"Tutorial, guide, or training content",0,0,0,1,0.0,0.0
full_screened,All combined records evaluated by the deterministic screen,13. Bank Logs,1,escrow_trust_reputation,"Escrow, trust, reputation, or scam-risk discourse",fullz_identity_package,Fullz or identity package,0,0,0,1,0.0,0.0
full_screened,All combined records evaluated by the deterministic screen,13. Bank Logs,1,escrow_trust_reputation,"Escrow, trust, reputation, or scam-risk discourse",jurisdiction_localisation,Jurisdiction-specific bank or account reference,0,0,0,1,0.0,0.0
full_screened,All combined records evaluated by the deterministic screen,13. Bank Logs,1,escrow_trust_reputation,"Escrow, trust, reputation, or scam-risk discourse",mule_recruitment,Mule recruitment or account-holder solicitation,0,0,0,1,0.0,0.0
full_screened,All combined records evaluated by the deterministic screen,13. Bank Logs,1,escrow_trust_reputation,"Escrow, trust, reputation, or scam-risk discourse",telegram_off_platform,Telegram or private-channel coordination reference,0,0,0,1,0.0,0.0
full_screened,All combined records evaluated by the deterministic screen,13. Bank Logs,1,escrow_trust_reputation,"Escrow, trust, reputation, or scam-risk discourse",tutorial_training_recruitment,"Tutorial, guide, or training content",0,0,0,1,0.0,0.0
full_screened,All combined records evaluated by the deterministic screen,13. Bank Logs,1,fullz_identity_package,Fullz or identity package,jurisdiction_localisation,Jurisdiction-specific bank or account reference,0,0,0,1,0.0,0.0
full_screened,All combined records evaluated by the deterministic screen,13. Bank Logs,1,fullz_identity_package,Fullz or identity package,mule_recruitment,Mule recruitment or account-holder solicitation,0,0,0,1,0.0,0.0
full_screened,All combined records evaluated by the deterministic screen,13. Bank Logs,1,fullz_identity_package,Fullz or identity package,telegram_off_platform,Telegram or private-channel coordination reference,0,0,0,1,0.0,0.0
full_screened,All combined records evaluated by the deterministic screen,13. Bank Logs,1,fullz_identity_package,Fullz or identity package,tutorial_training_recruitment,"Tutorial, guide, or training content",0,0,0,1,0.0,0.0
full_screened,All combined records evaluated by the deterministic screen,13. Bank Logs,1,jurisdiction_localisation,Jurisdiction-specific bank or account reference,mule_recruitment,Mule recruitment or account-holder solicitation,0,0,0,1,0.0,0.0
full_screened,All combined records evaluated by the deterministic screen,13. Bank Logs,1,jurisdiction_localisation,Jurisdiction-specific bank or account reference,telegram_off_platform,Telegram or private-channel coordination reference,0,0,0,1,0.0,0.0
full_screened,All combined records evaluated by the deterministic screen,13. Bank Logs,1,jurisdiction_localisation,Jurisdiction-specific bank or account reference,tutorial_training_recruitment,"Tutorial, guide, or training content",0,0,0,1,0.0,0.0
full_screened,All combined records evaluated by the deterministic screen,13. Bank Logs,1,mule_recruitment,Mule recruitment or account-holder solicitation,telegram_off_platform,Telegram or private-channel coordination reference,0,0,0,1,0.0,0.0
full_screened,All combined records evaluated by the deterministic screen,13. Bank Logs,1,mule_recruitment,Mule recruitment or account-holder solicitation,tutorial_training_recruitment,"Tutorial, guide, or training content",0,0,0,1,0.0,0.0
full_screened,All combined records evaluated by the deterministic screen,13. Bank Logs,1,telegram_off_platform,Telegram or private-channel coordination reference,tutorial_training_recruitment,"Tutorial, guide, or training content",0,0,0,1,0.0,0.0
full_screened,All combined records evaluated by the deterministic screen,14. Lonely Road,4,bank_drop_sale,Bank drop sale or bank-drop infrastructure,bank_log_sale,Compromised bank log sale or discussion,0,0,1,3,0.0,0.0
full_screened,All combined records evaluated by the deterministic screen,14. Lonely Road,4,bank_drop_sale,Bank drop sale or bank-drop infrastructure,cashout_laundering_service,Cash-out or laundering service,0,0,0,4,0.0,0.0
full_screened,All combined records evaluated by the deterministic screen,14. Lonely Road,4,bank_drop_sale,Bank drop sale or bank-drop infrastructure,crypto_payment_or_conversion,Cryptocurrency payment or conversion reference,0,0,3,1,0.0,0.0
full_screened,All combined records evaluated by the deterministic screen,14. Lonely Road,4,bank_drop_sale,Bank drop sale or bank-drop infrastructure,email_access_takeover,Email-access-enabled account takeover,0,0,0,4,0.0,0.0
full_screened,All combined records evaluated by the deterministic screen,14. Lonely Road,4,bank_drop_sale,Bank drop sale or bank-drop infrastructure,escrow_trust_reputation,"Escrow, trust, reputation, or scam-risk discourse",0,0,0,4,0.0,0.0
full_screened,All combined records evaluated by the deterministic screen,14. Lonely Road,4,bank_drop_sale,Bank drop sale or bank-drop infrastructure,fullz_identity_package,Fullz or identity package,0,0,0,4,0.0,0.0
full_screened,All combined records evaluated by the deterministic screen,14. Lonely Road,4,bank_drop_sale,Bank drop sale or bank-drop infrastructure,jurisdiction_localisation,Jurisdiction-specific bank or account reference,0,0,1,3,0.0,0.0
full_screened,All combined records evaluated by the deterministic screen,14. Lonely Road,4,bank_drop_sale,Bank drop sale or bank-drop infrastructure,mule_recruitment,Mule recruitment or account-holder solicitation,0,0,0,4,0.0,0.0
full_screened,All combined records evaluated by the deterministic screen,14. Lonely Road,4,bank_drop_sale,Bank drop sale or bank-drop infrastructure,telegram_off_platform,Telegram or private-channel coordination reference,0,0,0,4,0.0,0.0
full_screened,All combined records evaluated by the deterministic screen,14. Lonely Road,4,bank_drop_sale,Bank drop sale or bank-drop infrastructure,tutorial_training_recruitment,"Tutorial, guide, or training content",0,0,0,4,0.0,0.0
full_screened,All combined records evaluated by the deterministic screen,14. Lonely Road,4,bank_log_sale,Compromised bank log sale or discussion,cashout_laundering_service,Cash-out or laundering service,0,1,0,3,0.0,0.0
full_screened,All combined records evaluated by the deterministic screen,14. Lonely Road,4,bank_log_sale,Compromised bank log sale or discussion,crypto_payment_or_conversion,Cryptocurrency payment or conversion reference,1,0,2,1,0.333333,1.333333
full_screened,All combined records evaluated by the deterministic screen,14. Lonely Road,4,bank_log_sale,Compromised bank log sale or discussion,email_access_takeover,Email-access-enabled account takeover,0,1,0,3,0.0,0.0
full_screened,All combined records evaluated by the deterministic screen,14. Lonely Road,4,bank_log_sale,Compromised bank log sale or discussion,escrow_trust_reputation,"Escrow, trust, reputation, or scam-risk discourse",0,1,0,3,0.0,0.0
full_screened,All combined records evaluated by the deterministic screen,14. Lonely Road,4,bank_log_sale,Compromised bank log sale or discussion,fullz_identity_package,Fullz or identity package,0,1,0,3,0.0,0.0
full_screened,All combined records evaluated by the deterministic screen,14. Lonely Road,4,bank_log_sale,Compromised bank log sale or discussion,jurisdiction_localisation,Jurisdiction-specific bank or account reference,0,1,1,2,0.0,0.0
full_screened,All combined records evaluated by the deterministic screen,14. Lonely Road,4,bank_log_sale,Compromised bank log sale or discussion,mule_recruitment,Mule recruitment or account-holder solicitation,0,1,0,3,0.0,0.0
full_screened,All combined records evaluated by the deterministic screen,14. Lonely Road,4,bank_log_sale,Compromised bank log sale or discussion,telegram_off_platform,Telegram or private-channel coordination reference,0,1,0,3,0.0,0.0
full_screened,All combined records evaluated by the deterministic screen,14. Lonely Road,4,bank_log_sale,Compromised bank log sale or discussion,tutorial_training_recruitment,"Tutorial, guide, or training content",0,1,0,3,0.0,0.0
full_screened,All combined records evaluated by the deterministic screen,14. Lonely Road,4,cashout_laundering_service,Cash-out or laundering service,crypto_payment_or_conversion,Cryptocurrency payment or conversion reference,0,0,3,1,0.0,0.0
full_screened,All combined records evaluated by the deterministic screen,14. Lonely Road,4,cashout_laundering_service,Cash-out or laundering service,email_access_takeover,Email-access-enabled account takeover,0,0,0,4,0.0,0.0
full_screened,All combined records evaluated by the deterministic screen,14. Lonely Road,4,cashout_laundering_service,Cash-out or laundering service,escrow_trust_reputation,"Escrow, trust, reputation, or scam-risk discourse",0,0,0,4,0.0,0.0
full_screened,All combined records evaluated by the deterministic screen,14. Lonely Road,4,cashout_laundering_service,Cash-out or laundering service,fullz_identity_package,Fullz or identity package,0,0,0,4,0.0,0.0
full_screened,All combined records evaluated by the deterministic screen,14. Lonely Road,4,cashout_laundering_service,Cash-out or laundering service,jurisdiction_localisation,Jurisdiction-specific bank or account reference,0,0,1,3,0.0,0.0
full_screened,All combined records evaluated by the deterministic screen,14. Lonely Road,4,cashout_laundering_service,Cash-out or laundering service,mule_recruitment,Mule recruitment or account-holder solicitation,0,0,0,4,0.0,0.0
full_screened,All combined records evaluated by the deterministic screen,14. Lonely Road,4,cashout_laundering_service,Cash-out or laundering service,telegram_off_platform,Telegram or private-channel coordination reference,0,0,0,4,0.0,0.0
full_screened,All combined records evaluated by the deterministic screen,14. Lonely Road,4,cashout_laundering_service,Cash-out or laundering service,tutorial_training_recruitment,"Tutorial, guide, or training content",0,0,0,4,0.0,0.0
full_screened,All combined records evaluated by the deterministic screen,14. Lonely Road,4,crypto_payment_or_conversion,Cryptocurrency payment or conversion reference,email_access_takeover,Email-access-enabled account takeover,0,3,0,1,0.0,0.0
full_screened,All combined records evaluated by the deterministic screen,14. Lonely Road,4,crypto_payment_or_conversion,Cryptocurrency payment or conversion reference,escrow_trust_reputation,"Escrow, trust, reputation, or scam-risk discourse",0,3,0,1,0.0,0.0
full_screened,All combined records evaluated by the deterministic screen,14. Lonely Road,4,crypto_payment_or_conversion,Cryptocurrency payment or conversion reference,fullz_identity_package,Fullz or identity package,0,3,0,1,0.0,0.0
full_screened,All combined records evaluated by the deterministic screen,14. Lonely Road,4,crypto_payment_or_conversion,Cryptocurrency payment or conversion reference,jurisdiction_localisation,Jurisdiction-specific bank or account reference,0,3,1,0,0.0,0.0
full_screened,All combined records evaluated by the deterministic screen,14. Lonely Road,4,crypto_payment_or_conversion,Cryptocurrency payment or conversion reference,mule_recruitment,Mule recruitment or account-holder solicitation,0,3,0,1,0.0,0.0
full_screened,All combined records evaluated by the deterministic screen,14. Lonely Road,4,crypto_payment_or_conversion,Cryptocurrency payment or conversion reference,telegram_off_platform,Telegram or private-channel coordination reference,0,3,0,1,0.0,0.0
full_screened,All combined records evaluated by the deterministic screen,14. Lonely Road,4,crypto_payment_or_conversion,Cryptocurrency payment or conversion reference,tutorial_training_recruitment,"Tutorial, guide, or training content",0,3,0,1,0.0,0.0
full_screened,All combined records evaluated by the deterministic screen,14. Lonely Road,4,email_access_takeover,Email-access-enabled account takeover,escrow_trust_reputation,"Escrow, trust, reputation, or scam-risk discourse",0,0,0,4,0.0,0.0
full_screened,All combined records evaluated by the deterministic screen,14. Lonely Road,4,email_access_takeover,Email-access-enabled account takeover,fullz_identity_package,Fullz or identity package,0,0,0,4,0.0,0.0
full_screened,All combined records evaluated by the deterministic screen,14. Lonely Road,4,email_access_takeover,Email-access-enabled account takeover,jurisdiction_localisation,Jurisdiction-specific bank or account reference,0,0,1,3,0.0,0.0
full_screened,All combined records evaluated by the deterministic screen,14. Lonely Road,4,email_access_takeover,Email-access-enabled account takeover,mule_recruitment,Mule recruitment or account-holder solicitation,0,0,0,4,0.0,0.0
full_screened,All combined records evaluated by the deterministic screen,14. Lonely Road,4,email_access_takeover,Email-access-enabled account takeover,telegram_off_platform,Telegram or private-channel coordination reference,0,0,0,4,0.0,0.0
full_screened,All combined records evaluated by the deterministic screen,14. Lonely Road,4,email_access_takeover,Email-access-enabled account takeover,tutorial_training_recruitment,"Tutorial, guide, or training content",0,0,0,4,0.0,0.0
full_screened,All combined records evaluated by the deterministic screen,14. Lonely Road,4,escrow_trust_reputation,"Escrow, trust, reputation, or scam-risk discourse",fullz_identity_package,Fullz or identity package,0,0,0,4,0.0,0.0
full_screened,All combined records evaluated by the deterministic screen,14. Lonely Road,4,escrow_trust_reputation,"Escrow, trust, reputation, or scam-risk discourse",jurisdiction_localisation,Jurisdiction-specific bank or account reference,0,0,1,3,0.0,0.0
full_screened,All combined records evaluated by the deterministic screen,14. Lonely Road,4,escrow_trust_reputation,"Escrow, trust, reputation, or scam-risk discourse",mule_recruitment,Mule recruitment or account-holder solicitation,0,0,0,4,0.0,0.0
full_screened,All combined records evaluated by the deterministic screen,14. Lonely Road,4,escrow_trust_reputation,"Escrow, trust, reputation, or scam-risk discourse",telegram_off_platform,Telegram or private-channel coordination reference,0,0,0,4,0.0,0.0
full_screened,All combined records evaluated by the deterministic screen,14. Lonely Road,4,escrow_trust_reputation,"Escrow, trust, reputation, or scam-risk discourse",tutorial_training_recruitment,"Tutorial, guide, or training content",0,0,0,4,0.0,0.0
full_screened,All combined records evaluated by the deterministic screen,14. Lonely Road,4,fullz_identity_package,Fullz or identity package,jurisdiction_localisation,Jurisdiction-specific bank or account reference,0,0,1,3,0.0,0.0
full_screened,All combined records evaluated by the deterministic screen,14. Lonely Road,4,fullz_identity_package,Fullz or identity package,mule_recruitment,Mule recruitment or account-holder solicitation,0,0,0,4,0.0,0.0
full_screened,All combined records evaluated by the deterministic screen,14. Lonely Road,4,fullz_identity_package,Fullz or identity package,telegram_off_platform,Telegram or private-channel coordination reference,0,0,0,4,0.0,0.0
full_screened,All combined records evaluated by the deterministic screen,14. Lonely Road,4,fullz_identity_package,Fullz or identity package,tutorial_training_recruitment,"Tutorial, guide, or training content",0,0,0,4,0.0,0.0
full_screened,All combined records evaluated by the deterministic screen,14. Lonely Road,4,jurisdiction_localisation,Jurisdiction-specific bank or account reference,mule_recruitment,Mule recruitment or account-holder solicitation,0,1,0,3,0.0,0.0
full_screened,All combined records evaluated by the deterministic screen,14. Lonely Road,4,jurisdiction_localisation,Jurisdiction-specific bank or account reference,telegram_off_platform,Telegram or private-channel coordination reference,0,1,0,3,0.0,0.0
full_screened,All combined records evaluated by the deterministic screen,14. Lonely Road,4,jurisdiction_localisation,Jurisdiction-specific bank or account reference,tutorial_training_recruitment,"Tutorial, guide, or training content",0,1,0,3,0.0,0.0
full_screened,All combined records evaluated by the deterministic screen,14. Lonely Road,4,mule_recruitment,Mule recruitment or account-holder solicitation,telegram_off_platform,Telegram or private-channel coordination reference,0,0,0,4,0.0,0.0
full_screened,All combined records evaluated by the deterministic screen,14. Lonely Road,4,mule_recruitment,Mule recruitment or account-holder solicitation,tutorial_training_recruitment,"Tutorial, guide, or training content",0,0,0,4,0.0,0.0
full_screened,All combined records evaluated by the deterministic screen,14. Lonely Road,4,telegram_off_platform,Telegram or private-channel coordination reference,tutorial_training_recruitment,"Tutorial, guide, or training content",0,0,0,4,0.0,0.0
full_screened,All combined records evaluated by the deterministic screen,15. Tenebris,8,bank_drop_sale,Bank drop sale or bank-drop infrastructure,bank_log_sale,Compromised bank log sale or discussion,0,1,3,4,0.0,0.0
full_screened,All combined records evaluated by the deterministic screen,15. Tenebris,8,bank_drop_sale,Bank drop sale or bank-drop infrastructure,cashout_laundering_service,Cash-out or laundering service,0,1,3,4,0.0,0.0
full_screened,All combined records evaluated by the deterministic screen,15. Tenebris,8,bank_drop_sale,Bank drop sale or bank-drop infrastructure,crypto_payment_or_conversion,Cryptocurrency payment or conversion reference,0,1,4,3,0.0,0.0
full_screened,All combined records evaluated by the deterministic screen,15. Tenebris,8,bank_drop_sale,Bank drop sale or bank-drop infrastructure,email_access_takeover,Email-access-enabled account takeover,0,1,1,6,0.0,0.0
full_screened,All combined records evaluated by the deterministic screen,15. Tenebris,8,bank_drop_sale,Bank drop sale or bank-drop infrastructure,escrow_trust_reputation,"Escrow, trust, reputation, or scam-risk discourse",0,1,3,4,0.0,0.0
full_screened,All combined records evaluated by the deterministic screen,15. Tenebris,8,bank_drop_sale,Bank drop sale or bank-drop infrastructure,fullz_identity_package,Fullz or identity package,0,1,0,7,0.0,0.0
full_screened,All combined records evaluated by the deterministic screen,15. Tenebris,8,bank_drop_sale,Bank drop sale or bank-drop infrastructure,jurisdiction_localisation,Jurisdiction-specific bank or account reference,0,1,1,6,0.0,0.0
full_screened,All combined records evaluated by the deterministic screen,15. Tenebris,8,bank_drop_sale,Bank drop sale or bank-drop infrastructure,mule_recruitment,Mule recruitment or account-holder solicitation,0,1,0,7,0.0,0.0
full_screened,All combined records evaluated by the deterministic screen,15. Tenebris,8,bank_drop_sale,Bank drop sale or bank-drop infrastructure,telegram_off_platform,Telegram or private-channel coordination reference,0,1,4,3,0.0,0.0
full_screened,All combined records evaluated by the deterministic screen,15. Tenebris,8,bank_drop_sale,Bank drop sale or bank-drop infrastructure,tutorial_training_recruitment,"Tutorial, guide, or training content",0,1,3,4,0.0,0.0
full_screened,All combined records evaluated by the deterministic screen,15. Tenebris,8,bank_log_sale,Compromised bank log sale or discussion,cashout_laundering_service,Cash-out or laundering service,3,0,0,5,1.0,2.666667
full_screened,All combined records evaluated by the deterministic screen,15. Tenebris,8,bank_log_sale,Compromised bank log sale or discussion,crypto_payment_or_conversion,Cryptocurrency payment or conversion reference,3,0,1,4,0.75,2.0
full_screened,All combined records evaluated by the deterministic screen,15. Tenebris,8,bank_log_sale,Compromised bank log sale or discussion,email_access_takeover,Email-access-enabled account takeover,1,2,0,5,0.333333,2.666667
full_screened,All combined records evaluated by the deterministic screen,15. Tenebris,8,bank_log_sale,Compromised bank log sale or discussion,escrow_trust_reputation,"Escrow, trust, reputation, or scam-risk discourse",2,1,1,4,0.5,1.777778
full_screened,All combined records evaluated by the deterministic screen,15. Tenebris,8,bank_log_sale,Compromised bank log sale or discussion,fullz_identity_package,Fullz or identity package,0,3,0,5,0.0,0.0
full_screened,All combined records evaluated by the deterministic screen,15. Tenebris,8,bank_log_sale,Compromised bank log sale or discussion,jurisdiction_localisation,Jurisdiction-specific bank or account reference,1,2,0,5,0.333333,2.666667
full_screened,All combined records evaluated by the deterministic screen,15. Tenebris,8,bank_log_sale,Compromised bank log sale or discussion,mule_recruitment,Mule recruitment or account-holder solicitation,0,3,0,5,0.0,0.0
full_screened,All combined records evaluated by the deterministic screen,15. Tenebris,8,bank_log_sale,Compromised bank log sale or discussion,telegram_off_platform,Telegram or private-channel coordination reference,3,0,1,4,0.75,2.0
full_screened,All combined records evaluated by the deterministic screen,15. Tenebris,8,bank_log_sale,Compromised bank log sale or discussion,tutorial_training_recruitment,"Tutorial, guide, or training content",3,0,0,5,1.0,2.666667
full_screened,All combined records evaluated by the deterministic screen,15. Tenebris,8,cashout_laundering_service,Cash-out or laundering service,crypto_payment_or_conversion,Cryptocurrency payment or conversion reference,3,0,1,4,0.75,2.0
full_screened,All combined records evaluated by the deterministic screen,15. Tenebris,8,cashout_laundering_service,Cash-out or laundering service,email_access_takeover,Email-access-enabled account takeover,1,2,0,5,0.333333,2.666667
full_screened,All combined records evaluated by the deterministic screen,15. Tenebris,8,cashout_laundering_service,Cash-out or laundering service,escrow_trust_reputation,"Escrow, trust, reputation, or scam-risk discourse",2,1,1,4,0.5,1.777778
full_screened,All combined records evaluated by the deterministic screen,15. Tenebris,8,cashout_laundering_service,Cash-out or laundering service,fullz_identity_package,Fullz or identity package,0,3,0,5,0.0,0.0
full_screened,All combined records evaluated by the deterministic screen,15. Tenebris,8,cashout_laundering_service,Cash-out or laundering service,jurisdiction_localisation,Jurisdiction-specific bank or account reference,1,2,0,5,0.333333,2.666667
full_screened,All combined records evaluated by the deterministic screen,15. Tenebris,8,cashout_laundering_service,Cash-out or laundering service,mule_recruitment,Mule recruitment or account-holder solicitation,0,3,0,5,0.0,0.0
full_screened,All combined records evaluated by the deterministic screen,15. Tenebris,8,cashout_laundering_service,Cash-out or laundering service,telegram_off_platform,Telegram or private-channel coordination reference,3,0,1,4,0.75,2.0
full_screened,All combined records evaluated by the deterministic screen,15. Tenebris,8,cashout_laundering_service,Cash-out or laundering service,tutorial_training_recruitment,"Tutorial, guide, or training content",3,0,0,5,1.0,2.666667
full_screened,All combined records evaluated by the deterministic screen,15. Tenebris,8,crypto_payment_or_conversion,Cryptocurrency payment or conversion reference,email_access_takeover,Email-access-enabled account takeover,1,3,0,4,0.25,2.0
full_screened,All combined records evaluated by the deterministic screen,15. Tenebris,8,crypto_payment_or_conversion,Cryptocurrency payment or conversion reference,escrow_trust_reputation,"Escrow, trust, reputation, or scam-risk discourse",3,1,0,4,0.75,2.0
full_screened,All combined records evaluated by the deterministic screen,15. Tenebris,8,crypto_payment_or_conversion,Cryptocurrency payment or conversion reference,fullz_identity_package,Fullz or identity package,0,4,0,4,0.0,0.0
full_screened,All combined records evaluated by the deterministic screen,15. Tenebris,8,crypto_payment_or_conversion,Cryptocurrency payment or conversion reference,jurisdiction_localisation,Jurisdiction-specific bank or account reference,1,3,0,4,0.25,2.0
full_screened,All combined records evaluated by the deterministic screen,15. Tenebris,8,crypto_payment_or_conversion,Cryptocurrency payment or conversion reference,mule_recruitment,Mule recruitment or account-holder solicitation,0,4,0,4,0.0,0.0
full_screened,All combined records evaluated by the deterministic screen,15. Tenebris,8,crypto_payment_or_conversion,Cryptocurrency payment or conversion reference,telegram_off_platform,Telegram or private-channel coordination reference,4,0,0,4,1.0,2.0
full_screened,All combined records evaluated by the deterministic screen,15. Tenebris,8,crypto_payment_or_conversion,Cryptocurrency payment or conversion reference,tutorial_training_recruitment,"Tutorial, guide, or training content",3,1,0,4,0.75,2.0
full_screened,All combined records evaluated by the deterministic screen,15. Tenebris,8,email_access_takeover,Email-access-enabled account takeover,escrow_trust_reputation,"Escrow, trust, reputation, or scam-risk discourse",1,0,2,5,0.333333,2.666667
full_screened,All combined records evaluated by the deterministic screen,15. Tenebris,8,email_access_takeover,Email-access-enabled account takeover,fullz_identity_package,Fullz or identity package,0,1,0,7,0.0,0.0
full_screened,All combined records evaluated by the deterministic screen,15. Tenebris,8,email_access_takeover,Email-access-enabled account takeover,jurisdiction_localisation,Jurisdiction-specific bank or account reference,0,1,1,6,0.0,0.0
full_screened,All combined records evaluated by the deterministic screen,15. Tenebris,8,email_access_takeover,Email-access-enabled account takeover,mule_recruitment,Mule recruitment or account-holder solicitation,0,1,0,7,0.0,0.0
full_screened,All combined records evaluated by the deterministic screen,15. Tenebris,8,email_access_takeover,Email-access-enabled account takeover,telegram_off_platform,Telegram or private-channel coordination reference,1,0,3,4,0.25,2.0
full_screened,All combined records evaluated by the deterministic screen,15. Tenebris,8,email_access_takeover,Email-access-enabled account takeover,tutorial_training_recruitment,"Tutorial, guide, or training content",1,0,2,5,0.333333,2.666667
full_screened,All combined records evaluated by the deterministic screen,15. Tenebris,8,escrow_trust_reputation,"Escrow, trust, reputation, or scam-risk discourse",fullz_identity_package,Fullz or identity package,0,3,0,5,0.0,0.0
full_screened,All combined records evaluated by the deterministic screen,15. Tenebris,8,escrow_trust_reputation,"Escrow, trust, reputation, or scam-risk discourse",jurisdiction_localisation,Jurisdiction-specific bank or account reference,0,3,1,4,0.0,0.0
full_screened,All combined records evaluated by the deterministic screen,15. Tenebris,8,escrow_trust_reputation,"Escrow, trust, reputation, or scam-risk discourse",mule_recruitment,Mule recruitment or account-holder solicitation,0,3,0,5,0.0,0.0
full_screened,All combined records evaluated by the deterministic screen,15. Tenebris,8,escrow_trust_reputation,"Escrow, trust, reputation, or scam-risk discourse",telegram_off_platform,Telegram or private-channel coordination reference,3,0,1,4,0.75,2.0
full_screened,All combined records evaluated by the deterministic screen,15. Tenebris,8,escrow_trust_reputation,"Escrow, trust, reputation, or scam-risk discourse",tutorial_training_recruitment,"Tutorial, guide, or training content",2,1,1,4,0.5,1.777778
full_screened,All combined records evaluated by the deterministic screen,15. Tenebris,8,fullz_identity_package,Fullz or identity package,jurisdiction_localisation,Jurisdiction-specific bank or account reference,0,0,1,7,0.0,0.0
full_screened,All combined records evaluated by the deterministic screen,15. Tenebris,8,fullz_identity_package,Fullz or identity package,mule_recruitment,Mule recruitment or account-holder solicitation,0,0,0,8,0.0,0.0
full_screened,All combined records evaluated by the deterministic screen,15. Tenebris,8,fullz_identity_package,Fullz or identity package,telegram_off_platform,Telegram or private-channel coordination reference,0,0,4,4,0.0,0.0
full_screened,All combined records evaluated by the deterministic screen,15. Tenebris,8,fullz_identity_package,Fullz or identity package,tutorial_training_recruitment,"Tutorial, guide, or training content",0,0,3,5,0.0,0.0
full_screened,All combined records evaluated by the deterministic screen,15. Tenebris,8,jurisdiction_localisation,Jurisdiction-specific bank or account reference,mule_recruitment,Mule recruitment or account-holder solicitation,0,1,0,7,0.0,0.0
full_screened,All combined records evaluated by the deterministic screen,15. Tenebris,8,jurisdiction_localisation,Jurisdiction-specific bank or account reference,telegram_off_platform,Telegram or private-channel coordination reference,1,0,3,4,0.25,2.0
full_screened,All combined records evaluated by the deterministic screen,15. Tenebris,8,jurisdiction_localisation,Jurisdiction-specific bank or account reference,tutorial_training_recruitment,"Tutorial, guide, or training content",1,0,2,5,0.333333,2.666667
full_screened,All combined records evaluated by the deterministic screen,15. Tenebris,8,mule_recruitment,Mule recruitment or account-holder solicitation,telegram_off_platform,Telegram or private-channel coordination reference,0,0,4,4,0.0,0.0
full_screened,All combined records evaluated by the deterministic screen,15. Tenebris,8,mule_recruitment,Mule recruitment or account-holder solicitation,tutorial_training_recruitment,"Tutorial, guide, or training content",0,0,3,5,0.0,0.0
full_screened,All combined records evaluated by the deterministic screen,15. Tenebris,8,telegram_off_platform,Telegram or private-channel coordination reference,tutorial_training_recruitment,"Tutorial, guide, or training content",3,1,0,4,0.75,2.0
full_screened,All combined records evaluated by the deterministic screen,17. XmrBazaar,6,bank_drop_sale,Bank drop sale or bank-drop infrastructure,bank_log_sale,Compromised bank log sale or discussion,0,1,0,5,0.0,0.0
full_screened,All combined records evaluated by the deterministic screen,17. XmrBazaar,6,bank_drop_sale,Bank drop sale or bank-drop infrastructure,cashout_laundering_service,Cash-out or laundering service,0,1,0,5,0.0,0.0
full_screened,All combined records evaluated by the deterministic screen,17. XmrBazaar,6,bank_drop_sale,Bank drop sale or bank-drop infrastructure,crypto_payment_or_conversion,Cryptocurrency payment or conversion reference,1,0,1,4,0.5,3.0
full_screened,All combined records evaluated by the deterministic screen,17. XmrBazaar,6,bank_drop_sale,Bank drop sale or bank-drop infrastructure,email_access_takeover,Email-access-enabled account takeover,0,1,0,5,0.0,0.0
full_screened,All combined records evaluated by the deterministic screen,17. XmrBazaar,6,bank_drop_sale,Bank drop sale or bank-drop infrastructure,escrow_trust_reputation,"Escrow, trust, reputation, or scam-risk discourse",0,1,1,4,0.0,0.0
full_screened,All combined records evaluated by the deterministic screen,17. XmrBazaar,6,bank_drop_sale,Bank drop sale or bank-drop infrastructure,fullz_identity_package,Fullz or identity package,0,1,0,5,0.0,0.0
full_screened,All combined records evaluated by the deterministic screen,17. XmrBazaar,6,bank_drop_sale,Bank drop sale or bank-drop infrastructure,jurisdiction_localisation,Jurisdiction-specific bank or account reference,0,1,0,5,0.0,0.0
full_screened,All combined records evaluated by the deterministic screen,17. XmrBazaar,6,bank_drop_sale,Bank drop sale or bank-drop infrastructure,mule_recruitment,Mule recruitment or account-holder solicitation,0,1,0,5,0.0,0.0
full_screened,All combined records evaluated by the deterministic screen,17. XmrBazaar,6,bank_drop_sale,Bank drop sale or bank-drop infrastructure,telegram_off_platform,Telegram or private-channel coordination reference,0,1,0,5,0.0,0.0
full_screened,All combined records evaluated by the deterministic screen,17. XmrBazaar,6,bank_drop_sale,Bank drop sale or bank-drop infrastructure,tutorial_training_recruitment,"Tutorial, guide, or training content",0,1,1,4,0.0,0.0
full_screened,All combined records evaluated by the deterministic screen,17. XmrBazaar,6,bank_log_sale,Compromised bank log sale or discussion,cashout_laundering_service,Cash-out or laundering service,0,0,0,6,0.0,0.0
full_screened,All combined records evaluated by the deterministic screen,17. XmrBazaar,6,bank_log_sale,Compromised bank log sale or discussion,crypto_payment_or_conversion,Cryptocurrency payment or conversion reference,0,0,2,4,0.0,0.0
full_screened,All combined records evaluated by the deterministic screen,17. XmrBazaar,6,bank_log_sale,Compromised bank log sale or discussion,email_access_takeover,Email-access-enabled account takeover,0,0,0,6,0.0,0.0
full_screened,All combined records evaluated by the deterministic screen,17. XmrBazaar,6,bank_log_sale,Compromised bank log sale or discussion,escrow_trust_reputation,"Escrow, trust, reputation, or scam-risk discourse",0,0,1,5,0.0,0.0
full_screened,All combined records evaluated by the deterministic screen,17. XmrBazaar,6,bank_log_sale,Compromised bank log sale or discussion,fullz_identity_package,Fullz or identity package,0,0,0,6,0.0,0.0
full_screened,All combined records evaluated by the deterministic screen,17. XmrBazaar,6,bank_log_sale,Compromised bank log sale or discussion,jurisdiction_localisation,Jurisdiction-specific bank or account reference,0,0,0,6,0.0,0.0
full_screened,All combined records evaluated by the deterministic screen,17. XmrBazaar,6,bank_log_sale,Compromised bank log sale or discussion,mule_recruitment,Mule recruitment or account-holder solicitation,0,0,0,6,0.0,0.0
full_screened,All combined records evaluated by the deterministic screen,17. XmrBazaar,6,bank_log_sale,Compromised bank log sale or discussion,telegram_off_platform,Telegram or private-channel coordination reference,0,0,0,6,0.0,0.0
full_screened,All combined records evaluated by the deterministic screen,17. XmrBazaar,6,bank_log_sale,Compromised bank log sale or discussion,tutorial_training_recruitment,"Tutorial, guide, or training content",0,0,1,5,0.0,0.0
full_screened,All combined records evaluated by the deterministic screen,17. XmrBazaar,6,cashout_laundering_service,Cash-out or laundering service,crypto_payment_or_conversion,Cryptocurrency payment or conversion reference,0,0,2,4,0.0,0.0
full_screened,All combined records evaluated by the deterministic screen,17. XmrBazaar,6,cashout_laundering_service,Cash-out or laundering service,email_access_takeover,Email-access-enabled account takeover,0,0,0,6,0.0,0.0
full_screened,All combined records evaluated by the deterministic screen,17. XmrBazaar,6,cashout_laundering_service,Cash-out or laundering service,escrow_trust_reputation,"Escrow, trust, reputation, or scam-risk discourse",0,0,1,5,0.0,0.0
full_screened,All combined records evaluated by the deterministic screen,17. XmrBazaar,6,cashout_laundering_service,Cash-out or laundering service,fullz_identity_package,Fullz or identity package,0,0,0,6,0.0,0.0
full_screened,All combined records evaluated by the deterministic screen,17. XmrBazaar,6,cashout_laundering_service,Cash-out or laundering service,jurisdiction_localisation,Jurisdiction-specific bank or account reference,0,0,0,6,0.0,0.0
full_screened,All combined records evaluated by the deterministic screen,17. XmrBazaar,6,cashout_laundering_service,Cash-out or laundering service,mule_recruitment,Mule recruitment or account-holder solicitation,0,0,0,6,0.0,0.0
full_screened,All combined records evaluated by the deterministic screen,17. XmrBazaar,6,cashout_laundering_service,Cash-out or laundering service,telegram_off_platform,Telegram or private-channel coordination reference,0,0,0,6,0.0,0.0
full_screened,All combined records evaluated by the deterministic screen,17. XmrBazaar,6,cashout_laundering_service,Cash-out or laundering service,tutorial_training_recruitment,"Tutorial, guide, or training content",0,0,1,5,0.0,0.0
full_screened,All combined records evaluated by the deterministic screen,17. XmrBazaar,6,crypto_payment_or_conversion,Cryptocurrency payment or conversion reference,email_access_takeover,Email-access-enabled account takeover,0,2,0,4,0.0,0.0
full_screened,All combined records evaluated by the deterministic screen,17. XmrBazaar,6,crypto_payment_or_conversion,Cryptocurrency payment or conversion reference,escrow_trust_reputation,"Escrow, trust, reputation, or scam-risk discourse",1,1,0,4,0.5,3.0
full_screened,All combined records evaluated by the deterministic screen,17. XmrBazaar,6,crypto_payment_or_conversion,Cryptocurrency payment or conversion reference,fullz_identity_package,Fullz or identity package,0,2,0,4,0.0,0.0
full_screened,All combined records evaluated by the deterministic screen,17. XmrBazaar,6,crypto_payment_or_conversion,Cryptocurrency payment or conversion reference,jurisdiction_localisation,Jurisdiction-specific bank or account reference,0,2,0,4,0.0,0.0
full_screened,All combined records evaluated by the deterministic screen,17. XmrBazaar,6,crypto_payment_or_conversion,Cryptocurrency payment or conversion reference,mule_recruitment,Mule recruitment or account-holder solicitation,0,2,0,4,0.0,0.0
full_screened,All combined records evaluated by the deterministic screen,17. XmrBazaar,6,crypto_payment_or_conversion,Cryptocurrency payment or conversion reference,telegram_off_platform,Telegram or private-channel coordination reference,0,2,0,4,0.0,0.0
full_screened,All combined records evaluated by the deterministic screen,17. XmrBazaar,6,crypto_payment_or_conversion,Cryptocurrency payment or conversion reference,tutorial_training_recruitment,"Tutorial, guide, or training content",1,1,0,4,0.5,3.0
full_screened,All combined records evaluated by the deterministic screen,17. XmrBazaar,6,email_access_takeover,Email-access-enabled account takeover,escrow_trust_reputation,"Escrow, trust, reputation, or scam-risk discourse",0,0,1,5,0.0,0.0
full_screened,All combined records evaluated by the deterministic screen,17. XmrBazaar,6,email_access_takeover,Email-access-enabled account takeover,fullz_identity_package,Fullz or identity package,0,0,0,6,0.0,0.0
full_screened,All combined records evaluated by the deterministic screen,17. XmrBazaar,6,email_access_takeover,Email-access-enabled account takeover,jurisdiction_localisation,Jurisdiction-specific bank or account reference,0,0,0,6,0.0,0.0
full_screened,All combined records evaluated by the deterministic screen,17. XmrBazaar,6,email_access_takeover,Email-access-enabled account takeover,mule_recruitment,Mule recruitment or account-holder solicitation,0,0,0,6,0.0,0.0
full_screened,All combined records evaluated by the deterministic screen,17. XmrBazaar,6,email_access_takeover,Email-access-enabled account takeover,telegram_off_platform,Telegram or private-channel coordination reference,0,0,0,6,0.0,0.0
full_screened,All combined records evaluated by the deterministic screen,17. XmrBazaar,6,email_access_takeover,Email-access-enabled account takeover,tutorial_training_recruitment,"Tutorial, guide, or training content",0,0,1,5,0.0,0.0
full_screened,All combined records evaluated by the deterministic screen,17. XmrBazaar,6,escrow_trust_reputation,"Escrow, trust, reputation, or scam-risk discourse",fullz_identity_package,Fullz or identity package,0,1,0,5,0.0,0.0
full_screened,All combined records evaluated by the deterministic screen,17. XmrBazaar,6,escrow_trust_reputation,"Escrow, trust, reputation, or scam-risk discourse",jurisdiction_localisation,Jurisdiction-specific bank or account reference,0,1,0,5,0.0,0.0
full_screened,All combined records evaluated by the deterministic screen,17. XmrBazaar,6,escrow_trust_reputation,"Escrow, trust, reputation, or scam-risk discourse",mule_recruitment,Mule recruitment or account-holder solicitation,0,1,0,5,0.0,0.0
full_screened,All combined records evaluated by the deterministic screen,17. XmrBazaar,6,escrow_trust_reputation,"Escrow, trust, reputation, or scam-risk discourse",telegram_off_platform,Telegram or private-channel coordination reference,0,1,0,5,0.0,0.0
full_screened,All combined records evaluated by the deterministic screen,17. XmrBazaar,6,escrow_trust_reputation,"Escrow, trust, reputation, or scam-risk discourse",tutorial_training_recruitment,"Tutorial, guide, or training content",1,0,0,5,1.0,6.0
full_screened,All combined records evaluated by the deterministic screen,17. XmrBazaar,6,fullz_identity_package,Fullz or identity package,jurisdiction_localisation,Jurisdiction-specific bank or account reference,0,0,0,6,0.0,0.0
full_screened,All combined records evaluated by the deterministic screen,17. XmrBazaar,6,fullz_identity_package,Fullz or identity package,mule_recruitment,Mule recruitment or account-holder solicitation,0,0,0,6,0.0,0.0
full_screened,All combined records evaluated by the deterministic screen,17. XmrBazaar,6,fullz_identity_package,Fullz or identity package,telegram_off_platform,Telegram or private-channel coordination reference,0,0,0,6,0.0,0.0
full_screened,All combined records evaluated by the deterministic screen,17. XmrBazaar,6,fullz_identity_package,Fullz or identity package,tutorial_training_recruitment,"Tutorial, guide, or training content",0,0,1,5,0.0,0.0
full_screened,All combined records evaluated by the deterministic screen,17. XmrBazaar,6,jurisdiction_localisation,Jurisdiction-specific bank or account reference,mule_recruitment,Mule recruitment or account-holder solicitation,0,0,0,6,0.0,0.0
full_screened,All combined records evaluated by the deterministic screen,17. XmrBazaar,6,jurisdiction_localisation,Jurisdiction-specific bank or account reference,telegram_off_platform,Telegram or private-channel coordination reference,0,0,0,6,0.0,0.0
full_screened,All combined records evaluated by the deterministic screen,17. XmrBazaar,6,jurisdiction_localisation,Jurisdiction-specific bank or account reference,tutorial_training_recruitment,"Tutorial, guide, or training content",0,0,1,5,0.0,0.0
full_screened,All combined records evaluated by the deterministic screen,17. XmrBazaar,6,mule_recruitment,Mule recruitment or account-holder solicitation,telegram_off_platform,Telegram or private-channel coordination reference,0,0,0,6,0.0,0.0
full_screened,All combined records evaluated by the deterministic screen,17. XmrBazaar,6,mule_recruitment,Mule recruitment or account-holder solicitation,tutorial_training_recruitment,"Tutorial, guide, or training content",0,0,1,5,0.0,0.0
full_screened,All combined records evaluated by the deterministic screen,17. XmrBazaar,6,telegram_off_platform,Telegram or private-channel coordination reference,tutorial_training_recruitment,"Tutorial, guide, or training content",0,0,1,5,0.0,0.0
full_screened,All combined records evaluated by the deterministic screen,2. Altenen,72,bank_drop_sale,Bank drop sale or bank-drop infrastructure,bank_log_sale,Compromised bank log sale or discussion,2,0,13,57,0.133333,4.8
full_screened,All combined records evaluated by the deterministic screen,2. Altenen,72,bank_drop_sale,Bank drop sale or bank-drop infrastructure,cashout_laundering_service,Cash-out or laundering service,1,1,8,62,0.1,4.0
full_screened,All combined records evaluated by the deterministic screen,2. Altenen,72,bank_drop_sale,Bank drop sale or bank-drop infrastructure,crypto_payment_or_conversion,Cryptocurrency payment or conversion reference,2,0,11,59,0.153846,5.538462
full_screened,All combined records evaluated by the deterministic screen,2. Altenen,72,bank_drop_sale,Bank drop sale or bank-drop infrastructure,email_access_takeover,Email-access-enabled account takeover,0,2,4,66,0.0,0.0
full_screened,All combined records evaluated by the deterministic screen,2. Altenen,72,bank_drop_sale,Bank drop sale or bank-drop infrastructure,escrow_trust_reputation,"Escrow, trust, reputation, or scam-risk discourse",0,2,2,68,0.0,0.0
full_screened,All combined records evaluated by the deterministic screen,2. Altenen,72,bank_drop_sale,Bank drop sale or bank-drop infrastructure,fullz_identity_package,Fullz or identity package,2,0,17,53,0.105263,3.789474
full_screened,All combined records evaluated by the deterministic screen,2. Altenen,72,bank_drop_sale,Bank drop sale or bank-drop infrastructure,jurisdiction_localisation,Jurisdiction-specific bank or account reference,0,2,0,70,0.0,0.0
full_screened,All combined records evaluated by the deterministic screen,2. Altenen,72,bank_drop_sale,Bank drop sale or bank-drop infrastructure,mule_recruitment,Mule recruitment or account-holder solicitation,2,0,1,69,0.666667,24.0
full_screened,All combined records evaluated by the deterministic screen,2. Altenen,72,bank_drop_sale,Bank drop sale or bank-drop infrastructure,telegram_off_platform,Telegram or private-channel coordination reference,2,0,16,54,0.111111,4.0
full_screened,All combined records evaluated by the deterministic screen,2. Altenen,72,bank_drop_sale,Bank drop sale or bank-drop infrastructure,tutorial_training_recruitment,"Tutorial, guide, or training content",0,2,19,51,0.0,0.0
full_screened,All combined records evaluated by the deterministic screen,2. Altenen,72,bank_log_sale,Compromised bank log sale or discussion,cashout_laundering_service,Cash-out or laundering service,8,7,1,56,0.5,4.266667
full_screened,All combined records evaluated by the deterministic screen,2. Altenen,72,bank_log_sale,Compromised bank log sale or discussion,crypto_payment_or_conversion,Cryptocurrency payment or conversion reference,9,6,4,53,0.473684,3.323077
full_screened,All combined records evaluated by the deterministic screen,2. Altenen,72,bank_log_sale,Compromised bank log sale or discussion,email_access_takeover,Email-access-enabled account takeover,4,11,0,57,0.266667,4.8
full_screened,All combined records evaluated by the deterministic screen,2. Altenen,72,bank_log_sale,Compromised bank log sale or discussion,escrow_trust_reputation,"Escrow, trust, reputation, or scam-risk discourse",1,14,1,56,0.0625,2.4
full_screened,All combined records evaluated by the deterministic screen,2. Altenen,72,bank_log_sale,Compromised bank log sale or discussion,fullz_identity_package,Fullz or identity package,10,5,9,48,0.416667,2.526316
full_screened,All combined records evaluated by the deterministic screen,2. Altenen,72,bank_log_sale,Compromised bank log sale or discussion,jurisdiction_localisation,Jurisdiction-specific bank or account reference,0,15,0,57,0.0,0.0
full_screened,All combined records evaluated by the deterministic screen,2. Altenen,72,bank_log_sale,Compromised bank log sale or discussion,mule_recruitment,Mule recruitment or account-holder solicitation,3,12,0,57,0.2,4.8
full_screened,All combined records evaluated by the deterministic screen,2. Altenen,72,bank_log_sale,Compromised bank log sale or discussion,telegram_off_platform,Telegram or private-channel coordination reference,9,6,9,48,0.375,2.4
full_screened,All combined records evaluated by the deterministic screen,2. Altenen,72,bank_log_sale,Compromised bank log sale or discussion,tutorial_training_recruitment,"Tutorial, guide, or training content",11,4,8,49,0.478261,2.778947
full_screened,All combined records evaluated by the deterministic screen,2. Altenen,72,cashout_laundering_service,Cash-out or laundering service,crypto_payment_or_conversion,Cryptocurrency payment or conversion reference,6,3,7,56,0.375,3.692308
full_screened,All combined records evaluated by the deterministic screen,2. Altenen,72,cashout_laundering_service,Cash-out or laundering service,email_access_takeover,Email-access-enabled account takeover,2,7,2,61,0.181818,4.0
full_screened,All combined records evaluated by the deterministic screen,2. Altenen,72,cashout_laundering_service,Cash-out or laundering service,escrow_trust_reputation,"Escrow, trust, reputation, or scam-risk discourse",1,8,1,62,0.1,4.0
full_screened,All combined records evaluated by the deterministic screen,2. Altenen,72,cashout_laundering_service,Cash-out or laundering service,fullz_identity_package,Fullz or identity package,4,5,15,48,0.166667,1.684211
full_screened,All combined records evaluated by the deterministic screen,2. Altenen,72,cashout_laundering_service,Cash-out or laundering service,jurisdiction_localisation,Jurisdiction-specific bank or account reference,0,9,0,63,0.0,0.0
full_screened,All combined records evaluated by the deterministic screen,2. Altenen,72,cashout_laundering_service,Cash-out or laundering service,mule_recruitment,Mule recruitment or account-holder solicitation,2,7,1,62,0.2,5.333333
full_screened,All combined records evaluated by the deterministic screen,2. Altenen,72,cashout_laundering_service,Cash-out or laundering service,telegram_off_platform,Telegram or private-channel coordination reference,5,4,13,50,0.227273,2.222222
full_screened,All combined records evaluated by the deterministic screen,2. Altenen,72,cashout_laundering_service,Cash-out or laundering service,tutorial_training_recruitment,"Tutorial, guide, or training content",7,2,12,51,0.333333,2.947368
full_screened,All combined records evaluated by the deterministic screen,2. Altenen,72,crypto_payment_or_conversion,Cryptocurrency payment or conversion reference,email_access_takeover,Email-access-enabled account takeover,1,12,3,56,0.0625,1.384615
full_screened,All combined records evaluated by the deterministic screen,2. Altenen,72,crypto_payment_or_conversion,Cryptocurrency payment or conversion reference,escrow_trust_reputation,"Escrow, trust, reputation, or scam-risk discourse",1,12,1,58,0.071429,2.769231
full_screened,All combined records evaluated by the deterministic screen,2. Altenen,72,crypto_payment_or_conversion,Cryptocurrency payment or conversion reference,fullz_identity_package,Fullz or identity package,10,3,9,50,0.454545,2.91498
full_screened,All combined records evaluated by the deterministic screen,2. Altenen,72,crypto_payment_or_conversion,Cryptocurrency payment or conversion reference,jurisdiction_localisation,Jurisdiction-specific bank or account reference,0,13,0,59,0.0,0.0
full_screened,All combined records evaluated by the deterministic screen,2. Altenen,72,crypto_payment_or_conversion,Cryptocurrency payment or conversion reference,mule_recruitment,Mule recruitment or account-holder solicitation,3,10,0,59,0.230769,5.538462
full_screened,All combined records evaluated by the deterministic screen,2. Altenen,72,crypto_payment_or_conversion,Cryptocurrency payment or conversion reference,telegram_off_platform,Telegram or private-channel coordination reference,10,3,8,51,0.47619,3.076923
full_screened,All combined records evaluated by the deterministic screen,2. Altenen,72,crypto_payment_or_conversion,Cryptocurrency payment or conversion reference,tutorial_training_recruitment,"Tutorial, guide, or training content",8,5,11,48,0.333333,2.331984
full_screened,All combined records evaluated by the deterministic screen,2. Altenen,72,email_access_takeover,Email-access-enabled account takeover,escrow_trust_reputation,"Escrow, trust, reputation, or scam-risk discourse",0,4,2,66,0.0,0.0
full_screened,All combined records evaluated by the deterministic screen,2. Altenen,72,email_access_takeover,Email-access-enabled account takeover,fullz_identity_package,Fullz or identity package,2,2,17,51,0.095238,1.894737
full_screened,All combined records evaluated by the deterministic screen,2. Altenen,72,email_access_takeover,Email-access-enabled account takeover,jurisdiction_localisation,Jurisdiction-specific bank or account reference,0,4,0,68,0.0,0.0
full_screened,All combined records evaluated by the deterministic screen,2. Altenen,72,email_access_takeover,Email-access-enabled account takeover,mule_recruitment,Mule recruitment or account-holder solicitation,0,4,3,65,0.0,0.0
full_screened,All combined records evaluated by the deterministic screen,2. Altenen,72,email_access_takeover,Email-access-enabled account takeover,telegram_off_platform,Telegram or private-channel coordination reference,2,2,16,52,0.1,2.0
full_screened,All combined records evaluated by the deterministic screen,2. Altenen,72,email_access_takeover,Email-access-enabled account takeover,tutorial_training_recruitment,"Tutorial, guide, or training content",3,1,16,52,0.15,2.842105
full_screened,All combined records evaluated by the deterministic screen,2. Altenen,72,escrow_trust_reputation,"Escrow, trust, reputation, or scam-risk discourse",fullz_identity_package,Fullz or identity package,0,2,19,51,0.0,0.0
full_screened,All combined records evaluated by the deterministic screen,2. Altenen,72,escrow_trust_reputation,"Escrow, trust, reputation, or scam-risk discourse",jurisdiction_localisation,Jurisdiction-specific bank or account reference,0,2,0,70,0.0,0.0
full_screened,All combined records evaluated by the deterministic screen,2. Altenen,72,escrow_trust_reputation,"Escrow, trust, reputation, or scam-risk discourse",mule_recruitment,Mule recruitment or account-holder solicitation,1,1,2,68,0.25,12.0
full_screened,All combined records evaluated by the deterministic screen,2. Altenen,72,escrow_trust_reputation,"Escrow, trust, reputation, or scam-risk discourse",telegram_off_platform,Telegram or private-channel coordination reference,1,1,17,53,0.052632,2.0
full_screened,All combined records evaluated by the deterministic screen,2. Altenen,72,escrow_trust_reputation,"Escrow, trust, reputation, or scam-risk discourse",tutorial_training_recruitment,"Tutorial, guide, or training content",1,1,18,52,0.05,1.894737
full_screened,All combined records evaluated by the deterministic screen,2. Altenen,72,fullz_identity_package,Fullz or identity package,jurisdiction_localisation,Jurisdiction-specific bank or account reference,0,19,0,53,0.0,0.0
full_screened,All combined records evaluated by the deterministic screen,2. Altenen,72,fullz_identity_package,Fullz or identity package,mule_recruitment,Mule recruitment or account-holder solicitation,2,17,1,52,0.1,2.526316
full_screened,All combined records evaluated by the deterministic screen,2. Altenen,72,fullz_identity_package,Fullz or identity package,telegram_off_platform,Telegram or private-channel coordination reference,15,4,3,50,0.681818,3.157895
full_screened,All combined records evaluated by the deterministic screen,2. Altenen,72,fullz_identity_package,Fullz or identity package,tutorial_training_recruitment,"Tutorial, guide, or training content",10,9,9,44,0.357143,1.99446
full_screened,All combined records evaluated by the deterministic screen,2. Altenen,72,jurisdiction_localisation,Jurisdiction-specific bank or account reference,mule_recruitment,Mule recruitment or account-holder solicitation,0,0,3,69,0.0,0.0
full_screened,All combined records evaluated by the deterministic screen,2. Altenen,72,jurisdiction_localisation,Jurisdiction-specific bank or account reference,telegram_off_platform,Telegram or private-channel coordination reference,0,0,18,54,0.0,0.0
full_screened,All combined records evaluated by the deterministic screen,2. Altenen,72,jurisdiction_localisation,Jurisdiction-specific bank or account reference,tutorial_training_recruitment,"Tutorial, guide, or training content",0,0,19,53,0.0,0.0
full_screened,All combined records evaluated by the deterministic screen,2. Altenen,72,mule_recruitment,Mule recruitment or account-holder solicitation,telegram_off_platform,Telegram or private-channel coordination reference,3,0,15,54,0.166667,4.0
full_screened,All combined records evaluated by the deterministic screen,2. Altenen,72,mule_recruitment,Mule recruitment or account-holder solicitation,tutorial_training_recruitment,"Tutorial, guide, or training content",1,2,18,51,0.047619,1.263158
full_screened,All combined records evaluated by the deterministic screen,2. Altenen,72,telegram_off_platform,Telegram or private-channel coordination reference,tutorial_training_recruitment,"Tutorial, guide, or training content",7,11,12,42,0.233333,1.473684
full_screened,All combined records evaluated by the deterministic screen,3. Pitch,90,bank_drop_sale,Bank drop sale or bank-drop infrastructure,bank_log_sale,Compromised bank log sale or discussion,6,6,9,69,0.285714,3.0
full_screened,All combined records evaluated by the deterministic screen,3. Pitch,90,bank_drop_sale,Bank drop sale or bank-drop infrastructure,cashout_laundering_service,Cash-out or laundering service,5,7,7,71,0.263158,3.125
full_screened,All combined records evaluated by the deterministic screen,3. Pitch,90,bank_drop_sale,Bank drop sale or bank-drop infrastructure,crypto_payment_or_conversion,Cryptocurrency payment or conversion reference,5,7,11,67,0.217391,2.34375
full_screened,All combined records evaluated by the deterministic screen,3. Pitch,90,bank_drop_sale,Bank drop sale or bank-drop infrastructure,email_access_takeover,Email-access-enabled account takeover,4,8,5,73,0.235294,3.333333
full_screened,All combined records evaluated by the deterministic screen,3. Pitch,90,bank_drop_sale,Bank drop sale or bank-drop infrastructure,escrow_trust_reputation,"Escrow, trust, reputation, or scam-risk discourse",4,8,14,64,0.153846,1.666667
full_screened,All combined records evaluated by the deterministic screen,3. Pitch,90,bank_drop_sale,Bank drop sale or bank-drop infrastructure,fullz_identity_package,Fullz or identity package,3,9,9,69,0.142857,1.875
full_screened,All combined records evaluated by the deterministic screen,3. Pitch,90,bank_drop_sale,Bank drop sale or bank-drop infrastructure,jurisdiction_localisation,Jurisdiction-specific bank or account reference,5,7,8,70,0.25,2.884615
full_screened,All combined records evaluated by the deterministic screen,3. Pitch,90,bank_drop_sale,Bank drop sale or bank-drop infrastructure,mule_recruitment,Mule recruitment or account-holder solicitation,1,11,2,76,0.071429,2.5
full_screened,All combined records evaluated by the deterministic screen,3. Pitch,90,bank_drop_sale,Bank drop sale or bank-drop infrastructure,telegram_off_platform,Telegram or private-channel coordination reference,4,8,16,62,0.142857,1.5
full_screened,All combined records evaluated by the deterministic screen,3. Pitch,90,bank_drop_sale,Bank drop sale or bank-drop infrastructure,tutorial_training_recruitment,"Tutorial, guide, or training content",7,5,13,65,0.28,2.625
full_screened,All combined records evaluated by the deterministic screen,3. Pitch,90,bank_log_sale,Compromised bank log sale or discussion,cashout_laundering_service,Cash-out or laundering service,7,8,5,70,0.35,3.5
full_screened,All combined records evaluated by the deterministic screen,3. Pitch,90,bank_log_sale,Compromised bank log sale or discussion,crypto_payment_or_conversion,Cryptocurrency payment or conversion reference,6,9,10,65,0.24,2.25
full_screened,All combined records evaluated by the deterministic screen,3. Pitch,90,bank_log_sale,Compromised bank log sale or discussion,email_access_takeover,Email-access-enabled account takeover,8,7,1,74,0.5,5.333333
full_screened,All combined records evaluated by the deterministic screen,3. Pitch,90,bank_log_sale,Compromised bank log sale or discussion,escrow_trust_reputation,"Escrow, trust, reputation, or scam-risk discourse",7,8,11,64,0.269231,2.333333
full_screened,All combined records evaluated by the deterministic screen,3. Pitch,90,bank_log_sale,Compromised bank log sale or discussion,fullz_identity_package,Fullz or identity package,1,14,11,64,0.038462,0.5
full_screened,All combined records evaluated by the deterministic screen,3. Pitch,90,bank_log_sale,Compromised bank log sale or discussion,jurisdiction_localisation,Jurisdiction-specific bank or account reference,3,12,10,65,0.12,1.384615
full_screened,All combined records evaluated by the deterministic screen,3. Pitch,90,bank_log_sale,Compromised bank log sale or discussion,mule_recruitment,Mule recruitment or account-holder solicitation,1,14,2,73,0.058824,2.0
full_screened,All combined records evaluated by the deterministic screen,3. Pitch,90,bank_log_sale,Compromised bank log sale or discussion,telegram_off_platform,Telegram or private-channel coordination reference,5,10,15,60,0.166667,1.5
full_screened,All combined records evaluated by the deterministic screen,3. Pitch,90,bank_log_sale,Compromised bank log sale or discussion,tutorial_training_recruitment,"Tutorial, guide, or training content",12,3,8,67,0.521739,3.6
full_screened,All combined records evaluated by the deterministic screen,3. Pitch,90,cashout_laundering_service,Cash-out or laundering service,crypto_payment_or_conversion,Cryptocurrency payment or conversion reference,6,6,10,68,0.272727,2.8125
full_screened,All combined records evaluated by the deterministic screen,3. Pitch,90,cashout_laundering_service,Cash-out or laundering service,email_access_takeover,Email-access-enabled account takeover,4,8,5,73,0.235294,3.333333
full_screened,All combined records evaluated by the deterministic screen,3. Pitch,90,cashout_laundering_service,Cash-out or laundering service,escrow_trust_reputation,"Escrow, trust, reputation, or scam-risk discourse",6,6,12,66,0.25,2.5
full_screened,All combined records evaluated by the deterministic screen,3. Pitch,90,cashout_laundering_service,Cash-out or laundering service,fullz_identity_package,Fullz or identity package,2,10,10,68,0.090909,1.25
full_screened,All combined records evaluated by the deterministic screen,3. Pitch,90,cashout_laundering_service,Cash-out or laundering service,jurisdiction_localisation,Jurisdiction-specific bank or account reference,5,7,8,70,0.25,2.884615
full_screened,All combined records evaluated by the deterministic screen,3. Pitch,90,cashout_laundering_service,Cash-out or laundering service,mule_recruitment,Mule recruitment or account-holder solicitation,2,10,1,77,0.153846,5.0
full_screened,All combined records evaluated by the deterministic screen,3. Pitch,90,cashout_laundering_service,Cash-out or laundering service,telegram_off_platform,Telegram or private-channel coordination reference,6,6,14,64,0.230769,2.25
full_screened,All combined records evaluated by the deterministic screen,3. Pitch,90,cashout_laundering_service,Cash-out or laundering service,tutorial_training_recruitment,"Tutorial, guide, or training content",8,4,12,66,0.333333,3.0
full_screened,All combined records evaluated by the deterministic screen,3. Pitch,90,crypto_payment_or_conversion,Cryptocurrency payment or conversion reference,email_access_takeover,Email-access-enabled account takeover,2,14,7,67,0.086957,1.25
full_screened,All combined records evaluated by the deterministic screen,3. Pitch,90,crypto_payment_or_conversion,Cryptocurrency payment or conversion reference,escrow_trust_reputation,"Escrow, trust, reputation, or scam-risk discourse",11,5,7,67,0.478261,3.4375
full_screened,All combined records evaluated by the deterministic screen,3. Pitch,90,crypto_payment_or_conversion,Cryptocurrency payment or conversion reference,fullz_identity_package,Fullz or identity package,4,12,8,66,0.166667,1.875
full_screened,All combined records evaluated by the deterministic screen,3. Pitch,90,crypto_payment_or_conversion,Cryptocurrency payment or conversion reference,jurisdiction_localisation,Jurisdiction-specific bank or account reference,5,11,8,66,0.208333,2.163462
full_screened,All combined records evaluated by the deterministic screen,3. Pitch,90,crypto_payment_or_conversion,Cryptocurrency payment or conversion reference,mule_recruitment,Mule recruitment or account-holder solicitation,2,14,1,73,0.117647,3.75
full_screened,All combined records evaluated by the deterministic screen,3. Pitch,90,crypto_payment_or_conversion,Cryptocurrency payment or conversion reference,telegram_off_platform,Telegram or private-channel coordination reference,6,10,14,60,0.2,1.6875
full_screened,All combined records evaluated by the deterministic screen,3. Pitch,90,crypto_payment_or_conversion,Cryptocurrency payment or conversion reference,tutorial_training_recruitment,"Tutorial, guide, or training content",12,4,8,66,0.5,3.375
full_screened,All combined records evaluated by the deterministic screen,3. Pitch,90,email_access_takeover,Email-access-enabled account takeover,escrow_trust_reputation,"Escrow, trust, reputation, or scam-risk discourse",4,5,14,67,0.173913,2.222222
full_screened,All combined records evaluated by the deterministic screen,3. Pitch,90,email_access_takeover,Email-access-enabled account takeover,fullz_identity_package,Fullz or identity package,2,7,10,71,0.105263,1.666667
full_screened,All combined records evaluated by the deterministic screen,3. Pitch,90,email_access_takeover,Email-access-enabled account takeover,jurisdiction_localisation,Jurisdiction-specific bank or account reference,3,6,10,71,0.157895,2.307692
full_screened,All combined records evaluated by the deterministic screen,3. Pitch,90,email_access_takeover,Email-access-enabled account takeover,mule_recruitment,Mule recruitment or account-holder solicitation,0,9,3,78,0.0,0.0
full_screened,All combined records evaluated by the deterministic screen,3. Pitch,90,email_access_takeover,Email-access-enabled account takeover,telegram_off_platform,Telegram or private-channel coordination reference,4,5,16,65,0.16,2.0
full_screened,All combined records evaluated by the deterministic screen,3. Pitch,90,email_access_takeover,Email-access-enabled account takeover,tutorial_training_recruitment,"Tutorial, guide, or training content",6,3,14,67,0.26087,3.0
full_screened,All combined records evaluated by the deterministic screen,3. Pitch,90,escrow_trust_reputation,"Escrow, trust, reputation, or scam-risk discourse",fullz_identity_package,Fullz or identity package,3,15,9,63,0.111111,1.25
full_screened,All combined records evaluated by the deterministic screen,3. Pitch,90,escrow_trust_reputation,"Escrow, trust, reputation, or scam-risk discourse",jurisdiction_localisation,Jurisdiction-specific bank or account reference,5,13,8,64,0.192308,1.923077
full_screened,All combined records evaluated by the deterministic screen,3. Pitch,90,escrow_trust_reputation,"Escrow, trust, reputation, or scam-risk discourse",mule_recruitment,Mule recruitment or account-holder solicitation,2,16,1,71,0.105263,3.333333
full_screened,All combined records evaluated by the deterministic screen,3. Pitch,90,escrow_trust_reputation,"Escrow, trust, reputation, or scam-risk discourse",telegram_off_platform,Telegram or private-channel coordination reference,9,9,11,61,0.310345,2.25
full_screened,All combined records evaluated by the deterministic screen,3. Pitch,90,escrow_trust_reputation,"Escrow, trust, reputation, or scam-risk discourse",tutorial_training_recruitment,"Tutorial, guide, or training content",9,9,11,61,0.310345,2.25
full_screened,All combined records evaluated by the deterministic screen,3. Pitch,90,fullz_identity_package,Fullz or identity package,jurisdiction_localisation,Jurisdiction-specific bank or account reference,3,9,10,68,0.136364,1.730769
full_screened,All combined records evaluated by the deterministic screen,3. Pitch,90,fullz_identity_package,Fullz or identity package,mule_recruitment,Mule recruitment or account-holder solicitation,1,11,2,76,0.071429,2.5
full_screened,All combined records evaluated by the deterministic screen,3. Pitch,90,fullz_identity_package,Fullz or identity package,telegram_off_platform,Telegram or private-channel coordination reference,5,7,15,63,0.185185,1.875
full_screened,All combined records evaluated by the deterministic screen,3. Pitch,90,fullz_identity_package,Fullz or identity package,tutorial_training_recruitment,"Tutorial, guide, or training content",3,9,17,61,0.103448,1.125
full_screened,All combined records evaluated by the deterministic screen,3. Pitch,90,jurisdiction_localisation,Jurisdiction-specific bank or account reference,mule_recruitment,Mule recruitment or account-holder solicitation,2,11,1,76,0.142857,4.615385
full_screened,All combined records evaluated by the deterministic screen,3. Pitch,90,jurisdiction_localisation,Jurisdiction-specific bank or account reference,telegram_off_platform,Telegram or private-channel coordination reference,5,8,15,62,0.178571,1.730769
full_screened,All combined records evaluated by the deterministic screen,3. Pitch,90,jurisdiction_localisation,Jurisdiction-specific bank or account reference,tutorial_training_recruitment,"Tutorial, guide, or training content",6,7,14,63,0.222222,2.076923
full_screened,All combined records evaluated by the deterministic screen,3. Pitch,90,mule_recruitment,Mule recruitment or account-holder solicitation,telegram_off_platform,Telegram or private-channel coordination reference,1,2,19,68,0.045455,1.5
full_screened,All combined records evaluated by the deterministic screen,3. Pitch,90,mule_recruitment,Mule recruitment or account-holder solicitation,tutorial_training_recruitment,"Tutorial, guide, or training content",2,1,18,69,0.095238,3.0
full_screened,All combined records evaluated by the deterministic screen,3. Pitch,90,telegram_off_platform,Telegram or private-channel coordination reference,tutorial_training_recruitment,"Tutorial, guide, or training content",7,13,13,57,0.212121,1.575
full_screened,All combined records evaluated by the deterministic screen,4. Caders Heven,77,bank_drop_sale,Bank drop sale or bank-drop infrastructure,bank_log_sale,Compromised bank log sale or discussion,6,0,22,49,0.214286,2.75
full_screened,All combined records evaluated by the deterministic screen,4. Caders Heven,77,bank_drop_sale,Bank drop sale or bank-drop infrastructure,cashout_laundering_service,Cash-out or laundering service,1,5,21,50,0.037037,0.583333
full_screened,All combined records evaluated by the deterministic screen,4. Caders Heven,77,bank_drop_sale,Bank drop sale or bank-drop infrastructure,crypto_payment_or_conversion,Cryptocurrency payment or conversion reference,2,4,22,49,0.071429,1.069444
full_screened,All combined records evaluated by the deterministic screen,4. Caders Heven,77,bank_drop_sale,Bank drop sale or bank-drop infrastructure,email_access_takeover,Email-access-enabled account takeover,1,5,3,68,0.111111,3.208333
full_screened,All combined records evaluated by the deterministic screen,4. Caders Heven,77,bank_drop_sale,Bank drop sale or bank-drop infrastructure,escrow_trust_reputation,"Escrow, trust, reputation, or scam-risk discourse",0,6,1,70,0.0,0.0
full_screened,All combined records evaluated by the deterministic screen,4. Caders Heven,77,bank_drop_sale,Bank drop sale or bank-drop infrastructure,fullz_identity_package,Fullz or identity package,6,0,6,65,0.5,6.416667
full_screened,All combined records evaluated by the deterministic screen,4. Caders Heven,77,bank_drop_sale,Bank drop sale or bank-drop infrastructure,jurisdiction_localisation,Jurisdiction-specific bank or account reference,1,5,1,70,0.142857,6.416667
full_screened,All combined records evaluated by the deterministic screen,4. Caders Heven,77,bank_drop_sale,Bank drop sale or bank-drop infrastructure,mule_recruitment,Mule recruitment or account-holder solicitation,0,6,0,71,0.0,0.0
full_screened,All combined records evaluated by the deterministic screen,4. Caders Heven,77,bank_drop_sale,Bank drop sale or bank-drop infrastructure,telegram_off_platform,Telegram or private-channel coordination reference,0,6,0,71,0.0,0.0
full_screened,All combined records evaluated by the deterministic screen,4. Caders Heven,77,bank_drop_sale,Bank drop sale or bank-drop infrastructure,tutorial_training_recruitment,"Tutorial, guide, or training content",1,5,1,70,0.142857,6.416667
full_screened,All combined records evaluated by the deterministic screen,4. Caders Heven,77,bank_log_sale,Compromised bank log sale or discussion,cashout_laundering_service,Cash-out or laundering service,20,8,2,47,0.666667,2.5
full_screened,All combined records evaluated by the deterministic screen,4. Caders Heven,77,bank_log_sale,Compromised bank log sale or discussion,crypto_payment_or_conversion,Cryptocurrency payment or conversion reference,22,6,2,47,0.733333,2.520833
full_screened,All combined records evaluated by the deterministic screen,4. Caders Heven,77,bank_log_sale,Compromised bank log sale or discussion,email_access_takeover,Email-access-enabled account takeover,4,24,0,49,0.142857,2.75
full_screened,All combined records evaluated by the deterministic screen,4. Caders Heven,77,bank_log_sale,Compromised bank log sale or discussion,escrow_trust_reputation,"Escrow, trust, reputation, or scam-risk discourse",0,28,1,48,0.0,0.0
full_screened,All combined records evaluated by the deterministic screen,4. Caders Heven,77,bank_log_sale,Compromised bank log sale or discussion,fullz_identity_package,Fullz or identity package,10,18,2,47,0.333333,2.291667
full_screened,All combined records evaluated by the deterministic screen,4. Caders Heven,77,bank_log_sale,Compromised bank log sale or discussion,jurisdiction_localisation,Jurisdiction-specific bank or account reference,2,26,0,49,0.071429,2.75
full_screened,All combined records evaluated by the deterministic screen,4. Caders Heven,77,bank_log_sale,Compromised bank log sale or discussion,mule_recruitment,Mule recruitment or account-holder solicitation,0,28,0,49,0.0,0.0
full_screened,All combined records evaluated by the deterministic screen,4. Caders Heven,77,bank_log_sale,Compromised bank log sale or discussion,telegram_off_platform,Telegram or private-channel coordination reference,0,28,0,49,0.0,0.0
full_screened,All combined records evaluated by the deterministic screen,4. Caders Heven,77,bank_log_sale,Compromised bank log sale or discussion,tutorial_training_recruitment,"Tutorial, guide, or training content",2,26,0,49,0.071429,2.75
full_screened,All combined records evaluated by the deterministic screen,4. Caders Heven,77,cashout_laundering_service,Cash-out or laundering service,crypto_payment_or_conversion,Cryptocurrency payment or conversion reference,21,1,3,52,0.84,3.0625
full_screened,All combined records evaluated by the deterministic screen,4. Caders Heven,77,cashout_laundering_service,Cash-out or laundering service,email_access_takeover,Email-access-enabled account takeover,1,21,3,52,0.04,0.875
full_screened,All combined records evaluated by the deterministic screen,4. Caders Heven,77,cashout_laundering_service,Cash-out or laundering service,escrow_trust_reputation,"Escrow, trust, reputation, or scam-risk discourse",0,22,1,54,0.0,0.0
full_screened,All combined records evaluated by the deterministic screen,4. Caders Heven,77,cashout_laundering_service,Cash-out or laundering service,fullz_identity_package,Fullz or identity package,7,15,5,50,0.259259,2.041667
full_screened,All combined records evaluated by the deterministic screen,4. Caders Heven,77,cashout_laundering_service,Cash-out or laundering service,jurisdiction_localisation,Jurisdiction-specific bank or account reference,0,22,2,53,0.0,0.0
full_screened,All combined records evaluated by the deterministic screen,4. Caders Heven,77,cashout_laundering_service,Cash-out or laundering service,mule_recruitment,Mule recruitment or account-holder solicitation,0,22,0,55,0.0,0.0
full_screened,All combined records evaluated by the deterministic screen,4. Caders Heven,77,cashout_laundering_service,Cash-out or laundering service,telegram_off_platform,Telegram or private-channel coordination reference,0,22,0,55,0.0,0.0
full_screened,All combined records evaluated by the deterministic screen,4. Caders Heven,77,cashout_laundering_service,Cash-out or laundering service,tutorial_training_recruitment,"Tutorial, guide, or training content",0,22,2,53,0.0,0.0
full_screened,All combined records evaluated by the deterministic screen,4. Caders Heven,77,crypto_payment_or_conversion,Cryptocurrency payment or conversion reference,email_access_takeover,Email-access-enabled account takeover,2,22,2,51,0.076923,1.604167
full_screened,All combined records evaluated by the deterministic screen,4. Caders Heven,77,crypto_payment_or_conversion,Cryptocurrency payment or conversion reference,escrow_trust_reputation,"Escrow, trust, reputation, or scam-risk discourse",1,23,0,53,0.041667,3.208333
full_screened,All combined records evaluated by the deterministic screen,4. Caders Heven,77,crypto_payment_or_conversion,Cryptocurrency payment or conversion reference,fullz_identity_package,Fullz or identity package,7,17,5,48,0.241379,1.871528
full_screened,All combined records evaluated by the deterministic screen,4. Caders Heven,77,crypto_payment_or_conversion,Cryptocurrency payment or conversion reference,jurisdiction_localisation,Jurisdiction-specific bank or account reference,1,23,1,52,0.04,1.604167
full_screened,All combined records evaluated by the deterministic screen,4. Caders Heven,77,crypto_payment_or_conversion,Cryptocurrency payment or conversion reference,mule_recruitment,Mule recruitment or account-holder solicitation,0,24,0,53,0.0,0.0
full_screened,All combined records evaluated by the deterministic screen,4. Caders Heven,77,crypto_payment_or_conversion,Cryptocurrency payment or conversion reference,telegram_off_platform,Telegram or private-channel coordination reference,0,24,0,53,0.0,0.0
full_screened,All combined records evaluated by the deterministic screen,4. Caders Heven,77,crypto_payment_or_conversion,Cryptocurrency payment or conversion reference,tutorial_training_recruitment,"Tutorial, guide, or training content",2,22,0,53,0.083333,3.208333
full_screened,All combined records evaluated by the deterministic screen,4. Caders Heven,77,email_access_takeover,Email-access-enabled account takeover,escrow_trust_reputation,"Escrow, trust, reputation, or scam-risk discourse",0,4,1,72,0.0,0.0
full_screened,All combined records evaluated by the deterministic screen,4. Caders Heven,77,email_access_takeover,Email-access-enabled account takeover,fullz_identity_package,Fullz or identity package,2,2,10,63,0.142857,3.208333
full_screened,All combined records evaluated by the deterministic screen,4. Caders Heven,77,email_access_takeover,Email-access-enabled account takeover,jurisdiction_localisation,Jurisdiction-specific bank or account reference,2,2,0,73,0.5,19.25
full_screened,All combined records evaluated by the deterministic screen,4. Caders Heven,77,email_access_takeover,Email-access-enabled account takeover,mule_recruitment,Mule recruitment or account-holder solicitation,0,4,0,73,0.0,0.0
full_screened,All combined records evaluated by the deterministic screen,4. Caders Heven,77,email_access_takeover,Email-access-enabled account takeover,telegram_off_platform,Telegram or private-channel coordination reference,0,4,0,73,0.0,0.0
full_screened,All combined records evaluated by the deterministic screen,4. Caders Heven,77,email_access_takeover,Email-access-enabled account takeover,tutorial_training_recruitment,"Tutorial, guide, or training content",1,3,1,72,0.2,9.625
full_screened,All combined records evaluated by the deterministic screen,4. Caders Heven,77,escrow_trust_reputation,"Escrow, trust, reputation, or scam-risk discourse",fullz_identity_package,Fullz or identity package,0,1,12,64,0.0,0.0
full_screened,All combined records evaluated by the deterministic screen,4. Caders Heven,77,escrow_trust_reputation,"Escrow, trust, reputation, or scam-risk discourse",jurisdiction_localisation,Jurisdiction-specific bank or account reference,0,1,2,74,0.0,0.0
full_screened,All combined records evaluated by the deterministic screen,4. Caders Heven,77,escrow_trust_reputation,"Escrow, trust, reputation, or scam-risk discourse",mule_recruitment,Mule recruitment or account-holder solicitation,0,1,0,76,0.0,0.0
full_screened,All combined records evaluated by the deterministic screen,4. Caders Heven,77,escrow_trust_reputation,"Escrow, trust, reputation, or scam-risk discourse",telegram_off_platform,Telegram or private-channel coordination reference,0,1,0,76,0.0,0.0
full_screened,All combined records evaluated by the deterministic screen,4. Caders Heven,77,escrow_trust_reputation,"Escrow, trust, reputation, or scam-risk discourse",tutorial_training_recruitment,"Tutorial, guide, or training content",0,1,2,74,0.0,0.0
full_screened,All combined records evaluated by the deterministic screen,4. Caders Heven,77,fullz_identity_package,Fullz or identity package,jurisdiction_localisation,Jurisdiction-specific bank or account reference,1,11,1,64,0.076923,3.208333
full_screened,All combined records evaluated by the deterministic screen,4. Caders Heven,77,fullz_identity_package,Fullz or identity package,mule_recruitment,Mule recruitment or account-holder solicitation,0,12,0,65,0.0,0.0
full_screened,All combined records evaluated by the deterministic screen,4. Caders Heven,77,fullz_identity_package,Fullz or identity package,telegram_off_platform,Telegram or private-channel coordination reference,0,12,0,65,0.0,0.0
full_screened,All combined records evaluated by the deterministic screen,4. Caders Heven,77,fullz_identity_package,Fullz or identity package,tutorial_training_recruitment,"Tutorial, guide, or training content",1,11,1,64,0.076923,3.208333
full_screened,All combined records evaluated by the deterministic screen,4. Caders Heven,77,jurisdiction_localisation,Jurisdiction-specific bank or account reference,mule_recruitment,Mule recruitment or account-holder solicitation,0,2,0,75,0.0,0.0
full_screened,All combined records evaluated by the deterministic screen,4. Caders Heven,77,jurisdiction_localisation,Jurisdiction-specific bank or account reference,telegram_off_platform,Telegram or private-channel coordination reference,0,2,0,75,0.0,0.0
full_screened,All combined records evaluated by the deterministic screen,4. Caders Heven,77,jurisdiction_localisation,Jurisdiction-specific bank or account reference,tutorial_training_recruitment,"Tutorial, guide, or training content",1,1,1,74,0.333333,19.25
full_screened,All combined records evaluated by the deterministic screen,4. Caders Heven,77,mule_recruitment,Mule recruitment or account-holder solicitation,telegram_off_platform,Telegram or private-channel coordination reference,0,0,0,77,0.0,0.0
full_screened,All combined records evaluated by the deterministic screen,4. Caders Heven,77,mule_recruitment,Mule recruitment or account-holder solicitation,tutorial_training_recruitment,"Tutorial, guide, or training content",0,0,2,75,0.0,0.0
full_screened,All combined records evaluated by the deterministic screen,4. Caders Heven,77,telegram_off_platform,Telegram or private-channel coordination reference,tutorial_training_recruitment,"Tutorial, guide, or training content",0,0,2,75,0.0,0.0
full_screened,All combined records evaluated by the deterministic screen,5. CardPro,91,bank_drop_sale,Bank drop sale or bank-drop infrastructure,bank_log_sale,Compromised bank log sale or discussion,0,6,2,83,0.0,0.0
full_screened,All combined records evaluated by the deterministic screen,5. CardPro,91,bank_drop_sale,Bank drop sale or bank-drop infrastructure,cashout_laundering_service,Cash-out or laundering service,5,1,27,58,0.151515,2.369792
full_screened,All combined records evaluated by the deterministic screen,5. CardPro,91,bank_drop_sale,Bank drop sale or bank-drop infrastructure,crypto_payment_or_conversion,Cryptocurrency payment or conversion reference,2,4,5,80,0.181818,4.333333
full_screened,All combined records evaluated by the deterministic screen,5. CardPro,91,bank_drop_sale,Bank drop sale or bank-drop infrastructure,email_access_takeover,Email-access-enabled account takeover,0,6,0,85,0.0,0.0
full_screened,All combined records evaluated by the deterministic screen,5. CardPro,91,bank_drop_sale,Bank drop sale or bank-drop infrastructure,escrow_trust_reputation,"Escrow, trust, reputation, or scam-risk discourse",1,5,3,82,0.111111,3.791667
full_screened,All combined records evaluated by the deterministic screen,5. CardPro,91,bank_drop_sale,Bank drop sale or bank-drop infrastructure,fullz_identity_package,Fullz or identity package,4,2,1,84,0.571429,12.133333
full_screened,All combined records evaluated by the deterministic screen,5. CardPro,91,bank_drop_sale,Bank drop sale or bank-drop infrastructure,jurisdiction_localisation,Jurisdiction-specific bank or account reference,3,3,8,77,0.214286,4.136364
full_screened,All combined records evaluated by the deterministic screen,5. CardPro,91,bank_drop_sale,Bank drop sale or bank-drop infrastructure,mule_recruitment,Mule recruitment or account-holder solicitation,0,6,1,84,0.0,0.0
full_screened,All combined records evaluated by the deterministic screen,5. CardPro,91,bank_drop_sale,Bank drop sale or bank-drop infrastructure,telegram_off_platform,Telegram or private-channel coordination reference,3,3,19,66,0.12,2.068182
full_screened,All combined records evaluated by the deterministic screen,5. CardPro,91,bank_drop_sale,Bank drop sale or bank-drop infrastructure,tutorial_training_recruitment,"Tutorial, guide, or training content",1,5,2,83,0.125,5.055556
full_screened,All combined records evaluated by the deterministic screen,5. CardPro,91,bank_log_sale,Compromised bank log sale or discussion,cashout_laundering_service,Cash-out or laundering service,2,0,30,59,0.0625,2.84375
full_screened,All combined records evaluated by the deterministic screen,5. CardPro,91,bank_log_sale,Compromised bank log sale or discussion,crypto_payment_or_conversion,Cryptocurrency payment or conversion reference,0,2,7,82,0.0,0.0
full_screened,All combined records evaluated by the deterministic screen,5. CardPro,91,bank_log_sale,Compromised bank log sale or discussion,email_access_takeover,Email-access-enabled account takeover,0,2,0,89,0.0,0.0
full_screened,All combined records evaluated by the deterministic screen,5. CardPro,91,bank_log_sale,Compromised bank log sale or discussion,escrow_trust_reputation,"Escrow, trust, reputation, or scam-risk discourse",0,2,4,85,0.0,0.0
full_screened,All combined records evaluated by the deterministic screen,5. CardPro,91,bank_log_sale,Compromised bank log sale or discussion,fullz_identity_package,Fullz or identity package,0,2,5,84,0.0,0.0
full_screened,All combined records evaluated by the deterministic screen,5. CardPro,91,bank_log_sale,Compromised bank log sale or discussion,jurisdiction_localisation,Jurisdiction-specific bank or account reference,1,1,10,79,0.083333,4.136364
full_screened,All combined records evaluated by the deterministic screen,5. CardPro,91,bank_log_sale,Compromised bank log sale or discussion,mule_recruitment,Mule recruitment or account-holder solicitation,1,1,0,89,0.5,45.5
full_screened,All combined records evaluated by the deterministic screen,5. CardPro,91,bank_log_sale,Compromised bank log sale or discussion,telegram_off_platform,Telegram or private-channel coordination reference,1,1,21,68,0.043478,2.068182
full_screened,All combined records evaluated by the deterministic screen,5. CardPro,91,bank_log_sale,Compromised bank log sale or discussion,tutorial_training_recruitment,"Tutorial, guide, or training content",1,1,2,87,0.25,15.166667
full_screened,All combined records evaluated by the deterministic screen,5. CardPro,91,cashout_laundering_service,Cash-out or laundering service,crypto_payment_or_conversion,Cryptocurrency payment or conversion reference,5,27,2,57,0.147059,2.03125
full_screened,All combined records evaluated by the deterministic screen,5. CardPro,91,cashout_laundering_service,Cash-out or laundering service,email_access_takeover,Email-access-enabled account takeover,0,32,0,59,0.0,0.0
full_screened,All combined records evaluated by the deterministic screen,5. CardPro,91,cashout_laundering_service,Cash-out or laundering service,escrow_trust_reputation,"Escrow, trust, reputation, or scam-risk discourse",2,30,2,57,0.058824,1.421875
full_screened,All combined records evaluated by the deterministic screen,5. CardPro,91,cashout_laundering_service,Cash-out or laundering service,fullz_identity_package,Fullz or identity package,3,29,2,57,0.088235,1.70625
full_screened,All combined records evaluated by the deterministic screen,5. CardPro,91,cashout_laundering_service,Cash-out or laundering service,jurisdiction_localisation,Jurisdiction-specific bank or account reference,11,21,0,59,0.34375,2.84375
full_screened,All combined records evaluated by the deterministic screen,5. CardPro,91,cashout_laundering_service,Cash-out or laundering service,mule_recruitment,Mule recruitment or account-holder solicitation,1,31,0,59,0.03125,2.84375
full_screened,All combined records evaluated by the deterministic screen,5. CardPro,91,cashout_laundering_service,Cash-out or laundering service,telegram_off_platform,Telegram or private-channel coordination reference,18,14,4,55,0.5,2.326705
full_screened,All combined records evaluated by the deterministic screen,5. CardPro,91,cashout_laundering_service,Cash-out or laundering service,tutorial_training_recruitment,"Tutorial, guide, or training content",3,29,0,59,0.09375,2.84375
full_screened,All combined records evaluated by the deterministic screen,5. CardPro,91,crypto_payment_or_conversion,Cryptocurrency payment or conversion reference,email_access_takeover,Email-access-enabled account takeover,0,7,0,84,0.0,0.0
full_screened,All combined records evaluated by the deterministic screen,5. CardPro,91,crypto_payment_or_conversion,Cryptocurrency payment or conversion reference,escrow_trust_reputation,"Escrow, trust, reputation, or scam-risk discourse",2,5,2,82,0.222222,6.5
full_screened,All combined records evaluated by the deterministic screen,5. CardPro,91,crypto_payment_or_conversion,Cryptocurrency payment or conversion reference,fullz_identity_package,Fullz or identity package,2,5,3,81,0.2,5.2
full_screened,All combined records evaluated by the deterministic screen,5. CardPro,91,crypto_payment_or_conversion,Cryptocurrency payment or conversion reference,jurisdiction_localisation,Jurisdiction-specific bank or account reference,2,5,9,75,0.125,2.363636
full_screened,All combined records evaluated by the deterministic screen,5. CardPro,91,crypto_payment_or_conversion,Cryptocurrency payment or conversion reference,mule_recruitment,Mule recruitment or account-holder solicitation,0,7,1,83,0.0,0.0
full_screened,All combined records evaluated by the deterministic screen,5. CardPro,91,crypto_payment_or_conversion,Cryptocurrency payment or conversion reference,telegram_off_platform,Telegram or private-channel coordination reference,7,0,15,69,0.318182,4.136364
full_screened,All combined records evaluated by the deterministic screen,5. CardPro,91,crypto_payment_or_conversion,Cryptocurrency payment or conversion reference,tutorial_training_recruitment,"Tutorial, guide, or training content",0,7,3,81,0.0,0.0
full_screened,All combined records evaluated by the deterministic screen,5. CardPro,91,email_access_takeover,Email-access-enabled account takeover,escrow_trust_reputation,"Escrow, trust, reputation, or scam-risk discourse",0,0,4,87,0.0,0.0
full_screened,All combined records evaluated by the deterministic screen,5. CardPro,91,email_access_takeover,Email-access-enabled account takeover,fullz_identity_package,Fullz or identity package,0,0,5,86,0.0,0.0
full_screened,All combined records evaluated by the deterministic screen,5. CardPro,91,email_access_takeover,Email-access-enabled account takeover,jurisdiction_localisation,Jurisdiction-specific bank or account reference,0,0,11,80,0.0,0.0
full_screened,All combined records evaluated by the deterministic screen,5. CardPro,91,email_access_takeover,Email-access-enabled account takeover,mule_recruitment,Mule recruitment or account-holder solicitation,0,0,1,90,0.0,0.0
full_screened,All combined records evaluated by the deterministic screen,5. CardPro,91,email_access_takeover,Email-access-enabled account takeover,telegram_off_platform,Telegram or private-channel coordination reference,0,0,22,69,0.0,0.0
full_screened,All combined records evaluated by the deterministic screen,5. CardPro,91,email_access_takeover,Email-access-enabled account takeover,tutorial_training_recruitment,"Tutorial, guide, or training content",0,0,3,88,0.0,0.0
full_screened,All combined records evaluated by the deterministic screen,5. CardPro,91,escrow_trust_reputation,"Escrow, trust, reputation, or scam-risk discourse",fullz_identity_package,Fullz or identity package,1,3,4,83,0.125,4.55
full_screened,All combined records evaluated by the deterministic screen,5. CardPro,91,escrow_trust_reputation,"Escrow, trust, reputation, or scam-risk discourse",jurisdiction_localisation,Jurisdiction-specific bank or account reference,0,4,11,76,0.0,0.0
full_screened,All combined records evaluated by the deterministic screen,5. CardPro,91,escrow_trust_reputation,"Escrow, trust, reputation, or scam-risk discourse",mule_recruitment,Mule recruitment or account-holder solicitation,0,4,1,86,0.0,0.0
full_screened,All combined records evaluated by the deterministic screen,5. CardPro,91,escrow_trust_reputation,"Escrow, trust, reputation, or scam-risk discourse",telegram_off_platform,Telegram or private-channel coordination reference,2,2,20,67,0.083333,2.068182
full_screened,All combined records evaluated by the deterministic screen,5. CardPro,91,escrow_trust_reputation,"Escrow, trust, reputation, or scam-risk discourse",tutorial_training_recruitment,"Tutorial, guide, or training content",0,4,3,84,0.0,0.0
full_screened,All combined records evaluated by the deterministic screen,5. CardPro,91,fullz_identity_package,Fullz or identity package,jurisdiction_localisation,Jurisdiction-specific bank or account reference,2,3,9,77,0.142857,3.309091
full_screened,All combined records evaluated by the deterministic screen,5. CardPro,91,fullz_identity_package,Fullz or identity package,mule_recruitment,Mule recruitment or account-holder solicitation,0,5,1,85,0.0,0.0
full_screened,All combined records evaluated by the deterministic screen,5. CardPro,91,fullz_identity_package,Fullz or identity package,telegram_off_platform,Telegram or private-channel coordination reference,3,2,19,67,0.125,2.481818
full_screened,All combined records evaluated by the deterministic screen,5. CardPro,91,fullz_identity_package,Fullz or identity package,tutorial_training_recruitment,"Tutorial, guide, or training content",0,5,3,83,0.0,0.0
full_screened,All combined records evaluated by the deterministic screen,5. CardPro,91,jurisdiction_localisation,Jurisdiction-specific bank or account reference,mule_recruitment,Mule recruitment or account-holder solicitation,1,10,0,80,0.090909,8.272727
full_screened,All combined records evaluated by the deterministic screen,5. CardPro,91,jurisdiction_localisation,Jurisdiction-specific bank or account reference,telegram_off_platform,Telegram or private-channel coordination reference,7,4,15,65,0.269231,2.632231
full_screened,All combined records evaluated by the deterministic screen,5. CardPro,91,jurisdiction_localisation,Jurisdiction-specific bank or account reference,tutorial_training_recruitment,"Tutorial, guide, or training content",2,9,1,79,0.166667,5.515152
full_screened,All combined records evaluated by the deterministic screen,5. CardPro,91,mule_recruitment,Mule recruitment or account-holder solicitation,telegram_off_platform,Telegram or private-channel coordination reference,1,0,21,69,0.045455,4.136364
full_screened,All combined records evaluated by the deterministic screen,5. CardPro,91,mule_recruitment,Mule recruitment or account-holder solicitation,tutorial_training_recruitment,"Tutorial, guide, or training content",1,0,2,88,0.333333,30.333333
full_screened,All combined records evaluated by the deterministic screen,5. CardPro,91,telegram_off_platform,Telegram or private-channel coordination reference,tutorial_training_recruitment,"Tutorial, guide, or training content",2,20,1,68,0.086957,2.757576
full_screened,All combined records evaluated by the deterministic screen,6. The X Wave Market,90,bank_drop_sale,Bank drop sale or bank-drop infrastructure,bank_log_sale,Compromised bank log sale or discussion,3,6,2,79,0.272727,6.0
full_screened,All combined records evaluated by the deterministic screen,6. The X Wave Market,90,bank_drop_sale,Bank drop sale or bank-drop infrastructure,cashout_laundering_service,Cash-out or laundering service,4,5,6,75,0.266667,4.0
full_screened,All combined records evaluated by the deterministic screen,6. The X Wave Market,90,bank_drop_sale,Bank drop sale or bank-drop infrastructure,crypto_payment_or_conversion,Cryptocurrency payment or conversion reference,5,4,5,76,0.357143,5.0
full_screened,All combined records evaluated by the deterministic screen,6. The X Wave Market,90,bank_drop_sale,Bank drop sale or bank-drop infrastructure,email_access_takeover,Email-access-enabled account takeover,3,6,0,81,0.333333,10.0
full_screened,All combined records evaluated by the deterministic screen,6. The X Wave Market,90,bank_drop_sale,Bank drop sale or bank-drop infrastructure,escrow_trust_reputation,"Escrow, trust, reputation, or scam-risk discourse",9,0,32,49,0.219512,2.195122
full_screened,All combined records evaluated by the deterministic screen,6. The X Wave Market,90,bank_drop_sale,Bank drop sale or bank-drop infrastructure,fullz_identity_package,Fullz or identity package,7,2,13,68,0.318182,3.5
full_screened,All combined records evaluated by the deterministic screen,6. The X Wave Market,90,bank_drop_sale,Bank drop sale or bank-drop infrastructure,jurisdiction_localisation,Jurisdiction-specific bank or account reference,4,5,2,79,0.363636,6.666667
full_screened,All combined records evaluated by the deterministic screen,6. The X Wave Market,90,bank_drop_sale,Bank drop sale or bank-drop infrastructure,mule_recruitment,Mule recruitment or account-holder solicitation,0,9,0,81,0.0,0.0
full_screened,All combined records evaluated by the deterministic screen,6. The X Wave Market,90,bank_drop_sale,Bank drop sale or bank-drop infrastructure,telegram_off_platform,Telegram or private-channel coordination reference,0,9,0,81,0.0,0.0
full_screened,All combined records evaluated by the deterministic screen,6. The X Wave Market,90,bank_drop_sale,Bank drop sale or bank-drop infrastructure,tutorial_training_recruitment,"Tutorial, guide, or training content",3,6,7,74,0.1875,3.0
full_screened,All combined records evaluated by the deterministic screen,6. The X Wave Market,90,bank_log_sale,Compromised bank log sale or discussion,cashout_laundering_service,Cash-out or laundering service,2,3,8,77,0.153846,3.6
full_screened,All combined records evaluated by the deterministic screen,6. The X Wave Market,90,bank_log_sale,Compromised bank log sale or discussion,crypto_payment_or_conversion,Cryptocurrency payment or conversion reference,3,2,7,78,0.25,5.4
full_screened,All combined records evaluated by the deterministic screen,6. The X Wave Market,90,bank_log_sale,Compromised bank log sale or discussion,email_access_takeover,Email-access-enabled account takeover,2,3,1,84,0.333333,12.0
full_screened,All combined records evaluated by the deterministic screen,6. The X Wave Market,90,bank_log_sale,Compromised bank log sale or discussion,escrow_trust_reputation,"Escrow, trust, reputation, or scam-risk discourse",5,0,36,49,0.121951,2.195122
full_screened,All combined records evaluated by the deterministic screen,6. The X Wave Market,90,bank_log_sale,Compromised bank log sale or discussion,fullz_identity_package,Fullz or identity package,4,1,16,69,0.190476,3.6
full_screened,All combined records evaluated by the deterministic screen,6. The X Wave Market,90,bank_log_sale,Compromised bank log sale or discussion,jurisdiction_localisation,Jurisdiction-specific bank or account reference,5,0,1,84,0.833333,15.0
full_screened,All combined records evaluated by the deterministic screen,6. The X Wave Market,90,bank_log_sale,Compromised bank log sale or discussion,mule_recruitment,Mule recruitment or account-holder solicitation,0,5,0,85,0.0,0.0
full_screened,All combined records evaluated by the deterministic screen,6. The X Wave Market,90,bank_log_sale,Compromised bank log sale or discussion,telegram_off_platform,Telegram or private-channel coordination reference,0,5,0,85,0.0,0.0
full_screened,All combined records evaluated by the deterministic screen,6. The X Wave Market,90,bank_log_sale,Compromised bank log sale or discussion,tutorial_training_recruitment,"Tutorial, guide, or training content",1,4,9,76,0.071429,1.8
full_screened,All combined records evaluated by the deterministic screen,6. The X Wave Market,90,cashout_laundering_service,Cash-out or laundering service,crypto_payment_or_conversion,Cryptocurrency payment or conversion reference,6,4,4,76,0.428571,5.4
full_screened,All combined records evaluated by the deterministic screen,6. The X Wave Market,90,cashout_laundering_service,Cash-out or laundering service,email_access_takeover,Email-access-enabled account takeover,3,7,0,80,0.3,9.0
full_screened,All combined records evaluated by the deterministic screen,6. The X Wave Market,90,cashout_laundering_service,Cash-out or laundering service,escrow_trust_reputation,"Escrow, trust, reputation, or scam-risk discourse",10,0,31,49,0.243902,2.195122
full_screened,All combined records evaluated by the deterministic screen,6. The X Wave Market,90,cashout_laundering_service,Cash-out or laundering service,fullz_identity_package,Fullz or identity package,8,2,12,68,0.363636,3.6
full_screened,All combined records evaluated by the deterministic screen,6. The X Wave Market,90,cashout_laundering_service,Cash-out or laundering service,jurisdiction_localisation,Jurisdiction-specific bank or account reference,3,7,3,77,0.230769,4.5
full_screened,All combined records evaluated by the deterministic screen,6. The X Wave Market,90,cashout_laundering_service,Cash-out or laundering service,mule_recruitment,Mule recruitment or account-holder solicitation,0,10,0,80,0.0,0.0
full_screened,All combined records evaluated by the deterministic screen,6. The X Wave Market,90,cashout_laundering_service,Cash-out or laundering service,telegram_off_platform,Telegram or private-channel coordination reference,0,10,0,80,0.0,0.0
full_screened,All combined records evaluated by the deterministic screen,6. The X Wave Market,90,cashout_laundering_service,Cash-out or laundering service,tutorial_training_recruitment,"Tutorial, guide, or training content",6,4,4,76,0.428571,5.4
full_screened,All combined records evaluated by the deterministic screen,6. The X Wave Market,90,crypto_payment_or_conversion,Cryptocurrency payment or conversion reference,email_access_takeover,Email-access-enabled account takeover,3,7,0,80,0.3,9.0
full_screened,All combined records evaluated by the deterministic screen,6. The X Wave Market,90,crypto_payment_or_conversion,Cryptocurrency payment or conversion reference,escrow_trust_reputation,"Escrow, trust, reputation, or scam-risk discourse",9,1,32,48,0.214286,1.97561
full_screened,All combined records evaluated by the deterministic screen,6. The X Wave Market,90,crypto_payment_or_conversion,Cryptocurrency payment or conversion reference,fullz_identity_package,Fullz or identity package,6,4,14,66,0.25,2.7
full_screened,All combined records evaluated by the deterministic screen,6. The X Wave Market,90,crypto_payment_or_conversion,Cryptocurrency payment or conversion reference,jurisdiction_localisation,Jurisdiction-specific bank or account reference,4,6,2,78,0.333333,6.0
full_screened,All combined records evaluated by the deterministic screen,6. The X Wave Market,90,crypto_payment_or_conversion,Cryptocurrency payment or conversion reference,mule_recruitment,Mule recruitment or account-holder solicitation,0,10,0,80,0.0,0.0
full_screened,All combined records evaluated by the deterministic screen,6. The X Wave Market,90,crypto_payment_or_conversion,Cryptocurrency payment or conversion reference,telegram_off_platform,Telegram or private-channel coordination reference,0,10,0,80,0.0,0.0
full_screened,All combined records evaluated by the deterministic screen,6. The X Wave Market,90,crypto_payment_or_conversion,Cryptocurrency payment or conversion reference,tutorial_training_recruitment,"Tutorial, guide, or training content",4,6,6,74,0.25,3.6
full_screened,All combined records evaluated by the deterministic screen,6. The X Wave Market,90,email_access_takeover,Email-access-enabled account takeover,escrow_trust_reputation,"Escrow, trust, reputation, or scam-risk discourse",3,0,38,49,0.073171,2.195122
full_screened,All combined records evaluated by the deterministic screen,6. The X Wave Market,90,email_access_takeover,Email-access-enabled account takeover,fullz_identity_package,Fullz or identity package,3,0,17,70,0.15,4.5
full_screened,All combined records evaluated by the deterministic screen,6. The X Wave Market,90,email_access_takeover,Email-access-enabled account takeover,jurisdiction_localisation,Jurisdiction-specific bank or account reference,2,1,4,83,0.285714,10.0
full_screened,All combined records evaluated by the deterministic screen,6. The X Wave Market,90,email_access_takeover,Email-access-enabled account takeover,mule_recruitment,Mule recruitment or account-holder solicitation,0,3,0,87,0.0,0.0
full_screened,All combined records evaluated by the deterministic screen,6. The X Wave Market,90,email_access_takeover,Email-access-enabled account takeover,telegram_off_platform,Telegram or private-channel coordination reference,0,3,0,87,0.0,0.0
full_screened,All combined records evaluated by the deterministic screen,6. The X Wave Market,90,email_access_takeover,Email-access-enabled account takeover,tutorial_training_recruitment,"Tutorial, guide, or training content",0,3,10,77,0.0,0.0
full_screened,All combined records evaluated by the deterministic screen,6. The X Wave Market,90,escrow_trust_reputation,"Escrow, trust, reputation, or scam-risk discourse",fullz_identity_package,Fullz or identity package,20,21,0,49,0.487805,2.195122
full_screened,All combined records evaluated by the deterministic screen,6. The X Wave Market,90,escrow_trust_reputation,"Escrow, trust, reputation, or scam-risk discourse",jurisdiction_localisation,Jurisdiction-specific bank or account reference,6,35,0,49,0.146341,2.195122
full_screened,All combined records evaluated by the deterministic screen,6. The X Wave Market,90,escrow_trust_reputation,"Escrow, trust, reputation, or scam-risk discourse",mule_recruitment,Mule recruitment or account-holder solicitation,0,41,0,49,0.0,0.0
full_screened,All combined records evaluated by the deterministic screen,6. The X Wave Market,90,escrow_trust_reputation,"Escrow, trust, reputation, or scam-risk discourse",telegram_off_platform,Telegram or private-channel coordination reference,0,41,0,49,0.0,0.0
full_screened,All combined records evaluated by the deterministic screen,6. The X Wave Market,90,escrow_trust_reputation,"Escrow, trust, reputation, or scam-risk discourse",tutorial_training_recruitment,"Tutorial, guide, or training content",10,31,0,49,0.243902,2.195122
full_screened,All combined records evaluated by the deterministic screen,6. The X Wave Market,90,fullz_identity_package,Fullz or identity package,jurisdiction_localisation,Jurisdiction-specific bank or account reference,5,15,1,69,0.238095,3.75
full_screened,All combined records evaluated by the deterministic screen,6. The X Wave Market,90,fullz_identity_package,Fullz or identity package,mule_recruitment,Mule recruitment or account-holder solicitation,0,20,0,70,0.0,0.0
full_screened,All combined records evaluated by the deterministic screen,6. The X Wave Market,90,fullz_identity_package,Fullz or identity package,telegram_off_platform,Telegram or private-channel coordination reference,0,20,0,70,0.0,0.0
full_screened,All combined records evaluated by the deterministic screen,6. The X Wave Market,90,fullz_identity_package,Fullz or identity package,tutorial_training_recruitment,"Tutorial, guide, or training content",7,13,3,67,0.304348,3.15
full_screened,All combined records evaluated by the deterministic screen,6. The X Wave Market,90,jurisdiction_localisation,Jurisdiction-specific bank or account reference,mule_recruitment,Mule recruitment or account-holder solicitation,0,6,0,84,0.0,0.0
full_screened,All combined records evaluated by the deterministic screen,6. The X Wave Market,90,jurisdiction_localisation,Jurisdiction-specific bank or account reference,telegram_off_platform,Telegram or private-channel coordination reference,0,6,0,84,0.0,0.0
full_screened,All combined records evaluated by the deterministic screen,6. The X Wave Market,90,jurisdiction_localisation,Jurisdiction-specific bank or account reference,tutorial_training_recruitment,"Tutorial, guide, or training content",2,4,8,76,0.142857,3.0
full_screened,All combined records evaluated by the deterministic screen,6. The X Wave Market,90,mule_recruitment,Mule recruitment or account-holder solicitation,telegram_off_platform,Telegram or private-channel coordination reference,0,0,0,90,0.0,0.0
full_screened,All combined records evaluated by the deterministic screen,6. The X Wave Market,90,mule_recruitment,Mule recruitment or account-holder solicitation,tutorial_training_recruitment,"Tutorial, guide, or training content",0,0,10,80,0.0,0.0
full_screened,All combined records evaluated by the deterministic screen,6. The X Wave Market,90,telegram_off_platform,Telegram or private-channel coordination reference,tutorial_training_recruitment,"Tutorial, guide, or training content",0,0,10,80,0.0,0.0
full_screened,All combined records evaluated by the deterministic screen,7. Meta Banklogs,92,bank_drop_sale,Bank drop sale or bank-drop infrastructure,bank_log_sale,Compromised bank log sale or discussion,10,4,19,59,0.30303,2.26601
full_screened,All combined records evaluated by the deterministic screen,7. Meta Banklogs,92,bank_drop_sale,Bank drop sale or bank-drop infrastructure,cashout_laundering_service,Cash-out or laundering service,3,11,1,77,0.2,4.928571
full_screened,All combined records evaluated by the deterministic screen,7. Meta Banklogs,92,bank_drop_sale,Bank drop sale or bank-drop infrastructure,crypto_payment_or_conversion,Cryptocurrency payment or conversion reference,3,11,3,75,0.176471,3.285714
full_screened,All combined records evaluated by the deterministic screen,7. Meta Banklogs,92,bank_drop_sale,Bank drop sale or bank-drop infrastructure,email_access_takeover,Email-access-enabled account takeover,7,7,14,64,0.25,2.190476
full_screened,All combined records evaluated by the deterministic screen,7. Meta Banklogs,92,bank_drop_sale,Bank drop sale or bank-drop infrastructure,escrow_trust_reputation,"Escrow, trust, reputation, or scam-risk discourse",0,14,1,77,0.0,0.0
full_screened,All combined records evaluated by the deterministic screen,7. Meta Banklogs,92,bank_drop_sale,Bank drop sale or bank-drop infrastructure,fullz_identity_package,Fullz or identity package,9,5,3,75,0.529412,4.928571
full_screened,All combined records evaluated by the deterministic screen,7. Meta Banklogs,92,bank_drop_sale,Bank drop sale or bank-drop infrastructure,jurisdiction_localisation,Jurisdiction-specific bank or account reference,14,0,22,56,0.388889,2.555556
full_screened,All combined records evaluated by the deterministic screen,7. Meta Banklogs,92,bank_drop_sale,Bank drop sale or bank-drop infrastructure,mule_recruitment,Mule recruitment or account-holder solicitation,0,14,0,78,0.0,0.0
full_screened,All combined records evaluated by the deterministic screen,7. Meta Banklogs,92,bank_drop_sale,Bank drop sale or bank-drop infrastructure,telegram_off_platform,Telegram or private-channel coordination reference,2,12,0,78,0.142857,6.571429
full_screened,All combined records evaluated by the deterministic screen,7. Meta Banklogs,92,bank_drop_sale,Bank drop sale or bank-drop infrastructure,tutorial_training_recruitment,"Tutorial, guide, or training content",4,10,2,76,0.25,4.380952
full_screened,All combined records evaluated by the deterministic screen,7. Meta Banklogs,92,bank_log_sale,Compromised bank log sale or discussion,cashout_laundering_service,Cash-out or laundering service,3,26,1,62,0.1,2.37931
full_screened,All combined records evaluated by the deterministic screen,7. Meta Banklogs,92,bank_log_sale,Compromised bank log sale or discussion,crypto_payment_or_conversion,Cryptocurrency payment or conversion reference,5,24,1,62,0.166667,2.643678
full_screened,All combined records evaluated by the deterministic screen,7. Meta Banklogs,92,bank_log_sale,Compromised bank log sale or discussion,email_access_takeover,Email-access-enabled account takeover,19,10,2,61,0.612903,2.870279
full_screened,All combined records evaluated by the deterministic screen,7. Meta Banklogs,92,bank_log_sale,Compromised bank log sale or discussion,escrow_trust_reputation,"Escrow, trust, reputation, or scam-risk discourse",0,29,1,62,0.0,0.0
full_screened,All combined records evaluated by the deterministic screen,7. Meta Banklogs,92,bank_log_sale,Compromised bank log sale or discussion,fullz_identity_package,Fullz or identity package,8,21,4,59,0.242424,2.114943
full_screened,All combined records evaluated by the deterministic screen,7. Meta Banklogs,92,bank_log_sale,Compromised bank log sale or discussion,jurisdiction_localisation,Jurisdiction-specific bank or account reference,29,0,7,56,0.805556,2.555556
full_screened,All combined records evaluated by the deterministic screen,7. Meta Banklogs,92,bank_log_sale,Compromised bank log sale or discussion,mule_recruitment,Mule recruitment or account-holder solicitation,0,29,0,63,0.0,0.0
full_screened,All combined records evaluated by the deterministic screen,7. Meta Banklogs,92,bank_log_sale,Compromised bank log sale or discussion,telegram_off_platform,Telegram or private-channel coordination reference,0,29,2,61,0.0,0.0
full_screened,All combined records evaluated by the deterministic screen,7. Meta Banklogs,92,bank_log_sale,Compromised bank log sale or discussion,tutorial_training_recruitment,"Tutorial, guide, or training content",4,25,2,61,0.129032,2.114943
full_screened,All combined records evaluated by the deterministic screen,7. Meta Banklogs,92,cashout_laundering_service,Cash-out or laundering service,crypto_payment_or_conversion,Cryptocurrency payment or conversion reference,1,3,5,83,0.111111,3.833333
full_screened,All combined records evaluated by the deterministic screen,7. Meta Banklogs,92,cashout_laundering_service,Cash-out or laundering service,email_access_takeover,Email-access-enabled account takeover,2,2,19,69,0.086957,2.190476
full_screened,All combined records evaluated by the deterministic screen,7. Meta Banklogs,92,cashout_laundering_service,Cash-out or laundering service,escrow_trust_reputation,"Escrow, trust, reputation, or scam-risk discourse",0,4,1,87,0.0,0.0
full_screened,All combined records evaluated by the deterministic screen,7. Meta Banklogs,92,cashout_laundering_service,Cash-out or laundering service,fullz_identity_package,Fullz or identity package,2,2,10,78,0.142857,3.833333
full_screened,All combined records evaluated by the deterministic screen,7. Meta Banklogs,92,cashout_laundering_service,Cash-out or laundering service,jurisdiction_localisation,Jurisdiction-specific bank or account reference,4,0,32,56,0.111111,2.555556
full_screened,All combined records evaluated by the deterministic screen,7. Meta Banklogs,92,cashout_laundering_service,Cash-out or laundering service,mule_recruitment,Mule recruitment or account-holder solicitation,0,4,0,88,0.0,0.0
full_screened,All combined records evaluated by the deterministic screen,7. Meta Banklogs,92,cashout_laundering_service,Cash-out or laundering service,telegram_off_platform,Telegram or private-channel coordination reference,0,4,2,86,0.0,0.0
full_screened,All combined records evaluated by the deterministic screen,7. Meta Banklogs,92,cashout_laundering_service,Cash-out or laundering service,tutorial_training_recruitment,"Tutorial, guide, or training content",3,1,3,85,0.428571,11.5
full_screened,All combined records evaluated by the deterministic screen,7. Meta Banklogs,92,crypto_payment_or_conversion,Cryptocurrency payment or conversion reference,email_access_takeover,Email-access-enabled account takeover,2,4,19,67,0.08,1.460317
full_screened,All combined records evaluated by the deterministic screen,7. Meta Banklogs,92,crypto_payment_or_conversion,Cryptocurrency payment or conversion reference,escrow_trust_reputation,"Escrow, trust, reputation, or scam-risk discourse",1,5,0,86,0.166667,15.333333
full_screened,All combined records evaluated by the deterministic screen,7. Meta Banklogs,92,crypto_payment_or_conversion,Cryptocurrency payment or conversion reference,fullz_identity_package,Fullz or identity package,2,4,10,76,0.125,2.555556
full_screened,All combined records evaluated by the deterministic screen,7. Meta Banklogs,92,crypto_payment_or_conversion,Cryptocurrency payment or conversion reference,jurisdiction_localisation,Jurisdiction-specific bank or account reference,5,1,31,55,0.135135,2.12963
full_screened,All combined records evaluated by the deterministic screen,7. Meta Banklogs,92,crypto_payment_or_conversion,Cryptocurrency payment or conversion reference,mule_recruitment,Mule recruitment or account-holder solicitation,0,6,0,86,0.0,0.0
full_screened,All combined records evaluated by the deterministic screen,7. Meta Banklogs,92,crypto_payment_or_conversion,Cryptocurrency payment or conversion reference,telegram_off_platform,Telegram or private-channel coordination reference,0,6,2,84,0.0,0.0
full_screened,All combined records evaluated by the deterministic screen,7. Meta Banklogs,92,crypto_payment_or_conversion,Cryptocurrency payment or conversion reference,tutorial_training_recruitment,"Tutorial, guide, or training content",1,5,5,81,0.090909,2.555556
full_screened,All combined records evaluated by the deterministic screen,7. Meta Banklogs,92,email_access_takeover,Email-access-enabled account takeover,escrow_trust_reputation,"Escrow, trust, reputation, or scam-risk discourse",0,21,1,70,0.0,0.0
full_screened,All combined records evaluated by the deterministic screen,7. Meta Banklogs,92,email_access_takeover,Email-access-enabled account takeover,fullz_identity_package,Fullz or identity package,4,17,8,63,0.137931,1.460317
full_screened,All combined records evaluated by the deterministic screen,7. Meta Banklogs,92,email_access_takeover,Email-access-enabled account takeover,jurisdiction_localisation,Jurisdiction-specific bank or account reference,21,0,15,56,0.583333,2.555556
full_screened,All combined records evaluated by the deterministic screen,7. Meta Banklogs,92,email_access_takeover,Email-access-enabled account takeover,mule_recruitment,Mule recruitment or account-holder solicitation,0,21,0,71,0.0,0.0
full_screened,All combined records evaluated by the deterministic screen,7. Meta Banklogs,92,email_access_takeover,Email-access-enabled account takeover,telegram_off_platform,Telegram or private-channel coordination reference,1,20,1,70,0.045455,2.190476
full_screened,All combined records evaluated by the deterministic screen,7. Meta Banklogs,92,email_access_takeover,Email-access-enabled account takeover,tutorial_training_recruitment,"Tutorial, guide, or training content",4,17,2,69,0.173913,2.920635
full_screened,All combined records evaluated by the deterministic screen,7. Meta Banklogs,92,escrow_trust_reputation,"Escrow, trust, reputation, or scam-risk discourse",fullz_identity_package,Fullz or identity package,0,1,12,79,0.0,0.0
full_screened,All combined records evaluated by the deterministic screen,7. Meta Banklogs,92,escrow_trust_reputation,"Escrow, trust, reputation, or scam-risk discourse",jurisdiction_localisation,Jurisdiction-specific bank or account reference,0,1,36,55,0.0,0.0
full_screened,All combined records evaluated by the deterministic screen,7. Meta Banklogs,92,escrow_trust_reputation,"Escrow, trust, reputation, or scam-risk discourse",mule_recruitment,Mule recruitment or account-holder solicitation,0,1,0,91,0.0,0.0
full_screened,All combined records evaluated by the deterministic screen,7. Meta Banklogs,92,escrow_trust_reputation,"Escrow, trust, reputation, or scam-risk discourse",telegram_off_platform,Telegram or private-channel coordination reference,0,1,2,89,0.0,0.0
full_screened,All combined records evaluated by the deterministic screen,7. Meta Banklogs,92,escrow_trust_reputation,"Escrow, trust, reputation, or scam-risk discourse",tutorial_training_recruitment,"Tutorial, guide, or training content",0,1,6,85,0.0,0.0
full_screened,All combined records evaluated by the deterministic screen,7. Meta Banklogs,92,fullz_identity_package,Fullz or identity package,jurisdiction_localisation,Jurisdiction-specific bank or account reference,12,0,24,56,0.333333,2.555556
full_screened,All combined records evaluated by the deterministic screen,7. Meta Banklogs,92,fullz_identity_package,Fullz or identity package,mule_recruitment,Mule recruitment or account-holder solicitation,0,12,0,80,0.0,0.0
full_screened,All combined records evaluated by the deterministic screen,7. Meta Banklogs,92,fullz_identity_package,Fullz or identity package,telegram_off_platform,Telegram or private-channel coordination reference,1,11,1,79,0.076923,3.833333
full_screened,All combined records evaluated by the deterministic screen,7. Meta Banklogs,92,fullz_identity_package,Fullz or identity package,tutorial_training_recruitment,"Tutorial, guide, or training content",3,9,3,77,0.2,3.833333
full_screened,All combined records evaluated by the deterministic screen,7. Meta Banklogs,92,jurisdiction_localisation,Jurisdiction-specific bank or account reference,mule_recruitment,Mule recruitment or account-holder solicitation,0,36,0,56,0.0,0.0
full_screened,All combined records evaluated by the deterministic screen,7. Meta Banklogs,92,jurisdiction_localisation,Jurisdiction-specific bank or account reference,telegram_off_platform,Telegram or private-channel coordination reference,2,34,0,56,0.055556,2.555556
full_screened,All combined records evaluated by the deterministic screen,7. Meta Banklogs,92,jurisdiction_localisation,Jurisdiction-specific bank or account reference,tutorial_training_recruitment,"Tutorial, guide, or training content",6,30,0,56,0.166667,2.555556
full_screened,All combined records evaluated by the deterministic screen,7. Meta Banklogs,92,mule_recruitment,Mule recruitment or account-holder solicitation,telegram_off_platform,Telegram or private-channel coordination reference,0,0,2,90,0.0,0.0
full_screened,All combined records evaluated by the deterministic screen,7. Meta Banklogs,92,mule_recruitment,Mule recruitment or account-holder solicitation,tutorial_training_recruitment,"Tutorial, guide, or training content",0,0,6,86,0.0,0.0
full_screened,All combined records evaluated by the deterministic screen,7. Meta Banklogs,92,telegram_off_platform,Telegram or private-channel coordination reference,tutorial_training_recruitment,"Tutorial, guide, or training content",0,2,6,84,0.0,0.0
full_screened,All combined records evaluated by the deterministic screen,8. Secure ccSeller,94,bank_drop_sale,Bank drop sale or bank-drop infrastructure,bank_log_sale,Compromised bank log sale or discussion,1,0,3,90,0.25,23.5
full_screened,All combined records evaluated by the deterministic screen,8. Secure ccSeller,94,bank_drop_sale,Bank drop sale or bank-drop infrastructure,cashout_laundering_service,Cash-out or laundering service,0,1,0,93,0.0,0.0
full_screened,All combined records evaluated by the deterministic screen,8. Secure ccSeller,94,bank_drop_sale,Bank drop sale or bank-drop infrastructure,crypto_payment_or_conversion,Cryptocurrency payment or conversion reference,0,1,1,92,0.0,0.0
full_screened,All combined records evaluated by the deterministic screen,8. Secure ccSeller,94,bank_drop_sale,Bank drop sale or bank-drop infrastructure,email_access_takeover,Email-access-enabled account takeover,1,0,3,90,0.25,23.5
full_screened,All combined records evaluated by the deterministic screen,8. Secure ccSeller,94,bank_drop_sale,Bank drop sale or bank-drop infrastructure,escrow_trust_reputation,"Escrow, trust, reputation, or scam-risk discourse",0,1,1,92,0.0,0.0
full_screened,All combined records evaluated by the deterministic screen,8. Secure ccSeller,94,bank_drop_sale,Bank drop sale or bank-drop infrastructure,fullz_identity_package,Fullz or identity package,1,0,5,88,0.166667,15.666667
full_screened,All combined records evaluated by the deterministic screen,8. Secure ccSeller,94,bank_drop_sale,Bank drop sale or bank-drop infrastructure,jurisdiction_localisation,Jurisdiction-specific bank or account reference,1,0,4,89,0.2,18.8
full_screened,All combined records evaluated by the deterministic screen,8. Secure ccSeller,94,bank_drop_sale,Bank drop sale or bank-drop infrastructure,mule_recruitment,Mule recruitment or account-holder solicitation,0,1,0,93,0.0,0.0
full_screened,All combined records evaluated by the deterministic screen,8. Secure ccSeller,94,bank_drop_sale,Bank drop sale or bank-drop infrastructure,telegram_off_platform,Telegram or private-channel coordination reference,0,1,0,93,0.0,0.0
full_screened,All combined records evaluated by the deterministic screen,8. Secure ccSeller,94,bank_drop_sale,Bank drop sale or bank-drop infrastructure,tutorial_training_recruitment,"Tutorial, guide, or training content",1,0,3,90,0.25,23.5
full_screened,All combined records evaluated by the deterministic screen,8. Secure ccSeller,94,bank_log_sale,Compromised bank log sale or discussion,cashout_laundering_service,Cash-out or laundering service,0,4,0,90,0.0,0.0
full_screened,All combined records evaluated by the deterministic screen,8. Secure ccSeller,94,bank_log_sale,Compromised bank log sale or discussion,crypto_payment_or_conversion,Cryptocurrency payment or conversion reference,0,4,1,89,0.0,0.0
full_screened,All combined records evaluated by the deterministic screen,8. Secure ccSeller,94,bank_log_sale,Compromised bank log sale or discussion,email_access_takeover,Email-access-enabled account takeover,2,2,2,88,0.333333,11.75
full_screened,All combined records evaluated by the deterministic screen,8. Secure ccSeller,94,bank_log_sale,Compromised bank log sale or discussion,escrow_trust_reputation,"Escrow, trust, reputation, or scam-risk discourse",0,4,1,89,0.0,0.0
full_screened,All combined records evaluated by the deterministic screen,8. Secure ccSeller,94,bank_log_sale,Compromised bank log sale or discussion,fullz_identity_package,Fullz or identity package,3,1,3,87,0.428571,11.75
full_screened,All combined records evaluated by the deterministic screen,8. Secure ccSeller,94,bank_log_sale,Compromised bank log sale or discussion,jurisdiction_localisation,Jurisdiction-specific bank or account reference,3,1,2,88,0.5,14.1
full_screened,All combined records evaluated by the deterministic screen,8. Secure ccSeller,94,bank_log_sale,Compromised bank log sale or discussion,mule_recruitment,Mule recruitment or account-holder solicitation,0,4,0,90,0.0,0.0
full_screened,All combined records evaluated by the deterministic screen,8. Secure ccSeller,94,bank_log_sale,Compromised bank log sale or discussion,telegram_off_platform,Telegram or private-channel coordination reference,0,4,0,90,0.0,0.0
full_screened,All combined records evaluated by the deterministic screen,8. Secure ccSeller,94,bank_log_sale,Compromised bank log sale or discussion,tutorial_training_recruitment,"Tutorial, guide, or training content",2,2,2,88,0.333333,11.75
full_screened,All combined records evaluated by the deterministic screen,8. Secure ccSeller,94,cashout_laundering_service,Cash-out or laundering service,crypto_payment_or_conversion,Cryptocurrency payment or conversion reference,0,0,1,93,0.0,0.0
full_screened,All combined records evaluated by the deterministic screen,8. Secure ccSeller,94,cashout_laundering_service,Cash-out or laundering service,email_access_takeover,Email-access-enabled account takeover,0,0,4,90,0.0,0.0
full_screened,All combined records evaluated by the deterministic screen,8. Secure ccSeller,94,cashout_laundering_service,Cash-out or laundering service,escrow_trust_reputation,"Escrow, trust, reputation, or scam-risk discourse",0,0,1,93,0.0,0.0
full_screened,All combined records evaluated by the deterministic screen,8. Secure ccSeller,94,cashout_laundering_service,Cash-out or laundering service,fullz_identity_package,Fullz or identity package,0,0,6,88,0.0,0.0
full_screened,All combined records evaluated by the deterministic screen,8. Secure ccSeller,94,cashout_laundering_service,Cash-out or laundering service,jurisdiction_localisation,Jurisdiction-specific bank or account reference,0,0,5,89,0.0,0.0
full_screened,All combined records evaluated by the deterministic screen,8. Secure ccSeller,94,cashout_laundering_service,Cash-out or laundering service,mule_recruitment,Mule recruitment or account-holder solicitation,0,0,0,94,0.0,0.0
full_screened,All combined records evaluated by the deterministic screen,8. Secure ccSeller,94,cashout_laundering_service,Cash-out or laundering service,telegram_off_platform,Telegram or private-channel coordination reference,0,0,0,94,0.0,0.0
full_screened,All combined records evaluated by the deterministic screen,8. Secure ccSeller,94,cashout_laundering_service,Cash-out or laundering service,tutorial_training_recruitment,"Tutorial, guide, or training content",0,0,4,90,0.0,0.0
full_screened,All combined records evaluated by the deterministic screen,8. Secure ccSeller,94,crypto_payment_or_conversion,Cryptocurrency payment or conversion reference,email_access_takeover,Email-access-enabled account takeover,0,1,4,89,0.0,0.0
full_screened,All combined records evaluated by the deterministic screen,8. Secure ccSeller,94,crypto_payment_or_conversion,Cryptocurrency payment or conversion reference,escrow_trust_reputation,"Escrow, trust, reputation, or scam-risk discourse",1,0,0,93,1.0,94.0
full_screened,All combined records evaluated by the deterministic screen,8. Secure ccSeller,94,crypto_payment_or_conversion,Cryptocurrency payment or conversion reference,fullz_identity_package,Fullz or identity package,1,0,5,88,0.166667,15.666667
full_screened,All combined records evaluated by the deterministic screen,8. Secure ccSeller,94,crypto_payment_or_conversion,Cryptocurrency payment or conversion reference,jurisdiction_localisation,Jurisdiction-specific bank or account reference,0,1,5,88,0.0,0.0
full_screened,All combined records evaluated by the deterministic screen,8. Secure ccSeller,94,crypto_payment_or_conversion,Cryptocurrency payment or conversion reference,mule_recruitment,Mule recruitment or account-holder solicitation,0,1,0,93,0.0,0.0
full_screened,All combined records evaluated by the deterministic screen,8. Secure ccSeller,94,crypto_payment_or_conversion,Cryptocurrency payment or conversion reference,telegram_off_platform,Telegram or private-channel coordination reference,0,1,0,93,0.0,0.0
full_screened,All combined records evaluated by the deterministic screen,8. Secure ccSeller,94,crypto_payment_or_conversion,Cryptocurrency payment or conversion reference,tutorial_training_recruitment,"Tutorial, guide, or training content",0,1,4,89,0.0,0.0
full_screened,All combined records evaluated by the deterministic screen,8. Secure ccSeller,94,email_access_takeover,Email-access-enabled account takeover,escrow_trust_reputation,"Escrow, trust, reputation, or scam-risk discourse",0,4,1,89,0.0,0.0
full_screened,All combined records evaluated by the deterministic screen,8. Secure ccSeller,94,email_access_takeover,Email-access-enabled account takeover,fullz_identity_package,Fullz or identity package,3,1,3,87,0.428571,11.75
full_screened,All combined records evaluated by the deterministic screen,8. Secure ccSeller,94,email_access_takeover,Email-access-enabled account takeover,jurisdiction_localisation,Jurisdiction-specific bank or account reference,4,0,1,89,0.8,18.8
full_screened,All combined records evaluated by the deterministic screen,8. Secure ccSeller,94,email_access_takeover,Email-access-enabled account takeover,mule_recruitment,Mule recruitment or account-holder solicitation,0,4,0,90,0.0,0.0
full_screened,All combined records evaluated by the deterministic screen,8. Secure ccSeller,94,email_access_takeover,Email-access-enabled account takeover,telegram_off_platform,Telegram or private-channel coordination reference,0,4,0,90,0.0,0.0
full_screened,All combined records evaluated by the deterministic screen,8. Secure ccSeller,94,email_access_takeover,Email-access-enabled account takeover,tutorial_training_recruitment,"Tutorial, guide, or training content",1,3,3,87,0.142857,5.875
full_screened,All combined records evaluated by the deterministic screen,8. Secure ccSeller,94,escrow_trust_reputation,"Escrow, trust, reputation, or scam-risk discourse",fullz_identity_package,Fullz or identity package,1,0,5,88,0.166667,15.666667
full_screened,All combined records evaluated by the deterministic screen,8. Secure ccSeller,94,escrow_trust_reputation,"Escrow, trust, reputation, or scam-risk discourse",jurisdiction_localisation,Jurisdiction-specific bank or account reference,0,1,5,88,0.0,0.0
full_screened,All combined records evaluated by the deterministic screen,8. Secure ccSeller,94,escrow_trust_reputation,"Escrow, trust, reputation, or scam-risk discourse",mule_recruitment,Mule recruitment or account-holder solicitation,0,1,0,93,0.0,0.0
full_screened,All combined records evaluated by the deterministic screen,8. Secure ccSeller,94,escrow_trust_reputation,"Escrow, trust, reputation, or scam-risk discourse",telegram_off_platform,Telegram or private-channel coordination reference,0,1,0,93,0.0,0.0
full_screened,All combined records evaluated by the deterministic screen,8. Secure ccSeller,94,escrow_trust_reputation,"Escrow, trust, reputation, or scam-risk discourse",tutorial_training_recruitment,"Tutorial, guide, or training content",0,1,4,89,0.0,0.0
full_screened,All combined records evaluated by the deterministic screen,8. Secure ccSeller,94,fullz_identity_package,Fullz or identity package,jurisdiction_localisation,Jurisdiction-specific bank or account reference,4,2,1,87,0.571429,12.533333
full_screened,All combined records evaluated by the deterministic screen,8. Secure ccSeller,94,fullz_identity_package,Fullz or identity package,mule_recruitment,Mule recruitment or account-holder solicitation,0,6,0,88,0.0,0.0
full_screened,All combined records evaluated by the deterministic screen,8. Secure ccSeller,94,fullz_identity_package,Fullz or identity package,telegram_off_platform,Telegram or private-channel coordination reference,0,6,0,88,0.0,0.0
full_screened,All combined records evaluated by the deterministic screen,8. Secure ccSeller,94,fullz_identity_package,Fullz or identity package,tutorial_training_recruitment,"Tutorial, guide, or training content",1,5,3,85,0.111111,3.916667
full_screened,All combined records evaluated by the deterministic screen,8. Secure ccSeller,94,jurisdiction_localisation,Jurisdiction-specific bank or account reference,mule_recruitment,Mule recruitment or account-holder solicitation,0,5,0,89,0.0,0.0
full_screened,All combined records evaluated by the deterministic screen,8. Secure ccSeller,94,jurisdiction_localisation,Jurisdiction-specific bank or account reference,telegram_off_platform,Telegram or private-channel coordination reference,0,5,0,89,0.0,0.0
full_screened,All combined records evaluated by the deterministic screen,8. Secure ccSeller,94,jurisdiction_localisation,Jurisdiction-specific bank or account reference,tutorial_training_recruitment,"Tutorial, guide, or training content",1,4,3,86,0.125,4.7
full_screened,All combined records evaluated by the deterministic screen,8. Secure ccSeller,94,mule_recruitment,Mule recruitment or account-holder solicitation,telegram_off_platform,Telegram or private-channel coordination reference,0,0,0,94,0.0,0.0
full_screened,All combined records evaluated by the deterministic screen,8. Secure ccSeller,94,mule_recruitment,Mule recruitment or account-holder solicitation,tutorial_training_recruitment,"Tutorial, guide, or training content",0,0,4,90,0.0,0.0
full_screened,All combined records evaluated by the deterministic screen,8. Secure ccSeller,94,telegram_off_platform,Telegram or private-channel coordination reference,tutorial_training_recruitment,"Tutorial, guide, or training content",0,0,4,90,0.0,0.0
full_screened,All combined records evaluated by the deterministic screen,9. Deep Shop,47,bank_drop_sale,Bank drop sale or bank-drop infrastructure,bank_log_sale,Compromised bank log sale or discussion,0,0,15,32,0.0,0.0
full_screened,All combined records evaluated by the deterministic screen,9. Deep Shop,47,bank_drop_sale,Bank drop sale or bank-drop infrastructure,cashout_laundering_service,Cash-out or laundering service,0,0,4,43,0.0,0.0
full_screened,All combined records evaluated by the deterministic screen,9. Deep Shop,47,bank_drop_sale,Bank drop sale or bank-drop infrastructure,crypto_payment_or_conversion,Cryptocurrency payment or conversion reference,0,0,10,37,0.0,0.0
full_screened,All combined records evaluated by the deterministic screen,9. Deep Shop,47,bank_drop_sale,Bank drop sale or bank-drop infrastructure,email_access_takeover,Email-access-enabled account takeover,0,0,2,45,0.0,0.0
full_screened,All combined records evaluated by the deterministic screen,9. Deep Shop,47,bank_drop_sale,Bank drop sale or bank-drop infrastructure,escrow_trust_reputation,"Escrow, trust, reputation, or scam-risk discourse",0,0,7,40,0.0,0.0
full_screened,All combined records evaluated by the deterministic screen,9. Deep Shop,47,bank_drop_sale,Bank drop sale or bank-drop infrastructure,fullz_identity_package,Fullz or identity package,0,0,1,46,0.0,0.0
full_screened,All combined records evaluated by the deterministic screen,9. Deep Shop,47,bank_drop_sale,Bank drop sale or bank-drop infrastructure,jurisdiction_localisation,Jurisdiction-specific bank or account reference,0,0,0,47,0.0,0.0
full_screened,All combined records evaluated by the deterministic screen,9. Deep Shop,47,bank_drop_sale,Bank drop sale or bank-drop infrastructure,mule_recruitment,Mule recruitment or account-holder solicitation,0,0,0,47,0.0,0.0
full_screened,All combined records evaluated by the deterministic screen,9. Deep Shop,47,bank_drop_sale,Bank drop sale or bank-drop infrastructure,telegram_off_platform,Telegram or private-channel coordination reference,0,0,2,45,0.0,0.0
full_screened,All combined records evaluated by the deterministic screen,9. Deep Shop,47,bank_drop_sale,Bank drop sale or bank-drop infrastructure,tutorial_training_recruitment,"Tutorial, guide, or training content",0,0,4,43,0.0,0.0
full_screened,All combined records evaluated by the deterministic screen,9. Deep Shop,47,bank_log_sale,Compromised bank log sale or discussion,cashout_laundering_service,Cash-out or laundering service,3,12,1,31,0.1875,2.35
full_screened,All combined records evaluated by the deterministic screen,9. Deep Shop,47,bank_log_sale,Compromised bank log sale or discussion,crypto_payment_or_conversion,Cryptocurrency payment or conversion reference,10,5,0,32,0.666667,3.133333
full_screened,All combined records evaluated by the deterministic screen,9. Deep Shop,47,bank_log_sale,Compromised bank log sale or discussion,email_access_takeover,Email-access-enabled account takeover,2,13,0,32,0.133333,3.133333
full_screened,All combined records evaluated by the deterministic screen,9. Deep Shop,47,bank_log_sale,Compromised bank log sale or discussion,escrow_trust_reputation,"Escrow, trust, reputation, or scam-risk discourse",7,8,0,32,0.466667,3.133333
full_screened,All combined records evaluated by the deterministic screen,9. Deep Shop,47,bank_log_sale,Compromised bank log sale or discussion,fullz_identity_package,Fullz or identity package,1,14,0,32,0.066667,3.133333
full_screened,All combined records evaluated by the deterministic screen,9. Deep Shop,47,bank_log_sale,Compromised bank log sale or discussion,jurisdiction_localisation,Jurisdiction-specific bank or account reference,0,15,0,32,0.0,0.0
full_screened,All combined records evaluated by the deterministic screen,9. Deep Shop,47,bank_log_sale,Compromised bank log sale or discussion,mule_recruitment,Mule recruitment or account-holder solicitation,0,15,0,32,0.0,0.0
full_screened,All combined records evaluated by the deterministic screen,9. Deep Shop,47,bank_log_sale,Compromised bank log sale or discussion,telegram_off_platform,Telegram or private-channel coordination reference,2,13,0,32,0.133333,3.133333
full_screened,All combined records evaluated by the deterministic screen,9. Deep Shop,47,bank_log_sale,Compromised bank log sale or discussion,tutorial_training_recruitment,"Tutorial, guide, or training content",4,11,0,32,0.266667,3.133333
full_screened,All combined records evaluated by the deterministic screen,9. Deep Shop,47,cashout_laundering_service,Cash-out or laundering service,crypto_payment_or_conversion,Cryptocurrency payment or conversion reference,2,2,8,35,0.166667,2.35
full_screened,All combined records evaluated by the deterministic screen,9. Deep Shop,47,cashout_laundering_service,Cash-out or laundering service,email_access_takeover,Email-access-enabled account takeover,0,4,2,41,0.0,0.0
full_screened,All combined records evaluated by the deterministic screen,9. Deep Shop,47,cashout_laundering_service,Cash-out or laundering service,escrow_trust_reputation,"Escrow, trust, reputation, or scam-risk discourse",0,4,7,36,0.0,0.0
full_screened,All combined records evaluated by the deterministic screen,9. Deep Shop,47,cashout_laundering_service,Cash-out or laundering service,fullz_identity_package,Fullz or identity package,0,4,1,42,0.0,0.0
full_screened,All combined records evaluated by the deterministic screen,9. Deep Shop,47,cashout_laundering_service,Cash-out or laundering service,jurisdiction_localisation,Jurisdiction-specific bank or account reference,0,4,0,43,0.0,0.0
full_screened,All combined records evaluated by the deterministic screen,9. Deep Shop,47,cashout_laundering_service,Cash-out or laundering service,mule_recruitment,Mule recruitment or account-holder solicitation,0,4,0,43,0.0,0.0
full_screened,All combined records evaluated by the deterministic screen,9. Deep Shop,47,cashout_laundering_service,Cash-out or laundering service,telegram_off_platform,Telegram or private-channel coordination reference,0,4,2,41,0.0,0.0
full_screened,All combined records evaluated by the deterministic screen,9. Deep Shop,47,cashout_laundering_service,Cash-out or laundering service,tutorial_training_recruitment,"Tutorial, guide, or training content",2,2,2,41,0.333333,5.875
full_screened,All combined records evaluated by the deterministic screen,9. Deep Shop,47,crypto_payment_or_conversion,Cryptocurrency payment or conversion reference,email_access_takeover,Email-access-enabled account takeover,1,9,1,36,0.090909,2.35
full_screened,All combined records evaluated by the deterministic screen,9. Deep Shop,47,crypto_payment_or_conversion,Cryptocurrency payment or conversion reference,escrow_trust_reputation,"Escrow, trust, reputation, or scam-risk discourse",7,3,0,37,0.7,4.7
full_screened,All combined records evaluated by the deterministic screen,9. Deep Shop,47,crypto_payment_or_conversion,Cryptocurrency payment or conversion reference,fullz_identity_package,Fullz or identity package,0,10,1,36,0.0,0.0
full_screened,All combined records evaluated by the deterministic screen,9. Deep Shop,47,crypto_payment_or_conversion,Cryptocurrency payment or conversion reference,jurisdiction_localisation,Jurisdiction-specific bank or account reference,0,10,0,37,0.0,0.0
full_screened,All combined records evaluated by the deterministic screen,9. Deep Shop,47,crypto_payment_or_conversion,Cryptocurrency payment or conversion reference,mule_recruitment,Mule recruitment or account-holder solicitation,0,10,0,37,0.0,0.0
full_screened,All combined records evaluated by the deterministic screen,9. Deep Shop,47,crypto_payment_or_conversion,Cryptocurrency payment or conversion reference,telegram_off_platform,Telegram or private-channel coordination reference,1,9,1,36,0.090909,2.35
full_screened,All combined records evaluated by the deterministic screen,9. Deep Shop,47,crypto_payment_or_conversion,Cryptocurrency payment or conversion reference,tutorial_training_recruitment,"Tutorial, guide, or training content",3,7,1,36,0.272727,3.525
full_screened,All combined records evaluated by the deterministic screen,9. Deep Shop,47,email_access_takeover,Email-access-enabled account takeover,escrow_trust_reputation,"Escrow, trust, reputation, or scam-risk discourse",0,2,7,38,0.0,0.0
full_screened,All combined records evaluated by the deterministic screen,9. Deep Shop,47,email_access_takeover,Email-access-enabled account takeover,fullz_identity_package,Fullz or identity package,0,2,1,44,0.0,0.0
full_screened,All combined records evaluated by the deterministic screen,9. Deep Shop,47,email_access_takeover,Email-access-enabled account takeover,jurisdiction_localisation,Jurisdiction-specific bank or account reference,0,2,0,45,0.0,0.0
full_screened,All combined records evaluated by the deterministic screen,9. Deep Shop,47,email_access_takeover,Email-access-enabled account takeover,mule_recruitment,Mule recruitment or account-holder solicitation,0,2,0,45,0.0,0.0
full_screened,All combined records evaluated by the deterministic screen,9. Deep Shop,47,email_access_takeover,Email-access-enabled account takeover,telegram_off_platform,Telegram or private-channel coordination reference,2,0,0,45,1.0,23.5
full_screened,All combined records evaluated by the deterministic screen,9. Deep Shop,47,email_access_takeover,Email-access-enabled account takeover,tutorial_training_recruitment,"Tutorial, guide, or training content",2,0,2,43,0.5,11.75
full_screened,All combined records evaluated by the deterministic screen,9. Deep Shop,47,escrow_trust_reputation,"Escrow, trust, reputation, or scam-risk discourse",fullz_identity_package,Fullz or identity package,0,7,1,39,0.0,0.0
full_screened,All combined records evaluated by the deterministic screen,9. Deep Shop,47,escrow_trust_reputation,"Escrow, trust, reputation, or scam-risk discourse",jurisdiction_localisation,Jurisdiction-specific bank or account reference,0,7,0,40,0.0,0.0
full_screened,All combined records evaluated by the deterministic screen,9. Deep Shop,47,escrow_trust_reputation,"Escrow, trust, reputation, or scam-risk discourse",mule_recruitment,Mule recruitment or account-holder solicitation,0,7,0,40,0.0,0.0
full_screened,All combined records evaluated by the deterministic screen,9. Deep Shop,47,escrow_trust_reputation,"Escrow, trust, reputation, or scam-risk discourse",telegram_off_platform,Telegram or private-channel coordination reference,0,7,2,38,0.0,0.0
full_screened,All combined records evaluated by the deterministic screen,9. Deep Shop,47,escrow_trust_reputation,"Escrow, trust, reputation, or scam-risk discourse",tutorial_training_recruitment,"Tutorial, guide, or training content",0,7,4,36,0.0,0.0
full_screened,All combined records evaluated by the deterministic screen,9. Deep Shop,47,fullz_identity_package,Fullz or identity package,jurisdiction_localisation,Jurisdiction-specific bank or account reference,0,1,0,46,0.0,0.0
full_screened,All combined records evaluated by the deterministic screen,9. Deep Shop,47,fullz_identity_package,Fullz or identity package,mule_recruitment,Mule recruitment or account-holder solicitation,0,1,0,46,0.0,0.0
full_screened,All combined records evaluated by the deterministic screen,9. Deep Shop,47,fullz_identity_package,Fullz or identity package,telegram_off_platform,Telegram or private-channel coordination reference,0,1,2,44,0.0,0.0
full_screened,All combined records evaluated by the deterministic screen,9. Deep Shop,47,fullz_identity_package,Fullz or identity package,tutorial_training_recruitment,"Tutorial, guide, or training content",0,1,4,42,0.0,0.0
full_screened,All combined records evaluated by the deterministic screen,9. Deep Shop,47,jurisdiction_localisation,Jurisdiction-specific bank or account reference,mule_recruitment,Mule recruitment or account-holder solicitation,0,0,0,47,0.0,0.0
full_screened,All combined records evaluated by the deterministic screen,9. Deep Shop,47,jurisdiction_localisation,Jurisdiction-specific bank or account reference,telegram_off_platform,Telegram or private-channel coordination reference,0,0,2,45,0.0,0.0
full_screened,All combined records evaluated by the deterministic screen,9. Deep Shop,47,jurisdiction_localisation,Jurisdiction-specific bank or account reference,tutorial_training_recruitment,"Tutorial, guide, or training content",0,0,4,43,0.0,0.0
full_screened,All combined records evaluated by the deterministic screen,9. Deep Shop,47,mule_recruitment,Mule recruitment or account-holder solicitation,telegram_off_platform,Telegram or private-channel coordination reference,0,0,2,45,0.0,0.0
full_screened,All combined records evaluated by the deterministic screen,9. Deep Shop,47,mule_recruitment,Mule recruitment or account-holder solicitation,tutorial_training_recruitment,"Tutorial, guide, or training content",0,0,4,43,0.0,0.0
full_screened,All combined records evaluated by the deterministic screen,9. Deep Shop,47,telegram_off_platform,Telegram or private-channel coordination reference,tutorial_training_recruitment,"Tutorial, guide, or training content",2,0,2,43,0.5,11.75
exact_text_unique_sensitivity,One deterministic representative per combined-text SHA-256 value; sensitivity population only,1. Dread,48,bank_drop_sale,Bank drop sale or bank-drop infrastructure,bank_log_sale,Compromised bank log sale or discussion,11,8,4,25,0.478261,1.852632
exact_text_unique_sensitivity,One deterministic representative per combined-text SHA-256 value; sensitivity population only,1. Dread,48,bank_drop_sale,Bank drop sale or bank-drop infrastructure,cashout_laundering_service,Cash-out or laundering service,4,15,6,23,0.16,1.010526
exact_text_unique_sensitivity,One deterministic representative per combined-text SHA-256 value; sensitivity population only,1. Dread,48,bank_drop_sale,Bank drop sale or bank-drop infrastructure,crypto_payment_or_conversion,Cryptocurrency payment or conversion reference,6,13,4,25,0.26087,1.515789
exact_text_unique_sensitivity,One deterministic representative per combined-text SHA-256 value; sensitivity population only,1. Dread,48,bank_drop_sale,Bank drop sale or bank-drop infrastructure,email_access_takeover,Email-access-enabled account takeover,3,16,0,29,0.157895,2.526316
exact_text_unique_sensitivity,One deterministic representative per combined-text SHA-256 value; sensitivity population only,1. Dread,48,bank_drop_sale,Bank drop sale or bank-drop infrastructure,escrow_trust_reputation,"Escrow, trust, reputation, or scam-risk discourse",8,11,14,15,0.242424,0.91866
exact_text_unique_sensitivity,One deterministic representative per combined-text SHA-256 value; sensitivity population only,1. Dread,48,bank_drop_sale,Bank drop sale or bank-drop infrastructure,fullz_identity_package,Fullz or identity package,3,16,8,21,0.111111,0.688995
exact_text_unique_sensitivity,One deterministic representative per combined-text SHA-256 value; sensitivity population only,1. Dread,48,bank_drop_sale,Bank drop sale or bank-drop infrastructure,jurisdiction_localisation,Jurisdiction-specific bank or account reference,14,5,3,26,0.636364,2.080495
exact_text_unique_sensitivity,One deterministic representative per combined-text SHA-256 value; sensitivity population only,1. Dread,48,bank_drop_sale,Bank drop sale or bank-drop infrastructure,mule_recruitment,Mule recruitment or account-holder solicitation,1,18,1,28,0.05,1.263158
exact_text_unique_sensitivity,One deterministic representative per combined-text SHA-256 value; sensitivity population only,1. Dread,48,bank_drop_sale,Bank drop sale or bank-drop infrastructure,telegram_off_platform,Telegram or private-channel coordination reference,2,17,11,18,0.066667,0.388664
exact_text_unique_sensitivity,One deterministic representative per combined-text SHA-256 value; sensitivity population only,1. Dread,48,bank_drop_sale,Bank drop sale or bank-drop infrastructure,tutorial_training_recruitment,"Tutorial, guide, or training content",8,11,9,20,0.285714,1.188854
exact_text_unique_sensitivity,One deterministic representative per combined-text SHA-256 value; sensitivity population only,1. Dread,48,bank_log_sale,Compromised bank log sale or discussion,cashout_laundering_service,Cash-out or laundering service,8,7,2,31,0.470588,2.56
exact_text_unique_sensitivity,One deterministic representative per combined-text SHA-256 value; sensitivity population only,1. Dread,48,bank_log_sale,Compromised bank log sale or discussion,crypto_payment_or_conversion,Cryptocurrency payment or conversion reference,7,8,3,30,0.388889,2.24
exact_text_unique_sensitivity,One deterministic representative per combined-text SHA-256 value; sensitivity population only,1. Dread,48,bank_log_sale,Compromised bank log sale or discussion,email_access_takeover,Email-access-enabled account takeover,2,13,1,32,0.125,2.133333
exact_text_unique_sensitivity,One deterministic representative per combined-text SHA-256 value; sensitivity population only,1. Dread,48,bank_log_sale,Compromised bank log sale or discussion,escrow_trust_reputation,"Escrow, trust, reputation, or scam-risk discourse",11,4,11,22,0.423077,1.6
exact_text_unique_sensitivity,One deterministic representative per combined-text SHA-256 value; sensitivity population only,1. Dread,48,bank_log_sale,Compromised bank log sale or discussion,fullz_identity_package,Fullz or identity package,3,12,8,25,0.130435,0.872727
exact_text_unique_sensitivity,One deterministic representative per combined-text SHA-256 value; sensitivity population only,1. Dread,48,bank_log_sale,Compromised bank log sale or discussion,jurisdiction_localisation,Jurisdiction-specific bank or account reference,9,6,8,25,0.391304,1.694118
exact_text_unique_sensitivity,One deterministic representative per combined-text SHA-256 value; sensitivity population only,1. Dread,48,bank_log_sale,Compromised bank log sale or discussion,mule_recruitment,Mule recruitment or account-holder solicitation,2,13,0,33,0.133333,3.2
exact_text_unique_sensitivity,One deterministic representative per combined-text SHA-256 value; sensitivity population only,1. Dread,48,bank_log_sale,Compromised bank log sale or discussion,telegram_off_platform,Telegram or private-channel coordination reference,4,11,9,24,0.166667,0.984615
exact_text_unique_sensitivity,One deterministic representative per combined-text SHA-256 value; sensitivity population only,1. Dread,48,bank_log_sale,Compromised bank log sale or discussion,tutorial_training_recruitment,"Tutorial, guide, or training content",8,7,9,24,0.333333,1.505882
exact_text_unique_sensitivity,One deterministic representative per combined-text SHA-256 value; sensitivity population only,1. Dread,48,cashout_laundering_service,Cash-out or laundering service,crypto_payment_or_conversion,Cryptocurrency payment or conversion reference,5,5,5,33,0.333333,2.4
exact_text_unique_sensitivity,One deterministic representative per combined-text SHA-256 value; sensitivity population only,1. Dread,48,cashout_laundering_service,Cash-out or laundering service,email_access_takeover,Email-access-enabled account takeover,2,8,1,37,0.181818,3.2
exact_text_unique_sensitivity,One deterministic representative per combined-text SHA-256 value; sensitivity population only,1. Dread,48,cashout_laundering_service,Cash-out or laundering service,escrow_trust_reputation,"Escrow, trust, reputation, or scam-risk discourse",8,2,14,24,0.333333,1.745455
exact_text_unique_sensitivity,One deterministic representative per combined-text SHA-256 value; sensitivity population only,1. Dread,48,cashout_laundering_service,Cash-out or laundering service,fullz_identity_package,Fullz or identity package,4,6,7,31,0.235294,1.745455
exact_text_unique_sensitivity,One deterministic representative per combined-text SHA-256 value; sensitivity population only,1. Dread,48,cashout_laundering_service,Cash-out or laundering service,jurisdiction_localisation,Jurisdiction-specific bank or account reference,5,5,12,26,0.227273,1.411765
exact_text_unique_sensitivity,One deterministic representative per combined-text SHA-256 value; sensitivity population only,1. Dread,48,cashout_laundering_service,Cash-out or laundering service,mule_recruitment,Mule recruitment or account-holder solicitation,2,8,0,38,0.2,4.8
exact_text_unique_sensitivity,One deterministic representative per combined-text SHA-256 value; sensitivity population only,1. Dread,48,cashout_laundering_service,Cash-out or laundering service,telegram_off_platform,Telegram or private-channel coordination reference,6,4,7,31,0.352941,2.215385
exact_text_unique_sensitivity,One deterministic representative per combined-text SHA-256 value; sensitivity population only,1. Dread,48,cashout_laundering_service,Cash-out or laundering service,tutorial_training_recruitment,"Tutorial, guide, or training content",4,6,13,25,0.173913,1.129412
exact_text_unique_sensitivity,One deterministic representative per combined-text SHA-256 value; sensitivity population only,1. Dread,48,crypto_payment_or_conversion,Cryptocurrency payment or conversion reference,email_access_takeover,Email-access-enabled account takeover,2,8,1,37,0.181818,3.2
exact_text_unique_sensitivity,One deterministic representative per combined-text SHA-256 value; sensitivity population only,1. Dread,48,crypto_payment_or_conversion,Cryptocurrency payment or conversion reference,escrow_trust_reputation,"Escrow, trust, reputation, or scam-risk discourse",9,1,13,25,0.391304,1.963636
exact_text_unique_sensitivity,One deterministic representative per combined-text SHA-256 value; sensitivity population only,1. Dread,48,crypto_payment_or_conversion,Cryptocurrency payment or conversion reference,fullz_identity_package,Fullz or identity package,5,5,6,32,0.3125,2.181818
exact_text_unique_sensitivity,One deterministic representative per combined-text SHA-256 value; sensitivity population only,1. Dread,48,crypto_payment_or_conversion,Cryptocurrency payment or conversion reference,jurisdiction_localisation,Jurisdiction-specific bank or account reference,8,2,9,29,0.421053,2.258824
exact_text_unique_sensitivity,One deterministic representative per combined-text SHA-256 value; sensitivity population only,1. Dread,48,crypto_payment_or_conversion,Cryptocurrency payment or conversion reference,mule_recruitment,Mule recruitment or account-holder solicitation,2,8,0,38,0.2,4.8
exact_text_unique_sensitivity,One deterministic representative per combined-text SHA-256 value; sensitivity population only,1. Dread,48,crypto_payment_or_conversion,Cryptocurrency payment or conversion reference,telegram_off_platform,Telegram or private-channel coordination reference,5,5,8,30,0.277778,1.846154
exact_text_unique_sensitivity,One deterministic representative per combined-text SHA-256 value; sensitivity population only,1. Dread,48,crypto_payment_or_conversion,Cryptocurrency payment or conversion reference,tutorial_training_recruitment,"Tutorial, guide, or training content",5,5,12,26,0.227273,1.411765
exact_text_unique_sensitivity,One deterministic representative per combined-text SHA-256 value; sensitivity population only,1. Dread,48,email_access_takeover,Email-access-enabled account takeover,escrow_trust_reputation,"Escrow, trust, reputation, or scam-risk discourse",1,2,21,24,0.041667,0.727273
exact_text_unique_sensitivity,One deterministic representative per combined-text SHA-256 value; sensitivity population only,1. Dread,48,email_access_takeover,Email-access-enabled account takeover,fullz_identity_package,Fullz or identity package,2,1,9,36,0.166667,2.909091
exact_text_unique_sensitivity,One deterministic representative per combined-text SHA-256 value; sensitivity population only,1. Dread,48,email_access_takeover,Email-access-enabled account takeover,jurisdiction_localisation,Jurisdiction-specific bank or account reference,2,1,15,30,0.111111,1.882353
exact_text_unique_sensitivity,One deterministic representative per combined-text SHA-256 value; sensitivity population only,1. Dread,48,email_access_takeover,Email-access-enabled account takeover,mule_recruitment,Mule recruitment or account-holder solicitation,0,3,2,43,0.0,0.0
exact_text_unique_sensitivity,One deterministic representative per combined-text SHA-256 value; sensitivity population only,1. Dread,48,email_access_takeover,Email-access-enabled account takeover,telegram_off_platform,Telegram or private-channel coordination reference,0,3,13,32,0.0,0.0
exact_text_unique_sensitivity,One deterministic representative per combined-text SHA-256 value; sensitivity population only,1. Dread,48,email_access_takeover,Email-access-enabled account takeover,tutorial_training_recruitment,"Tutorial, guide, or training content",1,2,16,29,0.052632,0.941176
exact_text_unique_sensitivity,One deterministic representative per combined-text SHA-256 value; sensitivity population only,1. Dread,48,escrow_trust_reputation,"Escrow, trust, reputation, or scam-risk discourse",fullz_identity_package,Fullz or identity package,7,15,4,22,0.269231,1.38843
exact_text_unique_sensitivity,One deterministic representative per combined-text SHA-256 value; sensitivity population only,1. Dread,48,escrow_trust_reputation,"Escrow, trust, reputation, or scam-risk discourse",jurisdiction_localisation,Jurisdiction-specific bank or account reference,11,11,6,20,0.392857,1.411765
exact_text_unique_sensitivity,One deterministic representative per combined-text SHA-256 value; sensitivity population only,1. Dread,48,escrow_trust_reputation,"Escrow, trust, reputation, or scam-risk discourse",mule_recruitment,Mule recruitment or account-holder solicitation,2,20,0,26,0.090909,2.181818
exact_text_unique_sensitivity,One deterministic representative per combined-text SHA-256 value; sensitivity population only,1. Dread,48,escrow_trust_reputation,"Escrow, trust, reputation, or scam-risk discourse",telegram_off_platform,Telegram or private-channel coordination reference,10,12,3,23,0.4,1.678322
exact_text_unique_sensitivity,One deterministic representative per combined-text SHA-256 value; sensitivity population only,1. Dread,48,escrow_trust_reputation,"Escrow, trust, reputation, or scam-risk discourse",tutorial_training_recruitment,"Tutorial, guide, or training content",11,11,6,20,0.392857,1.411765
exact_text_unique_sensitivity,One deterministic representative per combined-text SHA-256 value; sensitivity population only,1. Dread,48,fullz_identity_package,Fullz or identity package,jurisdiction_localisation,Jurisdiction-specific bank or account reference,5,6,12,25,0.217391,1.283422
exact_text_unique_sensitivity,One deterministic representative per combined-text SHA-256 value; sensitivity population only,1. Dread,48,fullz_identity_package,Fullz or identity package,mule_recruitment,Mule recruitment or account-holder solicitation,1,10,1,36,0.083333,2.181818
exact_text_unique_sensitivity,One deterministic representative per combined-text SHA-256 value; sensitivity population only,1. Dread,48,fullz_identity_package,Fullz or identity package,telegram_off_platform,Telegram or private-channel coordination reference,6,5,7,30,0.333333,2.013986
exact_text_unique_sensitivity,One deterministic representative per combined-text SHA-256 value; sensitivity population only,1. Dread,48,fullz_identity_package,Fullz or identity package,tutorial_training_recruitment,"Tutorial, guide, or training content",6,5,11,26,0.272727,1.540107
exact_text_unique_sensitivity,One deterministic representative per combined-text SHA-256 value; sensitivity population only,1. Dread,48,jurisdiction_localisation,Jurisdiction-specific bank or account reference,mule_recruitment,Mule recruitment or account-holder solicitation,1,16,1,30,0.055556,1.411765
exact_text_unique_sensitivity,One deterministic representative per combined-text SHA-256 value; sensitivity population only,1. Dread,48,jurisdiction_localisation,Jurisdiction-specific bank or account reference,telegram_off_platform,Telegram or private-channel coordination reference,3,14,10,21,0.111111,0.651584
exact_text_unique_sensitivity,One deterministic representative per combined-text SHA-256 value; sensitivity population only,1. Dread,48,jurisdiction_localisation,Jurisdiction-specific bank or account reference,tutorial_training_recruitment,"Tutorial, guide, or training content",6,11,11,20,0.214286,0.99654
exact_text_unique_sensitivity,One deterministic representative per combined-text SHA-256 value; sensitivity population only,1. Dread,48,mule_recruitment,Mule recruitment or account-holder solicitation,telegram_off_platform,Telegram or private-channel coordination reference,2,0,11,35,0.153846,3.692308
exact_text_unique_sensitivity,One deterministic representative per combined-text SHA-256 value; sensitivity population only,1. Dread,48,mule_recruitment,Mule recruitment or account-holder solicitation,tutorial_training_recruitment,"Tutorial, guide, or training content",1,1,16,30,0.055556,1.411765
exact_text_unique_sensitivity,One deterministic representative per combined-text SHA-256 value; sensitivity population only,1. Dread,48,telegram_off_platform,Telegram or private-channel coordination reference,tutorial_training_recruitment,"Tutorial, guide, or training content",7,6,10,25,0.304348,1.520362
exact_text_unique_sensitivity,One deterministic representative per combined-text SHA-256 value; sensitivity population only,10. Tor Shop,50,bank_drop_sale,Bank drop sale or bank-drop infrastructure,bank_log_sale,Compromised bank log sale or discussion,26,6,3,15,0.742857,1.400862
exact_text_unique_sensitivity,One deterministic representative per combined-text SHA-256 value; sensitivity population only,10. Tor Shop,50,bank_drop_sale,Bank drop sale or bank-drop infrastructure,cashout_laundering_service,Cash-out or laundering service,8,24,1,17,0.242424,1.388889
exact_text_unique_sensitivity,One deterministic representative per combined-text SHA-256 value; sensitivity population only,10. Tor Shop,50,bank_drop_sale,Bank drop sale or bank-drop infrastructure,crypto_payment_or_conversion,Cryptocurrency payment or conversion reference,8,24,6,12,0.210526,0.892857
exact_text_unique_sensitivity,One deterministic representative per combined-text SHA-256 value; sensitivity population only,10. Tor Shop,50,bank_drop_sale,Bank drop sale or bank-drop infrastructure,email_access_takeover,Email-access-enabled account takeover,6,26,1,17,0.181818,1.339286
exact_text_unique_sensitivity,One deterministic representative per combined-text SHA-256 value; sensitivity population only,10. Tor Shop,50,bank_drop_sale,Bank drop sale or bank-drop infrastructure,escrow_trust_reputation,"Escrow, trust, reputation, or scam-risk discourse",0,32,0,18,0.0,0.0
exact_text_unique_sensitivity,One deterministic representative per combined-text SHA-256 value; sensitivity population only,10. Tor Shop,50,bank_drop_sale,Bank drop sale or bank-drop infrastructure,fullz_identity_package,Fullz or identity package,24,8,0,18,0.75,1.5625
exact_text_unique_sensitivity,One deterministic representative per combined-text SHA-256 value; sensitivity population only,10. Tor Shop,50,bank_drop_sale,Bank drop sale or bank-drop infrastructure,jurisdiction_localisation,Jurisdiction-specific bank or account reference,12,20,1,17,0.363636,1.442308
exact_text_unique_sensitivity,One deterministic representative per combined-text SHA-256 value; sensitivity population only,10. Tor Shop,50,bank_drop_sale,Bank drop sale or bank-drop infrastructure,mule_recruitment,Mule recruitment or account-holder solicitation,0,32,0,18,0.0,0.0
exact_text_unique_sensitivity,One deterministic representative per combined-text SHA-256 value; sensitivity population only,10. Tor Shop,50,bank_drop_sale,Bank drop sale or bank-drop infrastructure,telegram_off_platform,Telegram or private-channel coordination reference,0,32,0,18,0.0,0.0
exact_text_unique_sensitivity,One deterministic representative per combined-text SHA-256 value; sensitivity population only,10. Tor Shop,50,bank_drop_sale,Bank drop sale or bank-drop infrastructure,tutorial_training_recruitment,"Tutorial, guide, or training content",12,20,0,18,0.375,1.5625
exact_text_unique_sensitivity,One deterministic representative per combined-text SHA-256 value; sensitivity population only,10. Tor Shop,50,bank_log_sale,Compromised bank log sale or discussion,cashout_laundering_service,Cash-out or laundering service,8,21,1,20,0.266667,1.532567
exact_text_unique_sensitivity,One deterministic representative per combined-text SHA-256 value; sensitivity population only,10. Tor Shop,50,bank_log_sale,Compromised bank log sale or discussion,crypto_payment_or_conversion,Cryptocurrency payment or conversion reference,6,23,8,13,0.162162,0.738916
exact_text_unique_sensitivity,One deterministic representative per combined-text SHA-256 value; sensitivity population only,10. Tor Shop,50,bank_log_sale,Compromised bank log sale or discussion,email_access_takeover,Email-access-enabled account takeover,5,24,2,19,0.16129,1.231527
exact_text_unique_sensitivity,One deterministic representative per combined-text SHA-256 value; sensitivity population only,10. Tor Shop,50,bank_log_sale,Compromised bank log sale or discussion,escrow_trust_reputation,"Escrow, trust, reputation, or scam-risk discourse",0,29,0,21,0.0,0.0
exact_text_unique_sensitivity,One deterministic representative per combined-text SHA-256 value; sensitivity population only,10. Tor Shop,50,bank_log_sale,Compromised bank log sale or discussion,fullz_identity_package,Fullz or identity package,19,10,5,16,0.558824,1.364943
exact_text_unique_sensitivity,One deterministic representative per combined-text SHA-256 value; sensitivity population only,10. Tor Shop,50,bank_log_sale,Compromised bank log sale or discussion,jurisdiction_localisation,Jurisdiction-specific bank or account reference,11,18,2,19,0.354839,1.458886
exact_text_unique_sensitivity,One deterministic representative per combined-text SHA-256 value; sensitivity population only,10. Tor Shop,50,bank_log_sale,Compromised bank log sale or discussion,mule_recruitment,Mule recruitment or account-holder solicitation,0,29,0,21,0.0,0.0
exact_text_unique_sensitivity,One deterministic representative per combined-text SHA-256 value; sensitivity population only,10. Tor Shop,50,bank_log_sale,Compromised bank log sale or discussion,telegram_off_platform,Telegram or private-channel coordination reference,0,29,0,21,0.0,0.0
exact_text_unique_sensitivity,One deterministic representative per combined-text SHA-256 value; sensitivity population only,10. Tor Shop,50,bank_log_sale,Compromised bank log sale or discussion,tutorial_training_recruitment,"Tutorial, guide, or training content",12,17,0,21,0.413793,1.724138
exact_text_unique_sensitivity,One deterministic representative per combined-text SHA-256 value; sensitivity population only,10. Tor Shop,50,cashout_laundering_service,Cash-out or laundering service,crypto_payment_or_conversion,Cryptocurrency payment or conversion reference,2,7,12,29,0.095238,0.793651
exact_text_unique_sensitivity,One deterministic representative per combined-text SHA-256 value; sensitivity population only,10. Tor Shop,50,cashout_laundering_service,Cash-out or laundering service,email_access_takeover,Email-access-enabled account takeover,0,9,7,34,0.0,0.0
exact_text_unique_sensitivity,One deterministic representative per combined-text SHA-256 value; sensitivity population only,10. Tor Shop,50,cashout_laundering_service,Cash-out or laundering service,escrow_trust_reputation,"Escrow, trust, reputation, or scam-risk discourse",0,9,0,41,0.0,0.0
exact_text_unique_sensitivity,One deterministic representative per combined-text SHA-256 value; sensitivity population only,10. Tor Shop,50,cashout_laundering_service,Cash-out or laundering service,fullz_identity_package,Fullz or identity package,4,5,20,21,0.137931,0.925926
exact_text_unique_sensitivity,One deterministic representative per combined-text SHA-256 value; sensitivity population only,10. Tor Shop,50,cashout_laundering_service,Cash-out or laundering service,jurisdiction_localisation,Jurisdiction-specific bank or account reference,2,7,11,30,0.1,0.854701
exact_text_unique_sensitivity,One deterministic representative per combined-text SHA-256 value; sensitivity population only,10. Tor Shop,50,cashout_laundering_service,Cash-out or laundering service,mule_recruitment,Mule recruitment or account-holder solicitation,0,9,0,41,0.0,0.0
exact_text_unique_sensitivity,One deterministic representative per combined-text SHA-256 value; sensitivity population only,10. Tor Shop,50,cashout_laundering_service,Cash-out or laundering service,telegram_off_platform,Telegram or private-channel coordination reference,0,9,0,41,0.0,0.0
exact_text_unique_sensitivity,One deterministic representative per combined-text SHA-256 value; sensitivity population only,10. Tor Shop,50,cashout_laundering_service,Cash-out or laundering service,tutorial_training_recruitment,"Tutorial, guide, or training content",8,1,4,37,0.615385,3.703704
exact_text_unique_sensitivity,One deterministic representative per combined-text SHA-256 value; sensitivity population only,10. Tor Shop,50,crypto_payment_or_conversion,Cryptocurrency payment or conversion reference,email_access_takeover,Email-access-enabled account takeover,2,12,5,31,0.105263,1.020408
exact_text_unique_sensitivity,One deterministic representative per combined-text SHA-256 value; sensitivity population only,10. Tor Shop,50,crypto_payment_or_conversion,Cryptocurrency payment or conversion reference,escrow_trust_reputation,"Escrow, trust, reputation, or scam-risk discourse",0,14,0,36,0.0,0.0
exact_text_unique_sensitivity,One deterministic representative per combined-text SHA-256 value; sensitivity population only,10. Tor Shop,50,crypto_payment_or_conversion,Cryptocurrency payment or conversion reference,fullz_identity_package,Fullz or identity package,6,8,18,18,0.1875,0.892857
exact_text_unique_sensitivity,One deterministic representative per combined-text SHA-256 value; sensitivity population only,10. Tor Shop,50,crypto_payment_or_conversion,Cryptocurrency payment or conversion reference,jurisdiction_localisation,Jurisdiction-specific bank or account reference,4,10,9,27,0.173913,1.098901
exact_text_unique_sensitivity,One deterministic representative per combined-text SHA-256 value; sensitivity population only,10. Tor Shop,50,crypto_payment_or_conversion,Cryptocurrency payment or conversion reference,mule_recruitment,Mule recruitment or account-holder solicitation,0,14,0,36,0.0,0.0
exact_text_unique_sensitivity,One deterministic representative per combined-text SHA-256 value; sensitivity population only,10. Tor Shop,50,crypto_payment_or_conversion,Cryptocurrency payment or conversion reference,telegram_off_platform,Telegram or private-channel coordination reference,0,14,0,36,0.0,0.0
exact_text_unique_sensitivity,One deterministic representative per combined-text SHA-256 value; sensitivity population only,10. Tor Shop,50,crypto_payment_or_conversion,Cryptocurrency payment or conversion reference,tutorial_training_recruitment,"Tutorial, guide, or training content",2,12,10,26,0.083333,0.595238
exact_text_unique_sensitivity,One deterministic representative per combined-text SHA-256 value; sensitivity population only,10. Tor Shop,50,email_access_takeover,Email-access-enabled account takeover,escrow_trust_reputation,"Escrow, trust, reputation, or scam-risk discourse",0,7,0,43,0.0,0.0
exact_text_unique_sensitivity,One deterministic representative per combined-text SHA-256 value; sensitivity population only,10. Tor Shop,50,email_access_takeover,Email-access-enabled account takeover,fullz_identity_package,Fullz or identity package,5,2,19,24,0.192308,1.488095
exact_text_unique_sensitivity,One deterministic representative per combined-text SHA-256 value; sensitivity population only,10. Tor Shop,50,email_access_takeover,Email-access-enabled account takeover,jurisdiction_localisation,Jurisdiction-specific bank or account reference,3,4,10,33,0.176471,1.648352
exact_text_unique_sensitivity,One deterministic representative per combined-text SHA-256 value; sensitivity population only,10. Tor Shop,50,email_access_takeover,Email-access-enabled account takeover,mule_recruitment,Mule recruitment or account-holder solicitation,0,7,0,43,0.0,0.0
exact_text_unique_sensitivity,One deterministic representative per combined-text SHA-256 value; sensitivity population only,10. Tor Shop,50,email_access_takeover,Email-access-enabled account takeover,telegram_off_platform,Telegram or private-channel coordination reference,0,7,0,43,0.0,0.0
exact_text_unique_sensitivity,One deterministic representative per combined-text SHA-256 value; sensitivity population only,10. Tor Shop,50,email_access_takeover,Email-access-enabled account takeover,tutorial_training_recruitment,"Tutorial, guide, or training content",0,7,12,31,0.0,0.0
exact_text_unique_sensitivity,One deterministic representative per combined-text SHA-256 value; sensitivity population only,10. Tor Shop,50,escrow_trust_reputation,"Escrow, trust, reputation, or scam-risk discourse",fullz_identity_package,Fullz or identity package,0,0,24,26,0.0,0.0
exact_text_unique_sensitivity,One deterministic representative per combined-text SHA-256 value; sensitivity population only,10. Tor Shop,50,escrow_trust_reputation,"Escrow, trust, reputation, or scam-risk discourse",jurisdiction_localisation,Jurisdiction-specific bank or account reference,0,0,13,37,0.0,0.0
exact_text_unique_sensitivity,One deterministic representative per combined-text SHA-256 value; sensitivity population only,10. Tor Shop,50,escrow_trust_reputation,"Escrow, trust, reputation, or scam-risk discourse",mule_recruitment,Mule recruitment or account-holder solicitation,0,0,0,50,0.0,0.0
exact_text_unique_sensitivity,One deterministic representative per combined-text SHA-256 value; sensitivity population only,10. Tor Shop,50,escrow_trust_reputation,"Escrow, trust, reputation, or scam-risk discourse",telegram_off_platform,Telegram or private-channel coordination reference,0,0,0,50,0.0,0.0
exact_text_unique_sensitivity,One deterministic representative per combined-text SHA-256 value; sensitivity population only,10. Tor Shop,50,escrow_trust_reputation,"Escrow, trust, reputation, or scam-risk discourse",tutorial_training_recruitment,"Tutorial, guide, or training content",0,0,12,38,0.0,0.0
exact_text_unique_sensitivity,One deterministic representative per combined-text SHA-256 value; sensitivity population only,10. Tor Shop,50,fullz_identity_package,Fullz or identity package,jurisdiction_localisation,Jurisdiction-specific bank or account reference,10,14,3,23,0.37037,1.602564
exact_text_unique_sensitivity,One deterministic representative per combined-text SHA-256 value; sensitivity population only,10. Tor Shop,50,fullz_identity_package,Fullz or identity package,mule_recruitment,Mule recruitment or account-holder solicitation,0,24,0,26,0.0,0.0
exact_text_unique_sensitivity,One deterministic representative per combined-text SHA-256 value; sensitivity population only,10. Tor Shop,50,fullz_identity_package,Fullz or identity package,telegram_off_platform,Telegram or private-channel coordination reference,0,24,0,26,0.0,0.0
exact_text_unique_sensitivity,One deterministic representative per combined-text SHA-256 value; sensitivity population only,10. Tor Shop,50,fullz_identity_package,Fullz or identity package,tutorial_training_recruitment,"Tutorial, guide, or training content",8,16,4,22,0.285714,1.388889
exact_text_unique_sensitivity,One deterministic representative per combined-text SHA-256 value; sensitivity population only,10. Tor Shop,50,jurisdiction_localisation,Jurisdiction-specific bank or account reference,mule_recruitment,Mule recruitment or account-holder solicitation,0,13,0,37,0.0,0.0
exact_text_unique_sensitivity,One deterministic representative per combined-text SHA-256 value; sensitivity population only,10. Tor Shop,50,jurisdiction_localisation,Jurisdiction-specific bank or account reference,telegram_off_platform,Telegram or private-channel coordination reference,0,13,0,37,0.0,0.0
exact_text_unique_sensitivity,One deterministic representative per combined-text SHA-256 value; sensitivity population only,10. Tor Shop,50,jurisdiction_localisation,Jurisdiction-specific bank or account reference,tutorial_training_recruitment,"Tutorial, guide, or training content",3,10,9,28,0.136364,0.961538
exact_text_unique_sensitivity,One deterministic representative per combined-text SHA-256 value; sensitivity population only,10. Tor Shop,50,mule_recruitment,Mule recruitment or account-holder solicitation,telegram_off_platform,Telegram or private-channel coordination reference,0,0,0,50,0.0,0.0
exact_text_unique_sensitivity,One deterministic representative per combined-text SHA-256 value; sensitivity population only,10. Tor Shop,50,mule_recruitment,Mule recruitment or account-holder solicitation,tutorial_training_recruitment,"Tutorial, guide, or training content",0,0,12,38,0.0,0.0
exact_text_unique_sensitivity,One deterministic representative per combined-text SHA-256 value; sensitivity population only,10. Tor Shop,50,telegram_off_platform,Telegram or private-channel coordination reference,tutorial_training_recruitment,"Tutorial, guide, or training content",0,0,12,38,0.0,0.0
exact_text_unique_sensitivity,One deterministic representative per combined-text SHA-256 value; sensitivity population only,11. Legit Market,31,bank_drop_sale,Bank drop sale or bank-drop infrastructure,bank_log_sale,Compromised bank log sale or discussion,9,2,6,14,0.529412,1.690909
exact_text_unique_sensitivity,One deterministic representative per combined-text SHA-256 value; sensitivity population only,11. Legit Market,31,bank_drop_sale,Bank drop sale or bank-drop infrastructure,cashout_laundering_service,Cash-out or laundering service,0,11,3,17,0.0,0.0
exact_text_unique_sensitivity,One deterministic representative per combined-text SHA-256 value; sensitivity population only,11. Legit Market,31,bank_drop_sale,Bank drop sale or bank-drop infrastructure,crypto_payment_or_conversion,Cryptocurrency payment or conversion reference,4,7,2,18,0.307692,1.878788
exact_text_unique_sensitivity,One deterministic representative per combined-text SHA-256 value; sensitivity population only,11. Legit Market,31,bank_drop_sale,Bank drop sale or bank-drop infrastructure,email_access_takeover,Email-access-enabled account takeover,3,8,1,19,0.25,2.113636
exact_text_unique_sensitivity,One deterministic representative per combined-text SHA-256 value; sensitivity population only,11. Legit Market,31,bank_drop_sale,Bank drop sale or bank-drop infrastructure,escrow_trust_reputation,"Escrow, trust, reputation, or scam-risk discourse",11,0,9,11,0.55,1.55
exact_text_unique_sensitivity,One deterministic representative per combined-text SHA-256 value; sensitivity population only,11. Legit Market,31,bank_drop_sale,Bank drop sale or bank-drop infrastructure,fullz_identity_package,Fullz or identity package,1,10,1,19,0.083333,1.409091
exact_text_unique_sensitivity,One deterministic representative per combined-text SHA-256 value; sensitivity population only,11. Legit Market,31,bank_drop_sale,Bank drop sale or bank-drop infrastructure,jurisdiction_localisation,Jurisdiction-specific bank or account reference,8,3,4,16,0.533333,1.878788
exact_text_unique_sensitivity,One deterministic representative per combined-text SHA-256 value; sensitivity population only,11. Legit Market,31,bank_drop_sale,Bank drop sale or bank-drop infrastructure,mule_recruitment,Mule recruitment or account-holder solicitation,0,11,0,20,0.0,0.0
exact_text_unique_sensitivity,One deterministic representative per combined-text SHA-256 value; sensitivity population only,11. Legit Market,31,bank_drop_sale,Bank drop sale or bank-drop infrastructure,telegram_off_platform,Telegram or private-channel coordination reference,0,11,1,19,0.0,0.0
exact_text_unique_sensitivity,One deterministic representative per combined-text SHA-256 value; sensitivity population only,11. Legit Market,31,bank_drop_sale,Bank drop sale or bank-drop infrastructure,tutorial_training_recruitment,"Tutorial, guide, or training content",1,10,2,18,0.076923,0.939394
exact_text_unique_sensitivity,One deterministic representative per combined-text SHA-256 value; sensitivity population only,11. Legit Market,31,bank_log_sale,Compromised bank log sale or discussion,cashout_laundering_service,Cash-out or laundering service,2,13,1,15,0.125,1.377778
exact_text_unique_sensitivity,One deterministic representative per combined-text SHA-256 value; sensitivity population only,11. Legit Market,31,bank_log_sale,Compromised bank log sale or discussion,crypto_payment_or_conversion,Cryptocurrency payment or conversion reference,5,10,1,15,0.3125,1.722222
exact_text_unique_sensitivity,One deterministic representative per combined-text SHA-256 value; sensitivity population only,11. Legit Market,31,bank_log_sale,Compromised bank log sale or discussion,email_access_takeover,Email-access-enabled account takeover,4,11,0,16,0.266667,2.066667
exact_text_unique_sensitivity,One deterministic representative per combined-text SHA-256 value; sensitivity population only,11. Legit Market,31,bank_log_sale,Compromised bank log sale or discussion,escrow_trust_reputation,"Escrow, trust, reputation, or scam-risk discourse",15,0,5,11,0.75,1.55
exact_text_unique_sensitivity,One deterministic representative per combined-text SHA-256 value; sensitivity population only,11. Legit Market,31,bank_log_sale,Compromised bank log sale or discussion,fullz_identity_package,Fullz or identity package,1,14,1,15,0.0625,1.033333
exact_text_unique_sensitivity,One deterministic representative per combined-text SHA-256 value; sensitivity population only,11. Legit Market,31,bank_log_sale,Compromised bank log sale or discussion,jurisdiction_localisation,Jurisdiction-specific bank or account reference,10,5,2,14,0.588235,1.722222
exact_text_unique_sensitivity,One deterministic representative per combined-text SHA-256 value; sensitivity population only,11. Legit Market,31,bank_log_sale,Compromised bank log sale or discussion,mule_recruitment,Mule recruitment or account-holder solicitation,0,15,0,16,0.0,0.0
exact_text_unique_sensitivity,One deterministic representative per combined-text SHA-256 value; sensitivity population only,11. Legit Market,31,bank_log_sale,Compromised bank log sale or discussion,telegram_off_platform,Telegram or private-channel coordination reference,0,15,1,15,0.0,0.0
exact_text_unique_sensitivity,One deterministic representative per combined-text SHA-256 value; sensitivity population only,11. Legit Market,31,bank_log_sale,Compromised bank log sale or discussion,tutorial_training_recruitment,"Tutorial, guide, or training content",2,13,1,15,0.125,1.377778
exact_text_unique_sensitivity,One deterministic representative per combined-text SHA-256 value; sensitivity population only,11. Legit Market,31,cashout_laundering_service,Cash-out or laundering service,crypto_payment_or_conversion,Cryptocurrency payment or conversion reference,2,1,4,24,0.285714,3.444444
exact_text_unique_sensitivity,One deterministic representative per combined-text SHA-256 value; sensitivity population only,11. Legit Market,31,cashout_laundering_service,Cash-out or laundering service,email_access_takeover,Email-access-enabled account takeover,0,3,4,24,0.0,0.0
exact_text_unique_sensitivity,One deterministic representative per combined-text SHA-256 value; sensitivity population only,11. Legit Market,31,cashout_laundering_service,Cash-out or laundering service,escrow_trust_reputation,"Escrow, trust, reputation, or scam-risk discourse",3,0,17,11,0.15,1.55
exact_text_unique_sensitivity,One deterministic representative per combined-text SHA-256 value; sensitivity population only,11. Legit Market,31,cashout_laundering_service,Cash-out or laundering service,fullz_identity_package,Fullz or identity package,0,3,2,26,0.0,0.0
exact_text_unique_sensitivity,One deterministic representative per combined-text SHA-256 value; sensitivity population only,11. Legit Market,31,cashout_laundering_service,Cash-out or laundering service,jurisdiction_localisation,Jurisdiction-specific bank or account reference,2,1,10,18,0.153846,1.722222
exact_text_unique_sensitivity,One deterministic representative per combined-text SHA-256 value; sensitivity population only,11. Legit Market,31,cashout_laundering_service,Cash-out or laundering service,mule_recruitment,Mule recruitment or account-holder solicitation,0,3,0,28,0.0,0.0
exact_text_unique_sensitivity,One deterministic representative per combined-text SHA-256 value; sensitivity population only,11. Legit Market,31,cashout_laundering_service,Cash-out or laundering service,telegram_off_platform,Telegram or private-channel coordination reference,1,2,0,28,0.333333,10.333333
exact_text_unique_sensitivity,One deterministic representative per combined-text SHA-256 value; sensitivity population only,11. Legit Market,31,cashout_laundering_service,Cash-out or laundering service,tutorial_training_recruitment,"Tutorial, guide, or training content",2,1,1,27,0.5,6.888889
exact_text_unique_sensitivity,One deterministic representative per combined-text SHA-256 value; sensitivity population only,11. Legit Market,31,crypto_payment_or_conversion,Cryptocurrency payment or conversion reference,email_access_takeover,Email-access-enabled account takeover,1,5,3,22,0.111111,1.291667
exact_text_unique_sensitivity,One deterministic representative per combined-text SHA-256 value; sensitivity population only,11. Legit Market,31,crypto_payment_or_conversion,Cryptocurrency payment or conversion reference,escrow_trust_reputation,"Escrow, trust, reputation, or scam-risk discourse",6,0,14,11,0.3,1.55
exact_text_unique_sensitivity,One deterministic representative per combined-text SHA-256 value; sensitivity population only,11. Legit Market,31,crypto_payment_or_conversion,Cryptocurrency payment or conversion reference,fullz_identity_package,Fullz or identity package,1,5,1,24,0.142857,2.583333
exact_text_unique_sensitivity,One deterministic representative per combined-text SHA-256 value; sensitivity population only,11. Legit Market,31,crypto_payment_or_conversion,Cryptocurrency payment or conversion reference,jurisdiction_localisation,Jurisdiction-specific bank or account reference,5,1,7,18,0.384615,2.152778
exact_text_unique_sensitivity,One deterministic representative per combined-text SHA-256 value; sensitivity population only,11. Legit Market,31,crypto_payment_or_conversion,Cryptocurrency payment or conversion reference,mule_recruitment,Mule recruitment or account-holder solicitation,0,6,0,25,0.0,0.0
exact_text_unique_sensitivity,One deterministic representative per combined-text SHA-256 value; sensitivity population only,11. Legit Market,31,crypto_payment_or_conversion,Cryptocurrency payment or conversion reference,telegram_off_platform,Telegram or private-channel coordination reference,1,5,0,25,0.166667,5.166667
exact_text_unique_sensitivity,One deterministic representative per combined-text SHA-256 value; sensitivity population only,11. Legit Market,31,crypto_payment_or_conversion,Cryptocurrency payment or conversion reference,tutorial_training_recruitment,"Tutorial, guide, or training content",3,3,0,25,0.5,5.166667
exact_text_unique_sensitivity,One deterministic representative per combined-text SHA-256 value; sensitivity population only,11. Legit Market,31,email_access_takeover,Email-access-enabled account takeover,escrow_trust_reputation,"Escrow, trust, reputation, or scam-risk discourse",4,0,16,11,0.2,1.55
exact_text_unique_sensitivity,One deterministic representative per combined-text SHA-256 value; sensitivity population only,11. Legit Market,31,email_access_takeover,Email-access-enabled account takeover,fullz_identity_package,Fullz or identity package,1,3,1,26,0.2,3.875
exact_text_unique_sensitivity,One deterministic representative per combined-text SHA-256 value; sensitivity population only,11. Legit Market,31,email_access_takeover,Email-access-enabled account takeover,jurisdiction_localisation,Jurisdiction-specific bank or account reference,3,1,9,18,0.230769,1.9375
exact_text_unique_sensitivity,One deterministic representative per combined-text SHA-256 value; sensitivity population only,11. Legit Market,31,email_access_takeover,Email-access-enabled account takeover,mule_recruitment,Mule recruitment or account-holder solicitation,0,4,0,27,0.0,0.0
exact_text_unique_sensitivity,One deterministic representative per combined-text SHA-256 value; sensitivity population only,11. Legit Market,31,email_access_takeover,Email-access-enabled account takeover,telegram_off_platform,Telegram or private-channel coordination reference,0,4,1,26,0.0,0.0
exact_text_unique_sensitivity,One deterministic representative per combined-text SHA-256 value; sensitivity population only,11. Legit Market,31,email_access_takeover,Email-access-enabled account takeover,tutorial_training_recruitment,"Tutorial, guide, or training content",1,3,2,25,0.166667,2.583333
exact_text_unique_sensitivity,One deterministic representative per combined-text SHA-256 value; sensitivity population only,11. Legit Market,31,escrow_trust_reputation,"Escrow, trust, reputation, or scam-risk discourse",fullz_identity_package,Fullz or identity package,2,18,0,11,0.1,1.55
exact_text_unique_sensitivity,One deterministic representative per combined-text SHA-256 value; sensitivity population only,11. Legit Market,31,escrow_trust_reputation,"Escrow, trust, reputation, or scam-risk discourse",jurisdiction_localisation,Jurisdiction-specific bank or account reference,12,8,0,11,0.6,1.55
exact_text_unique_sensitivity,One deterministic representative per combined-text SHA-256 value; sensitivity population only,11. Legit Market,31,escrow_trust_reputation,"Escrow, trust, reputation, or scam-risk discourse",mule_recruitment,Mule recruitment or account-holder solicitation,0,20,0,11,0.0,0.0
exact_text_unique_sensitivity,One deterministic representative per combined-text SHA-256 value; sensitivity population only,11. Legit Market,31,escrow_trust_reputation,"Escrow, trust, reputation, or scam-risk discourse",telegram_off_platform,Telegram or private-channel coordination reference,1,19,0,11,0.05,1.55
exact_text_unique_sensitivity,One deterministic representative per combined-text SHA-256 value; sensitivity population only,11. Legit Market,31,escrow_trust_reputation,"Escrow, trust, reputation, or scam-risk discourse",tutorial_training_recruitment,"Tutorial, guide, or training content",3,17,0,11,0.15,1.55
exact_text_unique_sensitivity,One deterministic representative per combined-text SHA-256 value; sensitivity population only,11. Legit Market,31,fullz_identity_package,Fullz or identity package,jurisdiction_localisation,Jurisdiction-specific bank or account reference,2,0,10,19,0.166667,2.583333
exact_text_unique_sensitivity,One deterministic representative per combined-text SHA-256 value; sensitivity population only,11. Legit Market,31,fullz_identity_package,Fullz or identity package,mule_recruitment,Mule recruitment or account-holder solicitation,0,2,0,29,0.0,0.0
exact_text_unique_sensitivity,One deterministic representative per combined-text SHA-256 value; sensitivity population only,11. Legit Market,31,fullz_identity_package,Fullz or identity package,telegram_off_platform,Telegram or private-channel coordination reference,0,2,1,28,0.0,0.0
exact_text_unique_sensitivity,One deterministic representative per combined-text SHA-256 value; sensitivity population only,11. Legit Market,31,fullz_identity_package,Fullz or identity package,tutorial_training_recruitment,"Tutorial, guide, or training content",1,1,2,27,0.25,5.166667
exact_text_unique_sensitivity,One deterministic representative per combined-text SHA-256 value; sensitivity population only,11. Legit Market,31,jurisdiction_localisation,Jurisdiction-specific bank or account reference,mule_recruitment,Mule recruitment or account-holder solicitation,0,12,0,19,0.0,0.0
exact_text_unique_sensitivity,One deterministic representative per combined-text SHA-256 value; sensitivity population only,11. Legit Market,31,jurisdiction_localisation,Jurisdiction-specific bank or account reference,telegram_off_platform,Telegram or private-channel coordination reference,0,12,1,18,0.0,0.0
exact_text_unique_sensitivity,One deterministic representative per combined-text SHA-256 value; sensitivity population only,11. Legit Market,31,jurisdiction_localisation,Jurisdiction-specific bank or account reference,tutorial_training_recruitment,"Tutorial, guide, or training content",2,10,1,18,0.153846,1.722222
exact_text_unique_sensitivity,One deterministic representative per combined-text SHA-256 value; sensitivity population only,11. Legit Market,31,mule_recruitment,Mule recruitment or account-holder solicitation,telegram_off_platform,Telegram or private-channel coordination reference,0,0,1,30,0.0,0.0
exact_text_unique_sensitivity,One deterministic representative per combined-text SHA-256 value; sensitivity population only,11. Legit Market,31,mule_recruitment,Mule recruitment or account-holder solicitation,tutorial_training_recruitment,"Tutorial, guide, or training content",0,0,3,28,0.0,0.0
exact_text_unique_sensitivity,One deterministic representative per combined-text SHA-256 value; sensitivity population only,11. Legit Market,31,telegram_off_platform,Telegram or private-channel coordination reference,tutorial_training_recruitment,"Tutorial, guide, or training content",1,0,2,28,0.333333,10.333333
exact_text_unique_sensitivity,One deterministic representative per combined-text SHA-256 value; sensitivity population only,12. TORCH Tor Search,6,bank_drop_sale,Bank drop sale or bank-drop infrastructure,bank_log_sale,Compromised bank log sale or discussion,2,0,0,4,1.0,3.0
exact_text_unique_sensitivity,One deterministic representative per combined-text SHA-256 value; sensitivity population only,12. TORCH Tor Search,6,bank_drop_sale,Bank drop sale or bank-drop infrastructure,cashout_laundering_service,Cash-out or laundering service,0,2,0,4,0.0,0.0
exact_text_unique_sensitivity,One deterministic representative per combined-text SHA-256 value; sensitivity population only,12. TORCH Tor Search,6,bank_drop_sale,Bank drop sale or bank-drop infrastructure,crypto_payment_or_conversion,Cryptocurrency payment or conversion reference,0,2,0,4,0.0,0.0
exact_text_unique_sensitivity,One deterministic representative per combined-text SHA-256 value; sensitivity population only,12. TORCH Tor Search,6,bank_drop_sale,Bank drop sale or bank-drop infrastructure,email_access_takeover,Email-access-enabled account takeover,0,2,0,4,0.0,0.0
exact_text_unique_sensitivity,One deterministic representative per combined-text SHA-256 value; sensitivity population only,12. TORCH Tor Search,6,bank_drop_sale,Bank drop sale or bank-drop infrastructure,escrow_trust_reputation,"Escrow, trust, reputation, or scam-risk discourse",0,2,0,4,0.0,0.0
exact_text_unique_sensitivity,One deterministic representative per combined-text SHA-256 value; sensitivity population only,12. TORCH Tor Search,6,bank_drop_sale,Bank drop sale or bank-drop infrastructure,fullz_identity_package,Fullz or identity package,0,2,0,4,0.0,0.0
exact_text_unique_sensitivity,One deterministic representative per combined-text SHA-256 value; sensitivity population only,12. TORCH Tor Search,6,bank_drop_sale,Bank drop sale or bank-drop infrastructure,jurisdiction_localisation,Jurisdiction-specific bank or account reference,0,2,0,4,0.0,0.0
exact_text_unique_sensitivity,One deterministic representative per combined-text SHA-256 value; sensitivity population only,12. TORCH Tor Search,6,bank_drop_sale,Bank drop sale or bank-drop infrastructure,mule_recruitment,Mule recruitment or account-holder solicitation,0,2,0,4,0.0,0.0
exact_text_unique_sensitivity,One deterministic representative per combined-text SHA-256 value; sensitivity population only,12. TORCH Tor Search,6,bank_drop_sale,Bank drop sale or bank-drop infrastructure,telegram_off_platform,Telegram or private-channel coordination reference,0,2,0,4,0.0,0.0
exact_text_unique_sensitivity,One deterministic representative per combined-text SHA-256 value; sensitivity population only,12. TORCH Tor Search,6,bank_drop_sale,Bank drop sale or bank-drop infrastructure,tutorial_training_recruitment,"Tutorial, guide, or training content",0,2,0,4,0.0,0.0
exact_text_unique_sensitivity,One deterministic representative per combined-text SHA-256 value; sensitivity population only,12. TORCH Tor Search,6,bank_log_sale,Compromised bank log sale or discussion,cashout_laundering_service,Cash-out or laundering service,0,2,0,4,0.0,0.0
exact_text_unique_sensitivity,One deterministic representative per combined-text SHA-256 value; sensitivity population only,12. TORCH Tor Search,6,bank_log_sale,Compromised bank log sale or discussion,crypto_payment_or_conversion,Cryptocurrency payment or conversion reference,0,2,0,4,0.0,0.0
exact_text_unique_sensitivity,One deterministic representative per combined-text SHA-256 value; sensitivity population only,12. TORCH Tor Search,6,bank_log_sale,Compromised bank log sale or discussion,email_access_takeover,Email-access-enabled account takeover,0,2,0,4,0.0,0.0
exact_text_unique_sensitivity,One deterministic representative per combined-text SHA-256 value; sensitivity population only,12. TORCH Tor Search,6,bank_log_sale,Compromised bank log sale or discussion,escrow_trust_reputation,"Escrow, trust, reputation, or scam-risk discourse",0,2,0,4,0.0,0.0
exact_text_unique_sensitivity,One deterministic representative per combined-text SHA-256 value; sensitivity population only,12. TORCH Tor Search,6,bank_log_sale,Compromised bank log sale or discussion,fullz_identity_package,Fullz or identity package,0,2,0,4,0.0,0.0
exact_text_unique_sensitivity,One deterministic representative per combined-text SHA-256 value; sensitivity population only,12. TORCH Tor Search,6,bank_log_sale,Compromised bank log sale or discussion,jurisdiction_localisation,Jurisdiction-specific bank or account reference,0,2,0,4,0.0,0.0
exact_text_unique_sensitivity,One deterministic representative per combined-text SHA-256 value; sensitivity population only,12. TORCH Tor Search,6,bank_log_sale,Compromised bank log sale or discussion,mule_recruitment,Mule recruitment or account-holder solicitation,0,2,0,4,0.0,0.0
exact_text_unique_sensitivity,One deterministic representative per combined-text SHA-256 value; sensitivity population only,12. TORCH Tor Search,6,bank_log_sale,Compromised bank log sale or discussion,telegram_off_platform,Telegram or private-channel coordination reference,0,2,0,4,0.0,0.0
exact_text_unique_sensitivity,One deterministic representative per combined-text SHA-256 value; sensitivity population only,12. TORCH Tor Search,6,bank_log_sale,Compromised bank log sale or discussion,tutorial_training_recruitment,"Tutorial, guide, or training content",0,2,0,4,0.0,0.0
exact_text_unique_sensitivity,One deterministic representative per combined-text SHA-256 value; sensitivity population only,12. TORCH Tor Search,6,cashout_laundering_service,Cash-out or laundering service,crypto_payment_or_conversion,Cryptocurrency payment or conversion reference,0,0,0,6,0.0,0.0
exact_text_unique_sensitivity,One deterministic representative per combined-text SHA-256 value; sensitivity population only,12. TORCH Tor Search,6,cashout_laundering_service,Cash-out or laundering service,email_access_takeover,Email-access-enabled account takeover,0,0,0,6,0.0,0.0
exact_text_unique_sensitivity,One deterministic representative per combined-text SHA-256 value; sensitivity population only,12. TORCH Tor Search,6,cashout_laundering_service,Cash-out or laundering service,escrow_trust_reputation,"Escrow, trust, reputation, or scam-risk discourse",0,0,0,6,0.0,0.0
exact_text_unique_sensitivity,One deterministic representative per combined-text SHA-256 value; sensitivity population only,12. TORCH Tor Search,6,cashout_laundering_service,Cash-out or laundering service,fullz_identity_package,Fullz or identity package,0,0,0,6,0.0,0.0
exact_text_unique_sensitivity,One deterministic representative per combined-text SHA-256 value; sensitivity population only,12. TORCH Tor Search,6,cashout_laundering_service,Cash-out or laundering service,jurisdiction_localisation,Jurisdiction-specific bank or account reference,0,0,0,6,0.0,0.0
exact_text_unique_sensitivity,One deterministic representative per combined-text SHA-256 value; sensitivity population only,12. TORCH Tor Search,6,cashout_laundering_service,Cash-out or laundering service,mule_recruitment,Mule recruitment or account-holder solicitation,0,0,0,6,0.0,0.0
exact_text_unique_sensitivity,One deterministic representative per combined-text SHA-256 value; sensitivity population only,12. TORCH Tor Search,6,cashout_laundering_service,Cash-out or laundering service,telegram_off_platform,Telegram or private-channel coordination reference,0,0,0,6,0.0,0.0
exact_text_unique_sensitivity,One deterministic representative per combined-text SHA-256 value; sensitivity population only,12. TORCH Tor Search,6,cashout_laundering_service,Cash-out or laundering service,tutorial_training_recruitment,"Tutorial, guide, or training content",0,0,0,6,0.0,0.0
exact_text_unique_sensitivity,One deterministic representative per combined-text SHA-256 value; sensitivity population only,12. TORCH Tor Search,6,crypto_payment_or_conversion,Cryptocurrency payment or conversion reference,email_access_takeover,Email-access-enabled account takeover,0,0,0,6,0.0,0.0
exact_text_unique_sensitivity,One deterministic representative per combined-text SHA-256 value; sensitivity population only,12. TORCH Tor Search,6,crypto_payment_or_conversion,Cryptocurrency payment or conversion reference,escrow_trust_reputation,"Escrow, trust, reputation, or scam-risk discourse",0,0,0,6,0.0,0.0
exact_text_unique_sensitivity,One deterministic representative per combined-text SHA-256 value; sensitivity population only,12. TORCH Tor Search,6,crypto_payment_or_conversion,Cryptocurrency payment or conversion reference,fullz_identity_package,Fullz or identity package,0,0,0,6,0.0,0.0
exact_text_unique_sensitivity,One deterministic representative per combined-text SHA-256 value; sensitivity population only,12. TORCH Tor Search,6,crypto_payment_or_conversion,Cryptocurrency payment or conversion reference,jurisdiction_localisation,Jurisdiction-specific bank or account reference,0,0,0,6,0.0,0.0
exact_text_unique_sensitivity,One deterministic representative per combined-text SHA-256 value; sensitivity population only,12. TORCH Tor Search,6,crypto_payment_or_conversion,Cryptocurrency payment or conversion reference,mule_recruitment,Mule recruitment or account-holder solicitation,0,0,0,6,0.0,0.0
exact_text_unique_sensitivity,One deterministic representative per combined-text SHA-256 value; sensitivity population only,12. TORCH Tor Search,6,crypto_payment_or_conversion,Cryptocurrency payment or conversion reference,telegram_off_platform,Telegram or private-channel coordination reference,0,0,0,6,0.0,0.0
exact_text_unique_sensitivity,One deterministic representative per combined-text SHA-256 value; sensitivity population only,12. TORCH Tor Search,6,crypto_payment_or_conversion,Cryptocurrency payment or conversion reference,tutorial_training_recruitment,"Tutorial, guide, or training content",0,0,0,6,0.0,0.0
exact_text_unique_sensitivity,One deterministic representative per combined-text SHA-256 value; sensitivity population only,12. TORCH Tor Search,6,email_access_takeover,Email-access-enabled account takeover,escrow_trust_reputation,"Escrow, trust, reputation, or scam-risk discourse",0,0,0,6,0.0,0.0
exact_text_unique_sensitivity,One deterministic representative per combined-text SHA-256 value; sensitivity population only,12. TORCH Tor Search,6,email_access_takeover,Email-access-enabled account takeover,fullz_identity_package,Fullz or identity package,0,0,0,6,0.0,0.0
exact_text_unique_sensitivity,One deterministic representative per combined-text SHA-256 value; sensitivity population only,12. TORCH Tor Search,6,email_access_takeover,Email-access-enabled account takeover,jurisdiction_localisation,Jurisdiction-specific bank or account reference,0,0,0,6,0.0,0.0
exact_text_unique_sensitivity,One deterministic representative per combined-text SHA-256 value; sensitivity population only,12. TORCH Tor Search,6,email_access_takeover,Email-access-enabled account takeover,mule_recruitment,Mule recruitment or account-holder solicitation,0,0,0,6,0.0,0.0
exact_text_unique_sensitivity,One deterministic representative per combined-text SHA-256 value; sensitivity population only,12. TORCH Tor Search,6,email_access_takeover,Email-access-enabled account takeover,telegram_off_platform,Telegram or private-channel coordination reference,0,0,0,6,0.0,0.0
exact_text_unique_sensitivity,One deterministic representative per combined-text SHA-256 value; sensitivity population only,12. TORCH Tor Search,6,email_access_takeover,Email-access-enabled account takeover,tutorial_training_recruitment,"Tutorial, guide, or training content",0,0,0,6,0.0,0.0
exact_text_unique_sensitivity,One deterministic representative per combined-text SHA-256 value; sensitivity population only,12. TORCH Tor Search,6,escrow_trust_reputation,"Escrow, trust, reputation, or scam-risk discourse",fullz_identity_package,Fullz or identity package,0,0,0,6,0.0,0.0
exact_text_unique_sensitivity,One deterministic representative per combined-text SHA-256 value; sensitivity population only,12. TORCH Tor Search,6,escrow_trust_reputation,"Escrow, trust, reputation, or scam-risk discourse",jurisdiction_localisation,Jurisdiction-specific bank or account reference,0,0,0,6,0.0,0.0
exact_text_unique_sensitivity,One deterministic representative per combined-text SHA-256 value; sensitivity population only,12. TORCH Tor Search,6,escrow_trust_reputation,"Escrow, trust, reputation, or scam-risk discourse",mule_recruitment,Mule recruitment or account-holder solicitation,0,0,0,6,0.0,0.0
exact_text_unique_sensitivity,One deterministic representative per combined-text SHA-256 value; sensitivity population only,12. TORCH Tor Search,6,escrow_trust_reputation,"Escrow, trust, reputation, or scam-risk discourse",telegram_off_platform,Telegram or private-channel coordination reference,0,0,0,6,0.0,0.0
exact_text_unique_sensitivity,One deterministic representative per combined-text SHA-256 value; sensitivity population only,12. TORCH Tor Search,6,escrow_trust_reputation,"Escrow, trust, reputation, or scam-risk discourse",tutorial_training_recruitment,"Tutorial, guide, or training content",0,0,0,6,0.0,0.0
exact_text_unique_sensitivity,One deterministic representative per combined-text SHA-256 value; sensitivity population only,12. TORCH Tor Search,6,fullz_identity_package,Fullz or identity package,jurisdiction_localisation,Jurisdiction-specific bank or account reference,0,0,0,6,0.0,0.0
exact_text_unique_sensitivity,One deterministic representative per combined-text SHA-256 value; sensitivity population only,12. TORCH Tor Search,6,fullz_identity_package,Fullz or identity package,mule_recruitment,Mule recruitment or account-holder solicitation,0,0,0,6,0.0,0.0
exact_text_unique_sensitivity,One deterministic representative per combined-text SHA-256 value; sensitivity population only,12. TORCH Tor Search,6,fullz_identity_package,Fullz or identity package,telegram_off_platform,Telegram or private-channel coordination reference,0,0,0,6,0.0,0.0
exact_text_unique_sensitivity,One deterministic representative per combined-text SHA-256 value; sensitivity population only,12. TORCH Tor Search,6,fullz_identity_package,Fullz or identity package,tutorial_training_recruitment,"Tutorial, guide, or training content",0,0,0,6,0.0,0.0
exact_text_unique_sensitivity,One deterministic representative per combined-text SHA-256 value; sensitivity population only,12. TORCH Tor Search,6,jurisdiction_localisation,Jurisdiction-specific bank or account reference,mule_recruitment,Mule recruitment or account-holder solicitation,0,0,0,6,0.0,0.0
exact_text_unique_sensitivity,One deterministic representative per combined-text SHA-256 value; sensitivity population only,12. TORCH Tor Search,6,jurisdiction_localisation,Jurisdiction-specific bank or account reference,telegram_off_platform,Telegram or private-channel coordination reference,0,0,0,6,0.0,0.0
exact_text_unique_sensitivity,One deterministic representative per combined-text SHA-256 value; sensitivity population only,12. TORCH Tor Search,6,jurisdiction_localisation,Jurisdiction-specific bank or account reference,tutorial_training_recruitment,"Tutorial, guide, or training content",0,0,0,6,0.0,0.0
exact_text_unique_sensitivity,One deterministic representative per combined-text SHA-256 value; sensitivity population only,12. TORCH Tor Search,6,mule_recruitment,Mule recruitment or account-holder solicitation,telegram_off_platform,Telegram or private-channel coordination reference,0,0,0,6,0.0,0.0
exact_text_unique_sensitivity,One deterministic representative per combined-text SHA-256 value; sensitivity population only,12. TORCH Tor Search,6,mule_recruitment,Mule recruitment or account-holder solicitation,tutorial_training_recruitment,"Tutorial, guide, or training content",0,0,0,6,0.0,0.0
exact_text_unique_sensitivity,One deterministic representative per combined-text SHA-256 value; sensitivity population only,12. TORCH Tor Search,6,telegram_off_platform,Telegram or private-channel coordination reference,tutorial_training_recruitment,"Tutorial, guide, or training content",0,0,0,6,0.0,0.0
exact_text_unique_sensitivity,One deterministic representative per combined-text SHA-256 value; sensitivity population only,13. Bank Logs,1,bank_drop_sale,Bank drop sale or bank-drop infrastructure,bank_log_sale,Compromised bank log sale or discussion,0,0,0,1,0.0,0.0
exact_text_unique_sensitivity,One deterministic representative per combined-text SHA-256 value; sensitivity population only,13. Bank Logs,1,bank_drop_sale,Bank drop sale or bank-drop infrastructure,cashout_laundering_service,Cash-out or laundering service,0,0,0,1,0.0,0.0
exact_text_unique_sensitivity,One deterministic representative per combined-text SHA-256 value; sensitivity population only,13. Bank Logs,1,bank_drop_sale,Bank drop sale or bank-drop infrastructure,crypto_payment_or_conversion,Cryptocurrency payment or conversion reference,0,0,0,1,0.0,0.0
exact_text_unique_sensitivity,One deterministic representative per combined-text SHA-256 value; sensitivity population only,13. Bank Logs,1,bank_drop_sale,Bank drop sale or bank-drop infrastructure,email_access_takeover,Email-access-enabled account takeover,0,0,0,1,0.0,0.0
exact_text_unique_sensitivity,One deterministic representative per combined-text SHA-256 value; sensitivity population only,13. Bank Logs,1,bank_drop_sale,Bank drop sale or bank-drop infrastructure,escrow_trust_reputation,"Escrow, trust, reputation, or scam-risk discourse",0,0,0,1,0.0,0.0
exact_text_unique_sensitivity,One deterministic representative per combined-text SHA-256 value; sensitivity population only,13. Bank Logs,1,bank_drop_sale,Bank drop sale or bank-drop infrastructure,fullz_identity_package,Fullz or identity package,0,0,0,1,0.0,0.0
exact_text_unique_sensitivity,One deterministic representative per combined-text SHA-256 value; sensitivity population only,13. Bank Logs,1,bank_drop_sale,Bank drop sale or bank-drop infrastructure,jurisdiction_localisation,Jurisdiction-specific bank or account reference,0,0,0,1,0.0,0.0
exact_text_unique_sensitivity,One deterministic representative per combined-text SHA-256 value; sensitivity population only,13. Bank Logs,1,bank_drop_sale,Bank drop sale or bank-drop infrastructure,mule_recruitment,Mule recruitment or account-holder solicitation,0,0,0,1,0.0,0.0
exact_text_unique_sensitivity,One deterministic representative per combined-text SHA-256 value; sensitivity population only,13. Bank Logs,1,bank_drop_sale,Bank drop sale or bank-drop infrastructure,telegram_off_platform,Telegram or private-channel coordination reference,0,0,0,1,0.0,0.0
exact_text_unique_sensitivity,One deterministic representative per combined-text SHA-256 value; sensitivity population only,13. Bank Logs,1,bank_drop_sale,Bank drop sale or bank-drop infrastructure,tutorial_training_recruitment,"Tutorial, guide, or training content",0,0,0,1,0.0,0.0
exact_text_unique_sensitivity,One deterministic representative per combined-text SHA-256 value; sensitivity population only,13. Bank Logs,1,bank_log_sale,Compromised bank log sale or discussion,cashout_laundering_service,Cash-out or laundering service,0,0,0,1,0.0,0.0
exact_text_unique_sensitivity,One deterministic representative per combined-text SHA-256 value; sensitivity population only,13. Bank Logs,1,bank_log_sale,Compromised bank log sale or discussion,crypto_payment_or_conversion,Cryptocurrency payment or conversion reference,0,0,0,1,0.0,0.0
exact_text_unique_sensitivity,One deterministic representative per combined-text SHA-256 value; sensitivity population only,13. Bank Logs,1,bank_log_sale,Compromised bank log sale or discussion,email_access_takeover,Email-access-enabled account takeover,0,0,0,1,0.0,0.0
exact_text_unique_sensitivity,One deterministic representative per combined-text SHA-256 value; sensitivity population only,13. Bank Logs,1,bank_log_sale,Compromised bank log sale or discussion,escrow_trust_reputation,"Escrow, trust, reputation, or scam-risk discourse",0,0,0,1,0.0,0.0
exact_text_unique_sensitivity,One deterministic representative per combined-text SHA-256 value; sensitivity population only,13. Bank Logs,1,bank_log_sale,Compromised bank log sale or discussion,fullz_identity_package,Fullz or identity package,0,0,0,1,0.0,0.0
exact_text_unique_sensitivity,One deterministic representative per combined-text SHA-256 value; sensitivity population only,13. Bank Logs,1,bank_log_sale,Compromised bank log sale or discussion,jurisdiction_localisation,Jurisdiction-specific bank or account reference,0,0,0,1,0.0,0.0
exact_text_unique_sensitivity,One deterministic representative per combined-text SHA-256 value; sensitivity population only,13. Bank Logs,1,bank_log_sale,Compromised bank log sale or discussion,mule_recruitment,Mule recruitment or account-holder solicitation,0,0,0,1,0.0,0.0
exact_text_unique_sensitivity,One deterministic representative per combined-text SHA-256 value; sensitivity population only,13. Bank Logs,1,bank_log_sale,Compromised bank log sale or discussion,telegram_off_platform,Telegram or private-channel coordination reference,0,0,0,1,0.0,0.0
exact_text_unique_sensitivity,One deterministic representative per combined-text SHA-256 value; sensitivity population only,13. Bank Logs,1,bank_log_sale,Compromised bank log sale or discussion,tutorial_training_recruitment,"Tutorial, guide, or training content",0,0,0,1,0.0,0.0
exact_text_unique_sensitivity,One deterministic representative per combined-text SHA-256 value; sensitivity population only,13. Bank Logs,1,cashout_laundering_service,Cash-out or laundering service,crypto_payment_or_conversion,Cryptocurrency payment or conversion reference,0,0,0,1,0.0,0.0
exact_text_unique_sensitivity,One deterministic representative per combined-text SHA-256 value; sensitivity population only,13. Bank Logs,1,cashout_laundering_service,Cash-out or laundering service,email_access_takeover,Email-access-enabled account takeover,0,0,0,1,0.0,0.0
exact_text_unique_sensitivity,One deterministic representative per combined-text SHA-256 value; sensitivity population only,13. Bank Logs,1,cashout_laundering_service,Cash-out or laundering service,escrow_trust_reputation,"Escrow, trust, reputation, or scam-risk discourse",0,0,0,1,0.0,0.0
exact_text_unique_sensitivity,One deterministic representative per combined-text SHA-256 value; sensitivity population only,13. Bank Logs,1,cashout_laundering_service,Cash-out or laundering service,fullz_identity_package,Fullz or identity package,0,0,0,1,0.0,0.0
exact_text_unique_sensitivity,One deterministic representative per combined-text SHA-256 value; sensitivity population only,13. Bank Logs,1,cashout_laundering_service,Cash-out or laundering service,jurisdiction_localisation,Jurisdiction-specific bank or account reference,0,0,0,1,0.0,0.0
exact_text_unique_sensitivity,One deterministic representative per combined-text SHA-256 value; sensitivity population only,13. Bank Logs,1,cashout_laundering_service,Cash-out or laundering service,mule_recruitment,Mule recruitment or account-holder solicitation,0,0,0,1,0.0,0.0
exact_text_unique_sensitivity,One deterministic representative per combined-text SHA-256 value; sensitivity population only,13. Bank Logs,1,cashout_laundering_service,Cash-out or laundering service,telegram_off_platform,Telegram or private-channel coordination reference,0,0,0,1,0.0,0.0
exact_text_unique_sensitivity,One deterministic representative per combined-text SHA-256 value; sensitivity population only,13. Bank Logs,1,cashout_laundering_service,Cash-out or laundering service,tutorial_training_recruitment,"Tutorial, guide, or training content",0,0,0,1,0.0,0.0
exact_text_unique_sensitivity,One deterministic representative per combined-text SHA-256 value; sensitivity population only,13. Bank Logs,1,crypto_payment_or_conversion,Cryptocurrency payment or conversion reference,email_access_takeover,Email-access-enabled account takeover,0,0,0,1,0.0,0.0
exact_text_unique_sensitivity,One deterministic representative per combined-text SHA-256 value; sensitivity population only,13. Bank Logs,1,crypto_payment_or_conversion,Cryptocurrency payment or conversion reference,escrow_trust_reputation,"Escrow, trust, reputation, or scam-risk discourse",0,0,0,1,0.0,0.0
exact_text_unique_sensitivity,One deterministic representative per combined-text SHA-256 value; sensitivity population only,13. Bank Logs,1,crypto_payment_or_conversion,Cryptocurrency payment or conversion reference,fullz_identity_package,Fullz or identity package,0,0,0,1,0.0,0.0
exact_text_unique_sensitivity,One deterministic representative per combined-text SHA-256 value; sensitivity population only,13. Bank Logs,1,crypto_payment_or_conversion,Cryptocurrency payment or conversion reference,jurisdiction_localisation,Jurisdiction-specific bank or account reference,0,0,0,1,0.0,0.0
exact_text_unique_sensitivity,One deterministic representative per combined-text SHA-256 value; sensitivity population only,13. Bank Logs,1,crypto_payment_or_conversion,Cryptocurrency payment or conversion reference,mule_recruitment,Mule recruitment or account-holder solicitation,0,0,0,1,0.0,0.0
exact_text_unique_sensitivity,One deterministic representative per combined-text SHA-256 value; sensitivity population only,13. Bank Logs,1,crypto_payment_or_conversion,Cryptocurrency payment or conversion reference,telegram_off_platform,Telegram or private-channel coordination reference,0,0,0,1,0.0,0.0
exact_text_unique_sensitivity,One deterministic representative per combined-text SHA-256 value; sensitivity population only,13. Bank Logs,1,crypto_payment_or_conversion,Cryptocurrency payment or conversion reference,tutorial_training_recruitment,"Tutorial, guide, or training content",0,0,0,1,0.0,0.0
exact_text_unique_sensitivity,One deterministic representative per combined-text SHA-256 value; sensitivity population only,13. Bank Logs,1,email_access_takeover,Email-access-enabled account takeover,escrow_trust_reputation,"Escrow, trust, reputation, or scam-risk discourse",0,0,0,1,0.0,0.0
exact_text_unique_sensitivity,One deterministic representative per combined-text SHA-256 value; sensitivity population only,13. Bank Logs,1,email_access_takeover,Email-access-enabled account takeover,fullz_identity_package,Fullz or identity package,0,0,0,1,0.0,0.0
exact_text_unique_sensitivity,One deterministic representative per combined-text SHA-256 value; sensitivity population only,13. Bank Logs,1,email_access_takeover,Email-access-enabled account takeover,jurisdiction_localisation,Jurisdiction-specific bank or account reference,0,0,0,1,0.0,0.0
exact_text_unique_sensitivity,One deterministic representative per combined-text SHA-256 value; sensitivity population only,13. Bank Logs,1,email_access_takeover,Email-access-enabled account takeover,mule_recruitment,Mule recruitment or account-holder solicitation,0,0,0,1,0.0,0.0
exact_text_unique_sensitivity,One deterministic representative per combined-text SHA-256 value; sensitivity population only,13. Bank Logs,1,email_access_takeover,Email-access-enabled account takeover,telegram_off_platform,Telegram or private-channel coordination reference,0,0,0,1,0.0,0.0
exact_text_unique_sensitivity,One deterministic representative per combined-text SHA-256 value; sensitivity population only,13. Bank Logs,1,email_access_takeover,Email-access-enabled account takeover,tutorial_training_recruitment,"Tutorial, guide, or training content",0,0,0,1,0.0,0.0
exact_text_unique_sensitivity,One deterministic representative per combined-text SHA-256 value; sensitivity population only,13. Bank Logs,1,escrow_trust_reputation,"Escrow, trust, reputation, or scam-risk discourse",fullz_identity_package,Fullz or identity package,0,0,0,1,0.0,0.0
exact_text_unique_sensitivity,One deterministic representative per combined-text SHA-256 value; sensitivity population only,13. Bank Logs,1,escrow_trust_reputation,"Escrow, trust, reputation, or scam-risk discourse",jurisdiction_localisation,Jurisdiction-specific bank or account reference,0,0,0,1,0.0,0.0
exact_text_unique_sensitivity,One deterministic representative per combined-text SHA-256 value; sensitivity population only,13. Bank Logs,1,escrow_trust_reputation,"Escrow, trust, reputation, or scam-risk discourse",mule_recruitment,Mule recruitment or account-holder solicitation,0,0,0,1,0.0,0.0
exact_text_unique_sensitivity,One deterministic representative per combined-text SHA-256 value; sensitivity population only,13. Bank Logs,1,escrow_trust_reputation,"Escrow, trust, reputation, or scam-risk discourse",telegram_off_platform,Telegram or private-channel coordination reference,0,0,0,1,0.0,0.0
exact_text_unique_sensitivity,One deterministic representative per combined-text SHA-256 value; sensitivity population only,13. Bank Logs,1,escrow_trust_reputation,"Escrow, trust, reputation, or scam-risk discourse",tutorial_training_recruitment,"Tutorial, guide, or training content",0,0,0,1,0.0,0.0
exact_text_unique_sensitivity,One deterministic representative per combined-text SHA-256 value; sensitivity population only,13. Bank Logs,1,fullz_identity_package,Fullz or identity package,jurisdiction_localisation,Jurisdiction-specific bank or account reference,0,0,0,1,0.0,0.0
exact_text_unique_sensitivity,One deterministic representative per combined-text SHA-256 value; sensitivity population only,13. Bank Logs,1,fullz_identity_package,Fullz or identity package,mule_recruitment,Mule recruitment or account-holder solicitation,0,0,0,1,0.0,0.0
exact_text_unique_sensitivity,One deterministic representative per combined-text SHA-256 value; sensitivity population only,13. Bank Logs,1,fullz_identity_package,Fullz or identity package,telegram_off_platform,Telegram or private-channel coordination reference,0,0,0,1,0.0,0.0
exact_text_unique_sensitivity,One deterministic representative per combined-text SHA-256 value; sensitivity population only,13. Bank Logs,1,fullz_identity_package,Fullz or identity package,tutorial_training_recruitment,"Tutorial, guide, or training content",0,0,0,1,0.0,0.0
exact_text_unique_sensitivity,One deterministic representative per combined-text SHA-256 value; sensitivity population only,13. Bank Logs,1,jurisdiction_localisation,Jurisdiction-specific bank or account reference,mule_recruitment,Mule recruitment or account-holder solicitation,0,0,0,1,0.0,0.0
exact_text_unique_sensitivity,One deterministic representative per combined-text SHA-256 value; sensitivity population only,13. Bank Logs,1,jurisdiction_localisation,Jurisdiction-specific bank or account reference,telegram_off_platform,Telegram or private-channel coordination reference,0,0,0,1,0.0,0.0
exact_text_unique_sensitivity,One deterministic representative per combined-text SHA-256 value; sensitivity population only,13. Bank Logs,1,jurisdiction_localisation,Jurisdiction-specific bank or account reference,tutorial_training_recruitment,"Tutorial, guide, or training content",0,0,0,1,0.0,0.0
exact_text_unique_sensitivity,One deterministic representative per combined-text SHA-256 value; sensitivity population only,13. Bank Logs,1,mule_recruitment,Mule recruitment or account-holder solicitation,telegram_off_platform,Telegram or private-channel coordination reference,0,0,0,1,0.0,0.0
exact_text_unique_sensitivity,One deterministic representative per combined-text SHA-256 value; sensitivity population only,13. Bank Logs,1,mule_recruitment,Mule recruitment or account-holder solicitation,tutorial_training_recruitment,"Tutorial, guide, or training content",0,0,0,1,0.0,0.0
exact_text_unique_sensitivity,One deterministic representative per combined-text SHA-256 value; sensitivity population only,13. Bank Logs,1,telegram_off_platform,Telegram or private-channel coordination reference,tutorial_training_recruitment,"Tutorial, guide, or training content",0,0,0,1,0.0,0.0
exact_text_unique_sensitivity,One deterministic representative per combined-text SHA-256 value; sensitivity population only,14. Lonely Road,4,bank_drop_sale,Bank drop sale or bank-drop infrastructure,bank_log_sale,Compromised bank log sale or discussion,0,0,1,3,0.0,0.0
exact_text_unique_sensitivity,One deterministic representative per combined-text SHA-256 value; sensitivity population only,14. Lonely Road,4,bank_drop_sale,Bank drop sale or bank-drop infrastructure,cashout_laundering_service,Cash-out or laundering service,0,0,0,4,0.0,0.0
exact_text_unique_sensitivity,One deterministic representative per combined-text SHA-256 value; sensitivity population only,14. Lonely Road,4,bank_drop_sale,Bank drop sale or bank-drop infrastructure,crypto_payment_or_conversion,Cryptocurrency payment or conversion reference,0,0,3,1,0.0,0.0
exact_text_unique_sensitivity,One deterministic representative per combined-text SHA-256 value; sensitivity population only,14. Lonely Road,4,bank_drop_sale,Bank drop sale or bank-drop infrastructure,email_access_takeover,Email-access-enabled account takeover,0,0,0,4,0.0,0.0
exact_text_unique_sensitivity,One deterministic representative per combined-text SHA-256 value; sensitivity population only,14. Lonely Road,4,bank_drop_sale,Bank drop sale or bank-drop infrastructure,escrow_trust_reputation,"Escrow, trust, reputation, or scam-risk discourse",0,0,0,4,0.0,0.0
exact_text_unique_sensitivity,One deterministic representative per combined-text SHA-256 value; sensitivity population only,14. Lonely Road,4,bank_drop_sale,Bank drop sale or bank-drop infrastructure,fullz_identity_package,Fullz or identity package,0,0,0,4,0.0,0.0
exact_text_unique_sensitivity,One deterministic representative per combined-text SHA-256 value; sensitivity population only,14. Lonely Road,4,bank_drop_sale,Bank drop sale or bank-drop infrastructure,jurisdiction_localisation,Jurisdiction-specific bank or account reference,0,0,1,3,0.0,0.0
exact_text_unique_sensitivity,One deterministic representative per combined-text SHA-256 value; sensitivity population only,14. Lonely Road,4,bank_drop_sale,Bank drop sale or bank-drop infrastructure,mule_recruitment,Mule recruitment or account-holder solicitation,0,0,0,4,0.0,0.0
exact_text_unique_sensitivity,One deterministic representative per combined-text SHA-256 value; sensitivity population only,14. Lonely Road,4,bank_drop_sale,Bank drop sale or bank-drop infrastructure,telegram_off_platform,Telegram or private-channel coordination reference,0,0,0,4,0.0,0.0
exact_text_unique_sensitivity,One deterministic representative per combined-text SHA-256 value; sensitivity population only,14. Lonely Road,4,bank_drop_sale,Bank drop sale or bank-drop infrastructure,tutorial_training_recruitment,"Tutorial, guide, or training content",0,0,0,4,0.0,0.0
exact_text_unique_sensitivity,One deterministic representative per combined-text SHA-256 value; sensitivity population only,14. Lonely Road,4,bank_log_sale,Compromised bank log sale or discussion,cashout_laundering_service,Cash-out or laundering service,0,1,0,3,0.0,0.0
exact_text_unique_sensitivity,One deterministic representative per combined-text SHA-256 value; sensitivity population only,14. Lonely Road,4,bank_log_sale,Compromised bank log sale or discussion,crypto_payment_or_conversion,Cryptocurrency payment or conversion reference,1,0,2,1,0.333333,1.333333
exact_text_unique_sensitivity,One deterministic representative per combined-text SHA-256 value; sensitivity population only,14. Lonely Road,4,bank_log_sale,Compromised bank log sale or discussion,email_access_takeover,Email-access-enabled account takeover,0,1,0,3,0.0,0.0
exact_text_unique_sensitivity,One deterministic representative per combined-text SHA-256 value; sensitivity population only,14. Lonely Road,4,bank_log_sale,Compromised bank log sale or discussion,escrow_trust_reputation,"Escrow, trust, reputation, or scam-risk discourse",0,1,0,3,0.0,0.0
exact_text_unique_sensitivity,One deterministic representative per combined-text SHA-256 value; sensitivity population only,14. Lonely Road,4,bank_log_sale,Compromised bank log sale or discussion,fullz_identity_package,Fullz or identity package,0,1,0,3,0.0,0.0
exact_text_unique_sensitivity,One deterministic representative per combined-text SHA-256 value; sensitivity population only,14. Lonely Road,4,bank_log_sale,Compromised bank log sale or discussion,jurisdiction_localisation,Jurisdiction-specific bank or account reference,0,1,1,2,0.0,0.0
exact_text_unique_sensitivity,One deterministic representative per combined-text SHA-256 value; sensitivity population only,14. Lonely Road,4,bank_log_sale,Compromised bank log sale or discussion,mule_recruitment,Mule recruitment or account-holder solicitation,0,1,0,3,0.0,0.0
exact_text_unique_sensitivity,One deterministic representative per combined-text SHA-256 value; sensitivity population only,14. Lonely Road,4,bank_log_sale,Compromised bank log sale or discussion,telegram_off_platform,Telegram or private-channel coordination reference,0,1,0,3,0.0,0.0
exact_text_unique_sensitivity,One deterministic representative per combined-text SHA-256 value; sensitivity population only,14. Lonely Road,4,bank_log_sale,Compromised bank log sale or discussion,tutorial_training_recruitment,"Tutorial, guide, or training content",0,1,0,3,0.0,0.0
exact_text_unique_sensitivity,One deterministic representative per combined-text SHA-256 value; sensitivity population only,14. Lonely Road,4,cashout_laundering_service,Cash-out or laundering service,crypto_payment_or_conversion,Cryptocurrency payment or conversion reference,0,0,3,1,0.0,0.0
exact_text_unique_sensitivity,One deterministic representative per combined-text SHA-256 value; sensitivity population only,14. Lonely Road,4,cashout_laundering_service,Cash-out or laundering service,email_access_takeover,Email-access-enabled account takeover,0,0,0,4,0.0,0.0
exact_text_unique_sensitivity,One deterministic representative per combined-text SHA-256 value; sensitivity population only,14. Lonely Road,4,cashout_laundering_service,Cash-out or laundering service,escrow_trust_reputation,"Escrow, trust, reputation, or scam-risk discourse",0,0,0,4,0.0,0.0
exact_text_unique_sensitivity,One deterministic representative per combined-text SHA-256 value; sensitivity population only,14. Lonely Road,4,cashout_laundering_service,Cash-out or laundering service,fullz_identity_package,Fullz or identity package,0,0,0,4,0.0,0.0
exact_text_unique_sensitivity,One deterministic representative per combined-text SHA-256 value; sensitivity population only,14. Lonely Road,4,cashout_laundering_service,Cash-out or laundering service,jurisdiction_localisation,Jurisdiction-specific bank or account reference,0,0,1,3,0.0,0.0
exact_text_unique_sensitivity,One deterministic representative per combined-text SHA-256 value; sensitivity population only,14. Lonely Road,4,cashout_laundering_service,Cash-out or laundering service,mule_recruitment,Mule recruitment or account-holder solicitation,0,0,0,4,0.0,0.0
exact_text_unique_sensitivity,One deterministic representative per combined-text SHA-256 value; sensitivity population only,14. Lonely Road,4,cashout_laundering_service,Cash-out or laundering service,telegram_off_platform,Telegram or private-channel coordination reference,0,0,0,4,0.0,0.0
exact_text_unique_sensitivity,One deterministic representative per combined-text SHA-256 value; sensitivity population only,14. Lonely Road,4,cashout_laundering_service,Cash-out or laundering service,tutorial_training_recruitment,"Tutorial, guide, or training content",0,0,0,4,0.0,0.0
exact_text_unique_sensitivity,One deterministic representative per combined-text SHA-256 value; sensitivity population only,14. Lonely Road,4,crypto_payment_or_conversion,Cryptocurrency payment or conversion reference,email_access_takeover,Email-access-enabled account takeover,0,3,0,1,0.0,0.0
exact_text_unique_sensitivity,One deterministic representative per combined-text SHA-256 value; sensitivity population only,14. Lonely Road,4,crypto_payment_or_conversion,Cryptocurrency payment or conversion reference,escrow_trust_reputation,"Escrow, trust, reputation, or scam-risk discourse",0,3,0,1,0.0,0.0
exact_text_unique_sensitivity,One deterministic representative per combined-text SHA-256 value; sensitivity population only,14. Lonely Road,4,crypto_payment_or_conversion,Cryptocurrency payment or conversion reference,fullz_identity_package,Fullz or identity package,0,3,0,1,0.0,0.0
exact_text_unique_sensitivity,One deterministic representative per combined-text SHA-256 value; sensitivity population only,14. Lonely Road,4,crypto_payment_or_conversion,Cryptocurrency payment or conversion reference,jurisdiction_localisation,Jurisdiction-specific bank or account reference,0,3,1,0,0.0,0.0
exact_text_unique_sensitivity,One deterministic representative per combined-text SHA-256 value; sensitivity population only,14. Lonely Road,4,crypto_payment_or_conversion,Cryptocurrency payment or conversion reference,mule_recruitment,Mule recruitment or account-holder solicitation,0,3,0,1,0.0,0.0
exact_text_unique_sensitivity,One deterministic representative per combined-text SHA-256 value; sensitivity population only,14. Lonely Road,4,crypto_payment_or_conversion,Cryptocurrency payment or conversion reference,telegram_off_platform,Telegram or private-channel coordination reference,0,3,0,1,0.0,0.0
exact_text_unique_sensitivity,One deterministic representative per combined-text SHA-256 value; sensitivity population only,14. Lonely Road,4,crypto_payment_or_conversion,Cryptocurrency payment or conversion reference,tutorial_training_recruitment,"Tutorial, guide, or training content",0,3,0,1,0.0,0.0
exact_text_unique_sensitivity,One deterministic representative per combined-text SHA-256 value; sensitivity population only,14. Lonely Road,4,email_access_takeover,Email-access-enabled account takeover,escrow_trust_reputation,"Escrow, trust, reputation, or scam-risk discourse",0,0,0,4,0.0,0.0
exact_text_unique_sensitivity,One deterministic representative per combined-text SHA-256 value; sensitivity population only,14. Lonely Road,4,email_access_takeover,Email-access-enabled account takeover,fullz_identity_package,Fullz or identity package,0,0,0,4,0.0,0.0
exact_text_unique_sensitivity,One deterministic representative per combined-text SHA-256 value; sensitivity population only,14. Lonely Road,4,email_access_takeover,Email-access-enabled account takeover,jurisdiction_localisation,Jurisdiction-specific bank or account reference,0,0,1,3,0.0,0.0
exact_text_unique_sensitivity,One deterministic representative per combined-text SHA-256 value; sensitivity population only,14. Lonely Road,4,email_access_takeover,Email-access-enabled account takeover,mule_recruitment,Mule recruitment or account-holder solicitation,0,0,0,4,0.0,0.0
exact_text_unique_sensitivity,One deterministic representative per combined-text SHA-256 value; sensitivity population only,14. Lonely Road,4,email_access_takeover,Email-access-enabled account takeover,telegram_off_platform,Telegram or private-channel coordination reference,0,0,0,4,0.0,0.0
exact_text_unique_sensitivity,One deterministic representative per combined-text SHA-256 value; sensitivity population only,14. Lonely Road,4,email_access_takeover,Email-access-enabled account takeover,tutorial_training_recruitment,"Tutorial, guide, or training content",0,0,0,4,0.0,0.0
exact_text_unique_sensitivity,One deterministic representative per combined-text SHA-256 value; sensitivity population only,14. Lonely Road,4,escrow_trust_reputation,"Escrow, trust, reputation, or scam-risk discourse",fullz_identity_package,Fullz or identity package,0,0,0,4,0.0,0.0
exact_text_unique_sensitivity,One deterministic representative per combined-text SHA-256 value; sensitivity population only,14. Lonely Road,4,escrow_trust_reputation,"Escrow, trust, reputation, or scam-risk discourse",jurisdiction_localisation,Jurisdiction-specific bank or account reference,0,0,1,3,0.0,0.0
exact_text_unique_sensitivity,One deterministic representative per combined-text SHA-256 value; sensitivity population only,14. Lonely Road,4,escrow_trust_reputation,"Escrow, trust, reputation, or scam-risk discourse",mule_recruitment,Mule recruitment or account-holder solicitation,0,0,0,4,0.0,0.0
exact_text_unique_sensitivity,One deterministic representative per combined-text SHA-256 value; sensitivity population only,14. Lonely Road,4,escrow_trust_reputation,"Escrow, trust, reputation, or scam-risk discourse",telegram_off_platform,Telegram or private-channel coordination reference,0,0,0,4,0.0,0.0
exact_text_unique_sensitivity,One deterministic representative per combined-text SHA-256 value; sensitivity population only,14. Lonely Road,4,escrow_trust_reputation,"Escrow, trust, reputation, or scam-risk discourse",tutorial_training_recruitment,"Tutorial, guide, or training content",0,0,0,4,0.0,0.0
exact_text_unique_sensitivity,One deterministic representative per combined-text SHA-256 value; sensitivity population only,14. Lonely Road,4,fullz_identity_package,Fullz or identity package,jurisdiction_localisation,Jurisdiction-specific bank or account reference,0,0,1,3,0.0,0.0
exact_text_unique_sensitivity,One deterministic representative per combined-text SHA-256 value; sensitivity population only,14. Lonely Road,4,fullz_identity_package,Fullz or identity package,mule_recruitment,Mule recruitment or account-holder solicitation,0,0,0,4,0.0,0.0
exact_text_unique_sensitivity,One deterministic representative per combined-text SHA-256 value; sensitivity population only,14. Lonely Road,4,fullz_identity_package,Fullz or identity package,telegram_off_platform,Telegram or private-channel coordination reference,0,0,0,4,0.0,0.0
exact_text_unique_sensitivity,One deterministic representative per combined-text SHA-256 value; sensitivity population only,14. Lonely Road,4,fullz_identity_package,Fullz or identity package,tutorial_training_recruitment,"Tutorial, guide, or training content",0,0,0,4,0.0,0.0
exact_text_unique_sensitivity,One deterministic representative per combined-text SHA-256 value; sensitivity population only,14. Lonely Road,4,jurisdiction_localisation,Jurisdiction-specific bank or account reference,mule_recruitment,Mule recruitment or account-holder solicitation,0,1,0,3,0.0,0.0
exact_text_unique_sensitivity,One deterministic representative per combined-text SHA-256 value; sensitivity population only,14. Lonely Road,4,jurisdiction_localisation,Jurisdiction-specific bank or account reference,telegram_off_platform,Telegram or private-channel coordination reference,0,1,0,3,0.0,0.0
exact_text_unique_sensitivity,One deterministic representative per combined-text SHA-256 value; sensitivity population only,14. Lonely Road,4,jurisdiction_localisation,Jurisdiction-specific bank or account reference,tutorial_training_recruitment,"Tutorial, guide, or training content",0,1,0,3,0.0,0.0
exact_text_unique_sensitivity,One deterministic representative per combined-text SHA-256 value; sensitivity population only,14. Lonely Road,4,mule_recruitment,Mule recruitment or account-holder solicitation,telegram_off_platform,Telegram or private-channel coordination reference,0,0,0,4,0.0,0.0
exact_text_unique_sensitivity,One deterministic representative per combined-text SHA-256 value; sensitivity population only,14. Lonely Road,4,mule_recruitment,Mule recruitment or account-holder solicitation,tutorial_training_recruitment,"Tutorial, guide, or training content",0,0,0,4,0.0,0.0
exact_text_unique_sensitivity,One deterministic representative per combined-text SHA-256 value; sensitivity population only,14. Lonely Road,4,telegram_off_platform,Telegram or private-channel coordination reference,tutorial_training_recruitment,"Tutorial, guide, or training content",0,0,0,4,0.0,0.0
exact_text_unique_sensitivity,One deterministic representative per combined-text SHA-256 value; sensitivity population only,15. Tenebris,6,bank_drop_sale,Bank drop sale or bank-drop infrastructure,bank_log_sale,Compromised bank log sale or discussion,0,1,3,2,0.0,0.0
exact_text_unique_sensitivity,One deterministic representative per combined-text SHA-256 value; sensitivity population only,15. Tenebris,6,bank_drop_sale,Bank drop sale or bank-drop infrastructure,cashout_laundering_service,Cash-out or laundering service,0,1,3,2,0.0,0.0
exact_text_unique_sensitivity,One deterministic representative per combined-text SHA-256 value; sensitivity population only,15. Tenebris,6,bank_drop_sale,Bank drop sale or bank-drop infrastructure,crypto_payment_or_conversion,Cryptocurrency payment or conversion reference,0,1,4,1,0.0,0.0
exact_text_unique_sensitivity,One deterministic representative per combined-text SHA-256 value; sensitivity population only,15. Tenebris,6,bank_drop_sale,Bank drop sale or bank-drop infrastructure,email_access_takeover,Email-access-enabled account takeover,0,1,1,4,0.0,0.0
exact_text_unique_sensitivity,One deterministic representative per combined-text SHA-256 value; sensitivity population only,15. Tenebris,6,bank_drop_sale,Bank drop sale or bank-drop infrastructure,escrow_trust_reputation,"Escrow, trust, reputation, or scam-risk discourse",0,1,3,2,0.0,0.0
exact_text_unique_sensitivity,One deterministic representative per combined-text SHA-256 value; sensitivity population only,15. Tenebris,6,bank_drop_sale,Bank drop sale or bank-drop infrastructure,fullz_identity_package,Fullz or identity package,0,1,0,5,0.0,0.0
exact_text_unique_sensitivity,One deterministic representative per combined-text SHA-256 value; sensitivity population only,15. Tenebris,6,bank_drop_sale,Bank drop sale or bank-drop infrastructure,jurisdiction_localisation,Jurisdiction-specific bank or account reference,0,1,1,4,0.0,0.0
exact_text_unique_sensitivity,One deterministic representative per combined-text SHA-256 value; sensitivity population only,15. Tenebris,6,bank_drop_sale,Bank drop sale or bank-drop infrastructure,mule_recruitment,Mule recruitment or account-holder solicitation,0,1,0,5,0.0,0.0
exact_text_unique_sensitivity,One deterministic representative per combined-text SHA-256 value; sensitivity population only,15. Tenebris,6,bank_drop_sale,Bank drop sale or bank-drop infrastructure,telegram_off_platform,Telegram or private-channel coordination reference,0,1,4,1,0.0,0.0
exact_text_unique_sensitivity,One deterministic representative per combined-text SHA-256 value; sensitivity population only,15. Tenebris,6,bank_drop_sale,Bank drop sale or bank-drop infrastructure,tutorial_training_recruitment,"Tutorial, guide, or training content",0,1,3,2,0.0,0.0
exact_text_unique_sensitivity,One deterministic representative per combined-text SHA-256 value; sensitivity population only,15. Tenebris,6,bank_log_sale,Compromised bank log sale or discussion,cashout_laundering_service,Cash-out or laundering service,3,0,0,3,1.0,2.0
exact_text_unique_sensitivity,One deterministic representative per combined-text SHA-256 value; sensitivity population only,15. Tenebris,6,bank_log_sale,Compromised bank log sale or discussion,crypto_payment_or_conversion,Cryptocurrency payment or conversion reference,3,0,1,2,0.75,1.5
exact_text_unique_sensitivity,One deterministic representative per combined-text SHA-256 value; sensitivity population only,15. Tenebris,6,bank_log_sale,Compromised bank log sale or discussion,email_access_takeover,Email-access-enabled account takeover,1,2,0,3,0.333333,2.0
exact_text_unique_sensitivity,One deterministic representative per combined-text SHA-256 value; sensitivity population only,15. Tenebris,6,bank_log_sale,Compromised bank log sale or discussion,escrow_trust_reputation,"Escrow, trust, reputation, or scam-risk discourse",2,1,1,2,0.5,1.333333
exact_text_unique_sensitivity,One deterministic representative per combined-text SHA-256 value; sensitivity population only,15. Tenebris,6,bank_log_sale,Compromised bank log sale or discussion,fullz_identity_package,Fullz or identity package,0,3,0,3,0.0,0.0
exact_text_unique_sensitivity,One deterministic representative per combined-text SHA-256 value; sensitivity population only,15. Tenebris,6,bank_log_sale,Compromised bank log sale or discussion,jurisdiction_localisation,Jurisdiction-specific bank or account reference,1,2,0,3,0.333333,2.0
exact_text_unique_sensitivity,One deterministic representative per combined-text SHA-256 value; sensitivity population only,15. Tenebris,6,bank_log_sale,Compromised bank log sale or discussion,mule_recruitment,Mule recruitment or account-holder solicitation,0,3,0,3,0.0,0.0
exact_text_unique_sensitivity,One deterministic representative per combined-text SHA-256 value; sensitivity population only,15. Tenebris,6,bank_log_sale,Compromised bank log sale or discussion,telegram_off_platform,Telegram or private-channel coordination reference,3,0,1,2,0.75,1.5
exact_text_unique_sensitivity,One deterministic representative per combined-text SHA-256 value; sensitivity population only,15. Tenebris,6,bank_log_sale,Compromised bank log sale or discussion,tutorial_training_recruitment,"Tutorial, guide, or training content",3,0,0,3,1.0,2.0
exact_text_unique_sensitivity,One deterministic representative per combined-text SHA-256 value; sensitivity population only,15. Tenebris,6,cashout_laundering_service,Cash-out or laundering service,crypto_payment_or_conversion,Cryptocurrency payment or conversion reference,3,0,1,2,0.75,1.5
exact_text_unique_sensitivity,One deterministic representative per combined-text SHA-256 value; sensitivity population only,15. Tenebris,6,cashout_laundering_service,Cash-out or laundering service,email_access_takeover,Email-access-enabled account takeover,1,2,0,3,0.333333,2.0
exact_text_unique_sensitivity,One deterministic representative per combined-text SHA-256 value; sensitivity population only,15. Tenebris,6,cashout_laundering_service,Cash-out or laundering service,escrow_trust_reputation,"Escrow, trust, reputation, or scam-risk discourse",2,1,1,2,0.5,1.333333
exact_text_unique_sensitivity,One deterministic representative per combined-text SHA-256 value; sensitivity population only,15. Tenebris,6,cashout_laundering_service,Cash-out or laundering service,fullz_identity_package,Fullz or identity package,0,3,0,3,0.0,0.0
exact_text_unique_sensitivity,One deterministic representative per combined-text SHA-256 value; sensitivity population only,15. Tenebris,6,cashout_laundering_service,Cash-out or laundering service,jurisdiction_localisation,Jurisdiction-specific bank or account reference,1,2,0,3,0.333333,2.0
exact_text_unique_sensitivity,One deterministic representative per combined-text SHA-256 value; sensitivity population only,15. Tenebris,6,cashout_laundering_service,Cash-out or laundering service,mule_recruitment,Mule recruitment or account-holder solicitation,0,3,0,3,0.0,0.0
exact_text_unique_sensitivity,One deterministic representative per combined-text SHA-256 value; sensitivity population only,15. Tenebris,6,cashout_laundering_service,Cash-out or laundering service,telegram_off_platform,Telegram or private-channel coordination reference,3,0,1,2,0.75,1.5
exact_text_unique_sensitivity,One deterministic representative per combined-text SHA-256 value; sensitivity population only,15. Tenebris,6,cashout_laundering_service,Cash-out or laundering service,tutorial_training_recruitment,"Tutorial, guide, or training content",3,0,0,3,1.0,2.0
exact_text_unique_sensitivity,One deterministic representative per combined-text SHA-256 value; sensitivity population only,15. Tenebris,6,crypto_payment_or_conversion,Cryptocurrency payment or conversion reference,email_access_takeover,Email-access-enabled account takeover,1,3,0,2,0.25,1.5
exact_text_unique_sensitivity,One deterministic representative per combined-text SHA-256 value; sensitivity population only,15. Tenebris,6,crypto_payment_or_conversion,Cryptocurrency payment or conversion reference,escrow_trust_reputation,"Escrow, trust, reputation, or scam-risk discourse",3,1,0,2,0.75,1.5
exact_text_unique_sensitivity,One deterministic representative per combined-text SHA-256 value; sensitivity population only,15. Tenebris,6,crypto_payment_or_conversion,Cryptocurrency payment or conversion reference,fullz_identity_package,Fullz or identity package,0,4,0,2,0.0,0.0
exact_text_unique_sensitivity,One deterministic representative per combined-text SHA-256 value; sensitivity population only,15. Tenebris,6,crypto_payment_or_conversion,Cryptocurrency payment or conversion reference,jurisdiction_localisation,Jurisdiction-specific bank or account reference,1,3,0,2,0.25,1.5
exact_text_unique_sensitivity,One deterministic representative per combined-text SHA-256 value; sensitivity population only,15. Tenebris,6,crypto_payment_or_conversion,Cryptocurrency payment or conversion reference,mule_recruitment,Mule recruitment or account-holder solicitation,0,4,0,2,0.0,0.0
exact_text_unique_sensitivity,One deterministic representative per combined-text SHA-256 value; sensitivity population only,15. Tenebris,6,crypto_payment_or_conversion,Cryptocurrency payment or conversion reference,telegram_off_platform,Telegram or private-channel coordination reference,4,0,0,2,1.0,1.5
exact_text_unique_sensitivity,One deterministic representative per combined-text SHA-256 value; sensitivity population only,15. Tenebris,6,crypto_payment_or_conversion,Cryptocurrency payment or conversion reference,tutorial_training_recruitment,"Tutorial, guide, or training content",3,1,0,2,0.75,1.5
exact_text_unique_sensitivity,One deterministic representative per combined-text SHA-256 value; sensitivity population only,15. Tenebris,6,email_access_takeover,Email-access-enabled account takeover,escrow_trust_reputation,"Escrow, trust, reputation, or scam-risk discourse",1,0,2,3,0.333333,2.0
exact_text_unique_sensitivity,One deterministic representative per combined-text SHA-256 value; sensitivity population only,15. Tenebris,6,email_access_takeover,Email-access-enabled account takeover,fullz_identity_package,Fullz or identity package,0,1,0,5,0.0,0.0
exact_text_unique_sensitivity,One deterministic representative per combined-text SHA-256 value; sensitivity population only,15. Tenebris,6,email_access_takeover,Email-access-enabled account takeover,jurisdiction_localisation,Jurisdiction-specific bank or account reference,0,1,1,4,0.0,0.0
exact_text_unique_sensitivity,One deterministic representative per combined-text SHA-256 value; sensitivity population only,15. Tenebris,6,email_access_takeover,Email-access-enabled account takeover,mule_recruitment,Mule recruitment or account-holder solicitation,0,1,0,5,0.0,0.0
exact_text_unique_sensitivity,One deterministic representative per combined-text SHA-256 value; sensitivity population only,15. Tenebris,6,email_access_takeover,Email-access-enabled account takeover,telegram_off_platform,Telegram or private-channel coordination reference,1,0,3,2,0.25,1.5
exact_text_unique_sensitivity,One deterministic representative per combined-text SHA-256 value; sensitivity population only,15. Tenebris,6,email_access_takeover,Email-access-enabled account takeover,tutorial_training_recruitment,"Tutorial, guide, or training content",1,0,2,3,0.333333,2.0
exact_text_unique_sensitivity,One deterministic representative per combined-text SHA-256 value; sensitivity population only,15. Tenebris,6,escrow_trust_reputation,"Escrow, trust, reputation, or scam-risk discourse",fullz_identity_package,Fullz or identity package,0,3,0,3,0.0,0.0
exact_text_unique_sensitivity,One deterministic representative per combined-text SHA-256 value; sensitivity population only,15. Tenebris,6,escrow_trust_reputation,"Escrow, trust, reputation, or scam-risk discourse",jurisdiction_localisation,Jurisdiction-specific bank or account reference,0,3,1,2,0.0,0.0
exact_text_unique_sensitivity,One deterministic representative per combined-text SHA-256 value; sensitivity population only,15. Tenebris,6,escrow_trust_reputation,"Escrow, trust, reputation, or scam-risk discourse",mule_recruitment,Mule recruitment or account-holder solicitation,0,3,0,3,0.0,0.0
exact_text_unique_sensitivity,One deterministic representative per combined-text SHA-256 value; sensitivity population only,15. Tenebris,6,escrow_trust_reputation,"Escrow, trust, reputation, or scam-risk discourse",telegram_off_platform,Telegram or private-channel coordination reference,3,0,1,2,0.75,1.5
exact_text_unique_sensitivity,One deterministic representative per combined-text SHA-256 value; sensitivity population only,15. Tenebris,6,escrow_trust_reputation,"Escrow, trust, reputation, or scam-risk discourse",tutorial_training_recruitment,"Tutorial, guide, or training content",2,1,1,2,0.5,1.333333
exact_text_unique_sensitivity,One deterministic representative per combined-text SHA-256 value; sensitivity population only,15. Tenebris,6,fullz_identity_package,Fullz or identity package,jurisdiction_localisation,Jurisdiction-specific bank or account reference,0,0,1,5,0.0,0.0
exact_text_unique_sensitivity,One deterministic representative per combined-text SHA-256 value; sensitivity population only,15. Tenebris,6,fullz_identity_package,Fullz or identity package,mule_recruitment,Mule recruitment or account-holder solicitation,0,0,0,6,0.0,0.0
exact_text_unique_sensitivity,One deterministic representative per combined-text SHA-256 value; sensitivity population only,15. Tenebris,6,fullz_identity_package,Fullz or identity package,telegram_off_platform,Telegram or private-channel coordination reference,0,0,4,2,0.0,0.0
exact_text_unique_sensitivity,One deterministic representative per combined-text SHA-256 value; sensitivity population only,15. Tenebris,6,fullz_identity_package,Fullz or identity package,tutorial_training_recruitment,"Tutorial, guide, or training content",0,0,3,3,0.0,0.0
exact_text_unique_sensitivity,One deterministic representative per combined-text SHA-256 value; sensitivity population only,15. Tenebris,6,jurisdiction_localisation,Jurisdiction-specific bank or account reference,mule_recruitment,Mule recruitment or account-holder solicitation,0,1,0,5,0.0,0.0
exact_text_unique_sensitivity,One deterministic representative per combined-text SHA-256 value; sensitivity population only,15. Tenebris,6,jurisdiction_localisation,Jurisdiction-specific bank or account reference,telegram_off_platform,Telegram or private-channel coordination reference,1,0,3,2,0.25,1.5
exact_text_unique_sensitivity,One deterministic representative per combined-text SHA-256 value; sensitivity population only,15. Tenebris,6,jurisdiction_localisation,Jurisdiction-specific bank or account reference,tutorial_training_recruitment,"Tutorial, guide, or training content",1,0,2,3,0.333333,2.0
exact_text_unique_sensitivity,One deterministic representative per combined-text SHA-256 value; sensitivity population only,15. Tenebris,6,mule_recruitment,Mule recruitment or account-holder solicitation,telegram_off_platform,Telegram or private-channel coordination reference,0,0,4,2,0.0,0.0
exact_text_unique_sensitivity,One deterministic representative per combined-text SHA-256 value; sensitivity population only,15. Tenebris,6,mule_recruitment,Mule recruitment or account-holder solicitation,tutorial_training_recruitment,"Tutorial, guide, or training content",0,0,3,3,0.0,0.0
exact_text_unique_sensitivity,One deterministic representative per combined-text SHA-256 value; sensitivity population only,15. Tenebris,6,telegram_off_platform,Telegram or private-channel coordination reference,tutorial_training_recruitment,"Tutorial, guide, or training content",3,1,0,2,0.75,1.5
exact_text_unique_sensitivity,One deterministic representative per combined-text SHA-256 value; sensitivity population only,17. XmrBazaar,3,bank_drop_sale,Bank drop sale or bank-drop infrastructure,bank_log_sale,Compromised bank log sale or discussion,0,1,0,2,0.0,0.0
exact_text_unique_sensitivity,One deterministic representative per combined-text SHA-256 value; sensitivity population only,17. XmrBazaar,3,bank_drop_sale,Bank drop sale or bank-drop infrastructure,cashout_laundering_service,Cash-out or laundering service,0,1,0,2,0.0,0.0
exact_text_unique_sensitivity,One deterministic representative per combined-text SHA-256 value; sensitivity population only,17. XmrBazaar,3,bank_drop_sale,Bank drop sale or bank-drop infrastructure,crypto_payment_or_conversion,Cryptocurrency payment or conversion reference,1,0,1,1,0.5,1.5
exact_text_unique_sensitivity,One deterministic representative per combined-text SHA-256 value; sensitivity population only,17. XmrBazaar,3,bank_drop_sale,Bank drop sale or bank-drop infrastructure,email_access_takeover,Email-access-enabled account takeover,0,1,0,2,0.0,0.0
exact_text_unique_sensitivity,One deterministic representative per combined-text SHA-256 value; sensitivity population only,17. XmrBazaar,3,bank_drop_sale,Bank drop sale or bank-drop infrastructure,escrow_trust_reputation,"Escrow, trust, reputation, or scam-risk discourse",0,1,1,1,0.0,0.0
exact_text_unique_sensitivity,One deterministic representative per combined-text SHA-256 value; sensitivity population only,17. XmrBazaar,3,bank_drop_sale,Bank drop sale or bank-drop infrastructure,fullz_identity_package,Fullz or identity package,0,1,0,2,0.0,0.0
exact_text_unique_sensitivity,One deterministic representative per combined-text SHA-256 value; sensitivity population only,17. XmrBazaar,3,bank_drop_sale,Bank drop sale or bank-drop infrastructure,jurisdiction_localisation,Jurisdiction-specific bank or account reference,0,1,0,2,0.0,0.0
exact_text_unique_sensitivity,One deterministic representative per combined-text SHA-256 value; sensitivity population only,17. XmrBazaar,3,bank_drop_sale,Bank drop sale or bank-drop infrastructure,mule_recruitment,Mule recruitment or account-holder solicitation,0,1,0,2,0.0,0.0
exact_text_unique_sensitivity,One deterministic representative per combined-text SHA-256 value; sensitivity population only,17. XmrBazaar,3,bank_drop_sale,Bank drop sale or bank-drop infrastructure,telegram_off_platform,Telegram or private-channel coordination reference,0,1,0,2,0.0,0.0
exact_text_unique_sensitivity,One deterministic representative per combined-text SHA-256 value; sensitivity population only,17. XmrBazaar,3,bank_drop_sale,Bank drop sale or bank-drop infrastructure,tutorial_training_recruitment,"Tutorial, guide, or training content",0,1,1,1,0.0,0.0
exact_text_unique_sensitivity,One deterministic representative per combined-text SHA-256 value; sensitivity population only,17. XmrBazaar,3,bank_log_sale,Compromised bank log sale or discussion,cashout_laundering_service,Cash-out or laundering service,0,0,0,3,0.0,0.0
exact_text_unique_sensitivity,One deterministic representative per combined-text SHA-256 value; sensitivity population only,17. XmrBazaar,3,bank_log_sale,Compromised bank log sale or discussion,crypto_payment_or_conversion,Cryptocurrency payment or conversion reference,0,0,2,1,0.0,0.0
exact_text_unique_sensitivity,One deterministic representative per combined-text SHA-256 value; sensitivity population only,17. XmrBazaar,3,bank_log_sale,Compromised bank log sale or discussion,email_access_takeover,Email-access-enabled account takeover,0,0,0,3,0.0,0.0
exact_text_unique_sensitivity,One deterministic representative per combined-text SHA-256 value; sensitivity population only,17. XmrBazaar,3,bank_log_sale,Compromised bank log sale or discussion,escrow_trust_reputation,"Escrow, trust, reputation, or scam-risk discourse",0,0,1,2,0.0,0.0
exact_text_unique_sensitivity,One deterministic representative per combined-text SHA-256 value; sensitivity population only,17. XmrBazaar,3,bank_log_sale,Compromised bank log sale or discussion,fullz_identity_package,Fullz or identity package,0,0,0,3,0.0,0.0
exact_text_unique_sensitivity,One deterministic representative per combined-text SHA-256 value; sensitivity population only,17. XmrBazaar,3,bank_log_sale,Compromised bank log sale or discussion,jurisdiction_localisation,Jurisdiction-specific bank or account reference,0,0,0,3,0.0,0.0
exact_text_unique_sensitivity,One deterministic representative per combined-text SHA-256 value; sensitivity population only,17. XmrBazaar,3,bank_log_sale,Compromised bank log sale or discussion,mule_recruitment,Mule recruitment or account-holder solicitation,0,0,0,3,0.0,0.0
exact_text_unique_sensitivity,One deterministic representative per combined-text SHA-256 value; sensitivity population only,17. XmrBazaar,3,bank_log_sale,Compromised bank log sale or discussion,telegram_off_platform,Telegram or private-channel coordination reference,0,0,0,3,0.0,0.0
exact_text_unique_sensitivity,One deterministic representative per combined-text SHA-256 value; sensitivity population only,17. XmrBazaar,3,bank_log_sale,Compromised bank log sale or discussion,tutorial_training_recruitment,"Tutorial, guide, or training content",0,0,1,2,0.0,0.0
exact_text_unique_sensitivity,One deterministic representative per combined-text SHA-256 value; sensitivity population only,17. XmrBazaar,3,cashout_laundering_service,Cash-out or laundering service,crypto_payment_or_conversion,Cryptocurrency payment or conversion reference,0,0,2,1,0.0,0.0
exact_text_unique_sensitivity,One deterministic representative per combined-text SHA-256 value; sensitivity population only,17. XmrBazaar,3,cashout_laundering_service,Cash-out or laundering service,email_access_takeover,Email-access-enabled account takeover,0,0,0,3,0.0,0.0
exact_text_unique_sensitivity,One deterministic representative per combined-text SHA-256 value; sensitivity population only,17. XmrBazaar,3,cashout_laundering_service,Cash-out or laundering service,escrow_trust_reputation,"Escrow, trust, reputation, or scam-risk discourse",0,0,1,2,0.0,0.0
exact_text_unique_sensitivity,One deterministic representative per combined-text SHA-256 value; sensitivity population only,17. XmrBazaar,3,cashout_laundering_service,Cash-out or laundering service,fullz_identity_package,Fullz or identity package,0,0,0,3,0.0,0.0
exact_text_unique_sensitivity,One deterministic representative per combined-text SHA-256 value; sensitivity population only,17. XmrBazaar,3,cashout_laundering_service,Cash-out or laundering service,jurisdiction_localisation,Jurisdiction-specific bank or account reference,0,0,0,3,0.0,0.0
exact_text_unique_sensitivity,One deterministic representative per combined-text SHA-256 value; sensitivity population only,17. XmrBazaar,3,cashout_laundering_service,Cash-out or laundering service,mule_recruitment,Mule recruitment or account-holder solicitation,0,0,0,3,0.0,0.0
exact_text_unique_sensitivity,One deterministic representative per combined-text SHA-256 value; sensitivity population only,17. XmrBazaar,3,cashout_laundering_service,Cash-out or laundering service,telegram_off_platform,Telegram or private-channel coordination reference,0,0,0,3,0.0,0.0
exact_text_unique_sensitivity,One deterministic representative per combined-text SHA-256 value; sensitivity population only,17. XmrBazaar,3,cashout_laundering_service,Cash-out or laundering service,tutorial_training_recruitment,"Tutorial, guide, or training content",0,0,1,2,0.0,0.0
exact_text_unique_sensitivity,One deterministic representative per combined-text SHA-256 value; sensitivity population only,17. XmrBazaar,3,crypto_payment_or_conversion,Cryptocurrency payment or conversion reference,email_access_takeover,Email-access-enabled account takeover,0,2,0,1,0.0,0.0
exact_text_unique_sensitivity,One deterministic representative per combined-text SHA-256 value; sensitivity population only,17. XmrBazaar,3,crypto_payment_or_conversion,Cryptocurrency payment or conversion reference,escrow_trust_reputation,"Escrow, trust, reputation, or scam-risk discourse",1,1,0,1,0.5,1.5
exact_text_unique_sensitivity,One deterministic representative per combined-text SHA-256 value; sensitivity population only,17. XmrBazaar,3,crypto_payment_or_conversion,Cryptocurrency payment or conversion reference,fullz_identity_package,Fullz or identity package,0,2,0,1,0.0,0.0
exact_text_unique_sensitivity,One deterministic representative per combined-text SHA-256 value; sensitivity population only,17. XmrBazaar,3,crypto_payment_or_conversion,Cryptocurrency payment or conversion reference,jurisdiction_localisation,Jurisdiction-specific bank or account reference,0,2,0,1,0.0,0.0
exact_text_unique_sensitivity,One deterministic representative per combined-text SHA-256 value; sensitivity population only,17. XmrBazaar,3,crypto_payment_or_conversion,Cryptocurrency payment or conversion reference,mule_recruitment,Mule recruitment or account-holder solicitation,0,2,0,1,0.0,0.0
exact_text_unique_sensitivity,One deterministic representative per combined-text SHA-256 value; sensitivity population only,17. XmrBazaar,3,crypto_payment_or_conversion,Cryptocurrency payment or conversion reference,telegram_off_platform,Telegram or private-channel coordination reference,0,2,0,1,0.0,0.0
exact_text_unique_sensitivity,One deterministic representative per combined-text SHA-256 value; sensitivity population only,17. XmrBazaar,3,crypto_payment_or_conversion,Cryptocurrency payment or conversion reference,tutorial_training_recruitment,"Tutorial, guide, or training content",1,1,0,1,0.5,1.5
exact_text_unique_sensitivity,One deterministic representative per combined-text SHA-256 value; sensitivity population only,17. XmrBazaar,3,email_access_takeover,Email-access-enabled account takeover,escrow_trust_reputation,"Escrow, trust, reputation, or scam-risk discourse",0,0,1,2,0.0,0.0
exact_text_unique_sensitivity,One deterministic representative per combined-text SHA-256 value; sensitivity population only,17. XmrBazaar,3,email_access_takeover,Email-access-enabled account takeover,fullz_identity_package,Fullz or identity package,0,0,0,3,0.0,0.0
exact_text_unique_sensitivity,One deterministic representative per combined-text SHA-256 value; sensitivity population only,17. XmrBazaar,3,email_access_takeover,Email-access-enabled account takeover,jurisdiction_localisation,Jurisdiction-specific bank or account reference,0,0,0,3,0.0,0.0
exact_text_unique_sensitivity,One deterministic representative per combined-text SHA-256 value; sensitivity population only,17. XmrBazaar,3,email_access_takeover,Email-access-enabled account takeover,mule_recruitment,Mule recruitment or account-holder solicitation,0,0,0,3,0.0,0.0
exact_text_unique_sensitivity,One deterministic representative per combined-text SHA-256 value; sensitivity population only,17. XmrBazaar,3,email_access_takeover,Email-access-enabled account takeover,telegram_off_platform,Telegram or private-channel coordination reference,0,0,0,3,0.0,0.0
exact_text_unique_sensitivity,One deterministic representative per combined-text SHA-256 value; sensitivity population only,17. XmrBazaar,3,email_access_takeover,Email-access-enabled account takeover,tutorial_training_recruitment,"Tutorial, guide, or training content",0,0,1,2,0.0,0.0
exact_text_unique_sensitivity,One deterministic representative per combined-text SHA-256 value; sensitivity population only,17. XmrBazaar,3,escrow_trust_reputation,"Escrow, trust, reputation, or scam-risk discourse",fullz_identity_package,Fullz or identity package,0,1,0,2,0.0,0.0
exact_text_unique_sensitivity,One deterministic representative per combined-text SHA-256 value; sensitivity population only,17. XmrBazaar,3,escrow_trust_reputation,"Escrow, trust, reputation, or scam-risk discourse",jurisdiction_localisation,Jurisdiction-specific bank or account reference,0,1,0,2,0.0,0.0
exact_text_unique_sensitivity,One deterministic representative per combined-text SHA-256 value; sensitivity population only,17. XmrBazaar,3,escrow_trust_reputation,"Escrow, trust, reputation, or scam-risk discourse",mule_recruitment,Mule recruitment or account-holder solicitation,0,1,0,2,0.0,0.0
exact_text_unique_sensitivity,One deterministic representative per combined-text SHA-256 value; sensitivity population only,17. XmrBazaar,3,escrow_trust_reputation,"Escrow, trust, reputation, or scam-risk discourse",telegram_off_platform,Telegram or private-channel coordination reference,0,1,0,2,0.0,0.0
exact_text_unique_sensitivity,One deterministic representative per combined-text SHA-256 value; sensitivity population only,17. XmrBazaar,3,escrow_trust_reputation,"Escrow, trust, reputation, or scam-risk discourse",tutorial_training_recruitment,"Tutorial, guide, or training content",1,0,0,2,1.0,3.0
exact_text_unique_sensitivity,One deterministic representative per combined-text SHA-256 value; sensitivity population only,17. XmrBazaar,3,fullz_identity_package,Fullz or identity package,jurisdiction_localisation,Jurisdiction-specific bank or account reference,0,0,0,3,0.0,0.0
exact_text_unique_sensitivity,One deterministic representative per combined-text SHA-256 value; sensitivity population only,17. XmrBazaar,3,fullz_identity_package,Fullz or identity package,mule_recruitment,Mule recruitment or account-holder solicitation,0,0,0,3,0.0,0.0
exact_text_unique_sensitivity,One deterministic representative per combined-text SHA-256 value; sensitivity population only,17. XmrBazaar,3,fullz_identity_package,Fullz or identity package,telegram_off_platform,Telegram or private-channel coordination reference,0,0,0,3,0.0,0.0
exact_text_unique_sensitivity,One deterministic representative per combined-text SHA-256 value; sensitivity population only,17. XmrBazaar,3,fullz_identity_package,Fullz or identity package,tutorial_training_recruitment,"Tutorial, guide, or training content",0,0,1,2,0.0,0.0
exact_text_unique_sensitivity,One deterministic representative per combined-text SHA-256 value; sensitivity population only,17. XmrBazaar,3,jurisdiction_localisation,Jurisdiction-specific bank or account reference,mule_recruitment,Mule recruitment or account-holder solicitation,0,0,0,3,0.0,0.0
exact_text_unique_sensitivity,One deterministic representative per combined-text SHA-256 value; sensitivity population only,17. XmrBazaar,3,jurisdiction_localisation,Jurisdiction-specific bank or account reference,telegram_off_platform,Telegram or private-channel coordination reference,0,0,0,3,0.0,0.0
exact_text_unique_sensitivity,One deterministic representative per combined-text SHA-256 value; sensitivity population only,17. XmrBazaar,3,jurisdiction_localisation,Jurisdiction-specific bank or account reference,tutorial_training_recruitment,"Tutorial, guide, or training content",0,0,1,2,0.0,0.0
exact_text_unique_sensitivity,One deterministic representative per combined-text SHA-256 value; sensitivity population only,17. XmrBazaar,3,mule_recruitment,Mule recruitment or account-holder solicitation,telegram_off_platform,Telegram or private-channel coordination reference,0,0,0,3,0.0,0.0
exact_text_unique_sensitivity,One deterministic representative per combined-text SHA-256 value; sensitivity population only,17. XmrBazaar,3,mule_recruitment,Mule recruitment or account-holder solicitation,tutorial_training_recruitment,"Tutorial, guide, or training content",0,0,1,2,0.0,0.0
exact_text_unique_sensitivity,One deterministic representative per combined-text SHA-256 value; sensitivity population only,17. XmrBazaar,3,telegram_off_platform,Telegram or private-channel coordination reference,tutorial_training_recruitment,"Tutorial, guide, or training content",0,0,1,2,0.0,0.0
exact_text_unique_sensitivity,One deterministic representative per combined-text SHA-256 value; sensitivity population only,2. Altenen,36,bank_drop_sale,Bank drop sale or bank-drop infrastructure,bank_log_sale,Compromised bank log sale or discussion,2,0,13,21,0.133333,2.4
exact_text_unique_sensitivity,One deterministic representative per combined-text SHA-256 value; sensitivity population only,2. Altenen,36,bank_drop_sale,Bank drop sale or bank-drop infrastructure,cashout_laundering_service,Cash-out or laundering service,1,1,8,26,0.1,2.0
exact_text_unique_sensitivity,One deterministic representative per combined-text SHA-256 value; sensitivity population only,2. Altenen,36,bank_drop_sale,Bank drop sale or bank-drop infrastructure,crypto_payment_or_conversion,Cryptocurrency payment or conversion reference,2,0,11,23,0.153846,2.769231
exact_text_unique_sensitivity,One deterministic representative per combined-text SHA-256 value; sensitivity population only,2. Altenen,36,bank_drop_sale,Bank drop sale or bank-drop infrastructure,email_access_takeover,Email-access-enabled account takeover,0,2,4,30,0.0,0.0
exact_text_unique_sensitivity,One deterministic representative per combined-text SHA-256 value; sensitivity population only,2. Altenen,36,bank_drop_sale,Bank drop sale or bank-drop infrastructure,escrow_trust_reputation,"Escrow, trust, reputation, or scam-risk discourse",0,2,2,32,0.0,0.0
exact_text_unique_sensitivity,One deterministic representative per combined-text SHA-256 value; sensitivity population only,2. Altenen,36,bank_drop_sale,Bank drop sale or bank-drop infrastructure,fullz_identity_package,Fullz or identity package,2,0,17,17,0.105263,1.894737
exact_text_unique_sensitivity,One deterministic representative per combined-text SHA-256 value; sensitivity population only,2. Altenen,36,bank_drop_sale,Bank drop sale or bank-drop infrastructure,jurisdiction_localisation,Jurisdiction-specific bank or account reference,0,2,0,34,0.0,0.0
exact_text_unique_sensitivity,One deterministic representative per combined-text SHA-256 value; sensitivity population only,2. Altenen,36,bank_drop_sale,Bank drop sale or bank-drop infrastructure,mule_recruitment,Mule recruitment or account-holder solicitation,2,0,1,33,0.666667,12.0
exact_text_unique_sensitivity,One deterministic representative per combined-text SHA-256 value; sensitivity population only,2. Altenen,36,bank_drop_sale,Bank drop sale or bank-drop infrastructure,telegram_off_platform,Telegram or private-channel coordination reference,2,0,16,18,0.111111,2.0
exact_text_unique_sensitivity,One deterministic representative per combined-text SHA-256 value; sensitivity population only,2. Altenen,36,bank_drop_sale,Bank drop sale or bank-drop infrastructure,tutorial_training_recruitment,"Tutorial, guide, or training content",0,2,19,15,0.0,0.0
exact_text_unique_sensitivity,One deterministic representative per combined-text SHA-256 value; sensitivity population only,2. Altenen,36,bank_log_sale,Compromised bank log sale or discussion,cashout_laundering_service,Cash-out or laundering service,8,7,1,20,0.5,2.133333
exact_text_unique_sensitivity,One deterministic representative per combined-text SHA-256 value; sensitivity population only,2. Altenen,36,bank_log_sale,Compromised bank log sale or discussion,crypto_payment_or_conversion,Cryptocurrency payment or conversion reference,9,6,4,17,0.473684,1.661538
exact_text_unique_sensitivity,One deterministic representative per combined-text SHA-256 value; sensitivity population only,2. Altenen,36,bank_log_sale,Compromised bank log sale or discussion,email_access_takeover,Email-access-enabled account takeover,4,11,0,21,0.266667,2.4
exact_text_unique_sensitivity,One deterministic representative per combined-text SHA-256 value; sensitivity population only,2. Altenen,36,bank_log_sale,Compromised bank log sale or discussion,escrow_trust_reputation,"Escrow, trust, reputation, or scam-risk discourse",1,14,1,20,0.0625,1.2
exact_text_unique_sensitivity,One deterministic representative per combined-text SHA-256 value; sensitivity population only,2. Altenen,36,bank_log_sale,Compromised bank log sale or discussion,fullz_identity_package,Fullz or identity package,10,5,9,12,0.416667,1.263158
exact_text_unique_sensitivity,One deterministic representative per combined-text SHA-256 value; sensitivity population only,2. Altenen,36,bank_log_sale,Compromised bank log sale or discussion,jurisdiction_localisation,Jurisdiction-specific bank or account reference,0,15,0,21,0.0,0.0
exact_text_unique_sensitivity,One deterministic representative per combined-text SHA-256 value; sensitivity population only,2. Altenen,36,bank_log_sale,Compromised bank log sale or discussion,mule_recruitment,Mule recruitment or account-holder solicitation,3,12,0,21,0.2,2.4
exact_text_unique_sensitivity,One deterministic representative per combined-text SHA-256 value; sensitivity population only,2. Altenen,36,bank_log_sale,Compromised bank log sale or discussion,telegram_off_platform,Telegram or private-channel coordination reference,9,6,9,12,0.375,1.2
exact_text_unique_sensitivity,One deterministic representative per combined-text SHA-256 value; sensitivity population only,2. Altenen,36,bank_log_sale,Compromised bank log sale or discussion,tutorial_training_recruitment,"Tutorial, guide, or training content",11,4,8,13,0.478261,1.389474
exact_text_unique_sensitivity,One deterministic representative per combined-text SHA-256 value; sensitivity population only,2. Altenen,36,cashout_laundering_service,Cash-out or laundering service,crypto_payment_or_conversion,Cryptocurrency payment or conversion reference,6,3,7,20,0.375,1.846154
exact_text_unique_sensitivity,One deterministic representative per combined-text SHA-256 value; sensitivity population only,2. Altenen,36,cashout_laundering_service,Cash-out or laundering service,email_access_takeover,Email-access-enabled account takeover,2,7,2,25,0.181818,2.0
exact_text_unique_sensitivity,One deterministic representative per combined-text SHA-256 value; sensitivity population only,2. Altenen,36,cashout_laundering_service,Cash-out or laundering service,escrow_trust_reputation,"Escrow, trust, reputation, or scam-risk discourse",1,8,1,26,0.1,2.0
exact_text_unique_sensitivity,One deterministic representative per combined-text SHA-256 value; sensitivity population only,2. Altenen,36,cashout_laundering_service,Cash-out or laundering service,fullz_identity_package,Fullz or identity package,4,5,15,12,0.166667,0.842105
exact_text_unique_sensitivity,One deterministic representative per combined-text SHA-256 value; sensitivity population only,2. Altenen,36,cashout_laundering_service,Cash-out or laundering service,jurisdiction_localisation,Jurisdiction-specific bank or account reference,0,9,0,27,0.0,0.0
exact_text_unique_sensitivity,One deterministic representative per combined-text SHA-256 value; sensitivity population only,2. Altenen,36,cashout_laundering_service,Cash-out or laundering service,mule_recruitment,Mule recruitment or account-holder solicitation,2,7,1,26,0.2,2.666667
exact_text_unique_sensitivity,One deterministic representative per combined-text SHA-256 value; sensitivity population only,2. Altenen,36,cashout_laundering_service,Cash-out or laundering service,telegram_off_platform,Telegram or private-channel coordination reference,5,4,13,14,0.227273,1.111111
exact_text_unique_sensitivity,One deterministic representative per combined-text SHA-256 value; sensitivity population only,2. Altenen,36,cashout_laundering_service,Cash-out or laundering service,tutorial_training_recruitment,"Tutorial, guide, or training content",7,2,12,15,0.333333,1.473684
exact_text_unique_sensitivity,One deterministic representative per combined-text SHA-256 value; sensitivity population only,2. Altenen,36,crypto_payment_or_conversion,Cryptocurrency payment or conversion reference,email_access_takeover,Email-access-enabled account takeover,1,12,3,20,0.0625,0.692308
exact_text_unique_sensitivity,One deterministic representative per combined-text SHA-256 value; sensitivity population only,2. Altenen,36,crypto_payment_or_conversion,Cryptocurrency payment or conversion reference,escrow_trust_reputation,"Escrow, trust, reputation, or scam-risk discourse",1,12,1,22,0.071429,1.384615
exact_text_unique_sensitivity,One deterministic representative per combined-text SHA-256 value; sensitivity population only,2. Altenen,36,crypto_payment_or_conversion,Cryptocurrency payment or conversion reference,fullz_identity_package,Fullz or identity package,10,3,9,14,0.454545,1.45749
exact_text_unique_sensitivity,One deterministic representative per combined-text SHA-256 value; sensitivity population only,2. Altenen,36,crypto_payment_or_conversion,Cryptocurrency payment or conversion reference,jurisdiction_localisation,Jurisdiction-specific bank or account reference,0,13,0,23,0.0,0.0
exact_text_unique_sensitivity,One deterministic representative per combined-text SHA-256 value; sensitivity population only,2. Altenen,36,crypto_payment_or_conversion,Cryptocurrency payment or conversion reference,mule_recruitment,Mule recruitment or account-holder solicitation,3,10,0,23,0.230769,2.769231
exact_text_unique_sensitivity,One deterministic representative per combined-text SHA-256 value; sensitivity population only,2. Altenen,36,crypto_payment_or_conversion,Cryptocurrency payment or conversion reference,telegram_off_platform,Telegram or private-channel coordination reference,10,3,8,15,0.47619,1.538462
exact_text_unique_sensitivity,One deterministic representative per combined-text SHA-256 value; sensitivity population only,2. Altenen,36,crypto_payment_or_conversion,Cryptocurrency payment or conversion reference,tutorial_training_recruitment,"Tutorial, guide, or training content",8,5,11,12,0.333333,1.165992
exact_text_unique_sensitivity,One deterministic representative per combined-text SHA-256 value; sensitivity population only,2. Altenen,36,email_access_takeover,Email-access-enabled account takeover,escrow_trust_reputation,"Escrow, trust, reputation, or scam-risk discourse",0,4,2,30,0.0,0.0
exact_text_unique_sensitivity,One deterministic representative per combined-text SHA-256 value; sensitivity population only,2. Altenen,36,email_access_takeover,Email-access-enabled account takeover,fullz_identity_package,Fullz or identity package,2,2,17,15,0.095238,0.947368
exact_text_unique_sensitivity,One deterministic representative per combined-text SHA-256 value; sensitivity population only,2. Altenen,36,email_access_takeover,Email-access-enabled account takeover,jurisdiction_localisation,Jurisdiction-specific bank or account reference,0,4,0,32,0.0,0.0
exact_text_unique_sensitivity,One deterministic representative per combined-text SHA-256 value; sensitivity population only,2. Altenen,36,email_access_takeover,Email-access-enabled account takeover,mule_recruitment,Mule recruitment or account-holder solicitation,0,4,3,29,0.0,0.0
exact_text_unique_sensitivity,One deterministic representative per combined-text SHA-256 value; sensitivity population only,2. Altenen,36,email_access_takeover,Email-access-enabled account takeover,telegram_off_platform,Telegram or private-channel coordination reference,2,2,16,16,0.1,1.0
exact_text_unique_sensitivity,One deterministic representative per combined-text SHA-256 value; sensitivity population only,2. Altenen,36,email_access_takeover,Email-access-enabled account takeover,tutorial_training_recruitment,"Tutorial, guide, or training content",3,1,16,16,0.15,1.421053
exact_text_unique_sensitivity,One deterministic representative per combined-text SHA-256 value; sensitivity population only,2. Altenen,36,escrow_trust_reputation,"Escrow, trust, reputation, or scam-risk discourse",fullz_identity_package,Fullz or identity package,0,2,19,15,0.0,0.0
exact_text_unique_sensitivity,One deterministic representative per combined-text SHA-256 value; sensitivity population only,2. Altenen,36,escrow_trust_reputation,"Escrow, trust, reputation, or scam-risk discourse",jurisdiction_localisation,Jurisdiction-specific bank or account reference,0,2,0,34,0.0,0.0
exact_text_unique_sensitivity,One deterministic representative per combined-text SHA-256 value; sensitivity population only,2. Altenen,36,escrow_trust_reputation,"Escrow, trust, reputation, or scam-risk discourse",mule_recruitment,Mule recruitment or account-holder solicitation,1,1,2,32,0.25,6.0
exact_text_unique_sensitivity,One deterministic representative per combined-text SHA-256 value; sensitivity population only,2. Altenen,36,escrow_trust_reputation,"Escrow, trust, reputation, or scam-risk discourse",telegram_off_platform,Telegram or private-channel coordination reference,1,1,17,17,0.052632,1.0
exact_text_unique_sensitivity,One deterministic representative per combined-text SHA-256 value; sensitivity population only,2. Altenen,36,escrow_trust_reputation,"Escrow, trust, reputation, or scam-risk discourse",tutorial_training_recruitment,"Tutorial, guide, or training content",1,1,18,16,0.05,0.947368
exact_text_unique_sensitivity,One deterministic representative per combined-text SHA-256 value; sensitivity population only,2. Altenen,36,fullz_identity_package,Fullz or identity package,jurisdiction_localisation,Jurisdiction-specific bank or account reference,0,19,0,17,0.0,0.0
exact_text_unique_sensitivity,One deterministic representative per combined-text SHA-256 value; sensitivity population only,2. Altenen,36,fullz_identity_package,Fullz or identity package,mule_recruitment,Mule recruitment or account-holder solicitation,2,17,1,16,0.1,1.263158
exact_text_unique_sensitivity,One deterministic representative per combined-text SHA-256 value; sensitivity population only,2. Altenen,36,fullz_identity_package,Fullz or identity package,telegram_off_platform,Telegram or private-channel coordination reference,15,4,3,14,0.681818,1.578947
exact_text_unique_sensitivity,One deterministic representative per combined-text SHA-256 value; sensitivity population only,2. Altenen,36,fullz_identity_package,Fullz or identity package,tutorial_training_recruitment,"Tutorial, guide, or training content",10,9,9,8,0.357143,0.99723
exact_text_unique_sensitivity,One deterministic representative per combined-text SHA-256 value; sensitivity population only,2. Altenen,36,jurisdiction_localisation,Jurisdiction-specific bank or account reference,mule_recruitment,Mule recruitment or account-holder solicitation,0,0,3,33,0.0,0.0
exact_text_unique_sensitivity,One deterministic representative per combined-text SHA-256 value; sensitivity population only,2. Altenen,36,jurisdiction_localisation,Jurisdiction-specific bank or account reference,telegram_off_platform,Telegram or private-channel coordination reference,0,0,18,18,0.0,0.0
exact_text_unique_sensitivity,One deterministic representative per combined-text SHA-256 value; sensitivity population only,2. Altenen,36,jurisdiction_localisation,Jurisdiction-specific bank or account reference,tutorial_training_recruitment,"Tutorial, guide, or training content",0,0,19,17,0.0,0.0
exact_text_unique_sensitivity,One deterministic representative per combined-text SHA-256 value; sensitivity population only,2. Altenen,36,mule_recruitment,Mule recruitment or account-holder solicitation,telegram_off_platform,Telegram or private-channel coordination reference,3,0,15,18,0.166667,2.0
exact_text_unique_sensitivity,One deterministic representative per combined-text SHA-256 value; sensitivity population only,2. Altenen,36,mule_recruitment,Mule recruitment or account-holder solicitation,tutorial_training_recruitment,"Tutorial, guide, or training content",1,2,18,15,0.047619,0.631579
exact_text_unique_sensitivity,One deterministic representative per combined-text SHA-256 value; sensitivity population only,2. Altenen,36,telegram_off_platform,Telegram or private-channel coordination reference,tutorial_training_recruitment,"Tutorial, guide, or training content",7,11,12,6,0.233333,0.736842
exact_text_unique_sensitivity,One deterministic representative per combined-text SHA-256 value; sensitivity population only,3. Pitch,68,bank_drop_sale,Bank drop sale or bank-drop infrastructure,bank_log_sale,Compromised bank log sale or discussion,6,6,9,47,0.285714,2.266667
exact_text_unique_sensitivity,One deterministic representative per combined-text SHA-256 value; sensitivity population only,3. Pitch,68,bank_drop_sale,Bank drop sale or bank-drop infrastructure,cashout_laundering_service,Cash-out or laundering service,5,7,7,49,0.263158,2.361111
exact_text_unique_sensitivity,One deterministic representative per combined-text SHA-256 value; sensitivity population only,3. Pitch,68,bank_drop_sale,Bank drop sale or bank-drop infrastructure,crypto_payment_or_conversion,Cryptocurrency payment or conversion reference,5,7,11,45,0.217391,1.770833
exact_text_unique_sensitivity,One deterministic representative per combined-text SHA-256 value; sensitivity population only,3. Pitch,68,bank_drop_sale,Bank drop sale or bank-drop infrastructure,email_access_takeover,Email-access-enabled account takeover,4,8,5,51,0.235294,2.518519
exact_text_unique_sensitivity,One deterministic representative per combined-text SHA-256 value; sensitivity population only,3. Pitch,68,bank_drop_sale,Bank drop sale or bank-drop infrastructure,escrow_trust_reputation,"Escrow, trust, reputation, or scam-risk discourse",4,8,13,43,0.16,1.333333
exact_text_unique_sensitivity,One deterministic representative per combined-text SHA-256 value; sensitivity population only,3. Pitch,68,bank_drop_sale,Bank drop sale or bank-drop infrastructure,fullz_identity_package,Fullz or identity package,3,9,9,47,0.142857,1.416667
exact_text_unique_sensitivity,One deterministic representative per combined-text SHA-256 value; sensitivity population only,3. Pitch,68,bank_drop_sale,Bank drop sale or bank-drop infrastructure,jurisdiction_localisation,Jurisdiction-specific bank or account reference,5,7,8,48,0.25,2.179487
exact_text_unique_sensitivity,One deterministic representative per combined-text SHA-256 value; sensitivity population only,3. Pitch,68,bank_drop_sale,Bank drop sale or bank-drop infrastructure,mule_recruitment,Mule recruitment or account-holder solicitation,1,11,2,54,0.071429,1.888889
exact_text_unique_sensitivity,One deterministic representative per combined-text SHA-256 value; sensitivity population only,3. Pitch,68,bank_drop_sale,Bank drop sale or bank-drop infrastructure,telegram_off_platform,Telegram or private-channel coordination reference,4,8,15,41,0.148148,1.192982
exact_text_unique_sensitivity,One deterministic representative per combined-text SHA-256 value; sensitivity population only,3. Pitch,68,bank_drop_sale,Bank drop sale or bank-drop infrastructure,tutorial_training_recruitment,"Tutorial, guide, or training content",7,5,13,43,0.28,1.983333
exact_text_unique_sensitivity,One deterministic representative per combined-text SHA-256 value; sensitivity population only,3. Pitch,68,bank_log_sale,Compromised bank log sale or discussion,cashout_laundering_service,Cash-out or laundering service,7,8,5,48,0.35,2.644444
exact_text_unique_sensitivity,One deterministic representative per combined-text SHA-256 value; sensitivity population only,3. Pitch,68,bank_log_sale,Compromised bank log sale or discussion,crypto_payment_or_conversion,Cryptocurrency payment or conversion reference,6,9,10,43,0.24,1.7
exact_text_unique_sensitivity,One deterministic representative per combined-text SHA-256 value; sensitivity population only,3. Pitch,68,bank_log_sale,Compromised bank log sale or discussion,email_access_takeover,Email-access-enabled account takeover,8,7,1,52,0.5,4.02963
exact_text_unique_sensitivity,One deterministic representative per combined-text SHA-256 value; sensitivity population only,3. Pitch,68,bank_log_sale,Compromised bank log sale or discussion,escrow_trust_reputation,"Escrow, trust, reputation, or scam-risk discourse",7,8,10,43,0.28,1.866667
exact_text_unique_sensitivity,One deterministic representative per combined-text SHA-256 value; sensitivity population only,3. Pitch,68,bank_log_sale,Compromised bank log sale or discussion,fullz_identity_package,Fullz or identity package,1,14,11,42,0.038462,0.377778
exact_text_unique_sensitivity,One deterministic representative per combined-text SHA-256 value; sensitivity population only,3. Pitch,68,bank_log_sale,Compromised bank log sale or discussion,jurisdiction_localisation,Jurisdiction-specific bank or account reference,3,12,10,43,0.12,1.046154
exact_text_unique_sensitivity,One deterministic representative per combined-text SHA-256 value; sensitivity population only,3. Pitch,68,bank_log_sale,Compromised bank log sale or discussion,mule_recruitment,Mule recruitment or account-holder solicitation,1,14,2,51,0.058824,1.511111
exact_text_unique_sensitivity,One deterministic representative per combined-text SHA-256 value; sensitivity population only,3. Pitch,68,bank_log_sale,Compromised bank log sale or discussion,telegram_off_platform,Telegram or private-channel coordination reference,5,10,14,39,0.172414,1.192982
exact_text_unique_sensitivity,One deterministic representative per combined-text SHA-256 value; sensitivity population only,3. Pitch,68,bank_log_sale,Compromised bank log sale or discussion,tutorial_training_recruitment,"Tutorial, guide, or training content",12,3,8,45,0.521739,2.72
exact_text_unique_sensitivity,One deterministic representative per combined-text SHA-256 value; sensitivity population only,3. Pitch,68,cashout_laundering_service,Cash-out or laundering service,crypto_payment_or_conversion,Cryptocurrency payment or conversion reference,6,6,10,46,0.272727,2.125
exact_text_unique_sensitivity,One deterministic representative per combined-text SHA-256 value; sensitivity population only,3. Pitch,68,cashout_laundering_service,Cash-out or laundering service,email_access_takeover,Email-access-enabled account takeover,4,8,5,51,0.235294,2.518519
exact_text_unique_sensitivity,One deterministic representative per combined-text SHA-256 value; sensitivity population only,3. Pitch,68,cashout_laundering_service,Cash-out or laundering service,escrow_trust_reputation,"Escrow, trust, reputation, or scam-risk discourse",6,6,11,45,0.26087,2.0
exact_text_unique_sensitivity,One deterministic representative per combined-text SHA-256 value; sensitivity population only,3. Pitch,68,cashout_laundering_service,Cash-out or laundering service,fullz_identity_package,Fullz or identity package,2,10,10,46,0.090909,0.944444
exact_text_unique_sensitivity,One deterministic representative per combined-text SHA-256 value; sensitivity population only,3. Pitch,68,cashout_laundering_service,Cash-out or laundering service,jurisdiction_localisation,Jurisdiction-specific bank or account reference,5,7,8,48,0.25,2.179487
exact_text_unique_sensitivity,One deterministic representative per combined-text SHA-256 value; sensitivity population only,3. Pitch,68,cashout_laundering_service,Cash-out or laundering service,mule_recruitment,Mule recruitment or account-holder solicitation,2,10,1,55,0.153846,3.777778
exact_text_unique_sensitivity,One deterministic representative per combined-text SHA-256 value; sensitivity population only,3. Pitch,68,cashout_laundering_service,Cash-out or laundering service,telegram_off_platform,Telegram or private-channel coordination reference,6,6,13,43,0.24,1.789474
exact_text_unique_sensitivity,One deterministic representative per combined-text SHA-256 value; sensitivity population only,3. Pitch,68,cashout_laundering_service,Cash-out or laundering service,tutorial_training_recruitment,"Tutorial, guide, or training content",8,4,12,44,0.333333,2.266667
exact_text_unique_sensitivity,One deterministic representative per combined-text SHA-256 value; sensitivity population only,3. Pitch,68,crypto_payment_or_conversion,Cryptocurrency payment or conversion reference,email_access_takeover,Email-access-enabled account takeover,2,14,7,45,0.086957,0.944444
exact_text_unique_sensitivity,One deterministic representative per combined-text SHA-256 value; sensitivity population only,3. Pitch,68,crypto_payment_or_conversion,Cryptocurrency payment or conversion reference,escrow_trust_reputation,"Escrow, trust, reputation, or scam-risk discourse",11,5,6,46,0.5,2.75
exact_text_unique_sensitivity,One deterministic representative per combined-text SHA-256 value; sensitivity population only,3. Pitch,68,crypto_payment_or_conversion,Cryptocurrency payment or conversion reference,fullz_identity_package,Fullz or identity package,4,12,8,44,0.166667,1.416667
exact_text_unique_sensitivity,One deterministic representative per combined-text SHA-256 value; sensitivity population only,3. Pitch,68,crypto_payment_or_conversion,Cryptocurrency payment or conversion reference,jurisdiction_localisation,Jurisdiction-specific bank or account reference,5,11,8,44,0.208333,1.634615
exact_text_unique_sensitivity,One deterministic representative per combined-text SHA-256 value; sensitivity population only,3. Pitch,68,crypto_payment_or_conversion,Cryptocurrency payment or conversion reference,mule_recruitment,Mule recruitment or account-holder solicitation,2,14,1,51,0.117647,2.833333
exact_text_unique_sensitivity,One deterministic representative per combined-text SHA-256 value; sensitivity population only,3. Pitch,68,crypto_payment_or_conversion,Cryptocurrency payment or conversion reference,telegram_off_platform,Telegram or private-channel coordination reference,6,10,13,39,0.206897,1.342105
exact_text_unique_sensitivity,One deterministic representative per combined-text SHA-256 value; sensitivity population only,3. Pitch,68,crypto_payment_or_conversion,Cryptocurrency payment or conversion reference,tutorial_training_recruitment,"Tutorial, guide, or training content",12,4,8,44,0.5,2.55
exact_text_unique_sensitivity,One deterministic representative per combined-text SHA-256 value; sensitivity population only,3. Pitch,68,email_access_takeover,Email-access-enabled account takeover,escrow_trust_reputation,"Escrow, trust, reputation, or scam-risk discourse",4,5,13,46,0.181818,1.777778
exact_text_unique_sensitivity,One deterministic representative per combined-text SHA-256 value; sensitivity population only,3. Pitch,68,email_access_takeover,Email-access-enabled account takeover,fullz_identity_package,Fullz or identity package,2,7,10,49,0.105263,1.259259
exact_text_unique_sensitivity,One deterministic representative per combined-text SHA-256 value; sensitivity population only,3. Pitch,68,email_access_takeover,Email-access-enabled account takeover,jurisdiction_localisation,Jurisdiction-specific bank or account reference,3,6,10,49,0.157895,1.74359
exact_text_unique_sensitivity,One deterministic representative per combined-text SHA-256 value; sensitivity population only,3. Pitch,68,email_access_takeover,Email-access-enabled account takeover,mule_recruitment,Mule recruitment or account-holder solicitation,0,9,3,56,0.0,0.0
exact_text_unique_sensitivity,One deterministic representative per combined-text SHA-256 value; sensitivity population only,3. Pitch,68,email_access_takeover,Email-access-enabled account takeover,telegram_off_platform,Telegram or private-channel coordination reference,4,5,15,44,0.166667,1.590643
exact_text_unique_sensitivity,One deterministic representative per combined-text SHA-256 value; sensitivity population only,3. Pitch,68,email_access_takeover,Email-access-enabled account takeover,tutorial_training_recruitment,"Tutorial, guide, or training content",6,3,14,45,0.26087,2.266667
exact_text_unique_sensitivity,One deterministic representative per combined-text SHA-256 value; sensitivity population only,3. Pitch,68,escrow_trust_reputation,"Escrow, trust, reputation, or scam-risk discourse",fullz_identity_package,Fullz or identity package,3,14,9,42,0.115385,1.0
exact_text_unique_sensitivity,One deterministic representative per combined-text SHA-256 value; sensitivity population only,3. Pitch,68,escrow_trust_reputation,"Escrow, trust, reputation, or scam-risk discourse",jurisdiction_localisation,Jurisdiction-specific bank or account reference,5,12,8,43,0.2,1.538462
exact_text_unique_sensitivity,One deterministic representative per combined-text SHA-256 value; sensitivity population only,3. Pitch,68,escrow_trust_reputation,"Escrow, trust, reputation, or scam-risk discourse",mule_recruitment,Mule recruitment or account-holder solicitation,2,15,1,50,0.111111,2.666667
exact_text_unique_sensitivity,One deterministic representative per combined-text SHA-256 value; sensitivity population only,3. Pitch,68,escrow_trust_reputation,"Escrow, trust, reputation, or scam-risk discourse",telegram_off_platform,Telegram or private-channel coordination reference,8,9,11,40,0.285714,1.684211
exact_text_unique_sensitivity,One deterministic representative per combined-text SHA-256 value; sensitivity population only,3. Pitch,68,escrow_trust_reputation,"Escrow, trust, reputation, or scam-risk discourse",tutorial_training_recruitment,"Tutorial, guide, or training content",9,8,11,40,0.321429,1.8
exact_text_unique_sensitivity,One deterministic representative per combined-text SHA-256 value; sensitivity population only,3. Pitch,68,fullz_identity_package,Fullz or identity package,jurisdiction_localisation,Jurisdiction-specific bank or account reference,3,9,10,46,0.136364,1.307692
exact_text_unique_sensitivity,One deterministic representative per combined-text SHA-256 value; sensitivity population only,3. Pitch,68,fullz_identity_package,Fullz or identity package,mule_recruitment,Mule recruitment or account-holder solicitation,1,11,2,54,0.071429,1.888889
exact_text_unique_sensitivity,One deterministic representative per combined-text SHA-256 value; sensitivity population only,3. Pitch,68,fullz_identity_package,Fullz or identity package,telegram_off_platform,Telegram or private-channel coordination reference,5,7,14,42,0.192308,1.491228
exact_text_unique_sensitivity,One deterministic representative per combined-text SHA-256 value; sensitivity population only,3. Pitch,68,fullz_identity_package,Fullz or identity package,tutorial_training_recruitment,"Tutorial, guide, or training content",3,9,17,39,0.103448,0.85
exact_text_unique_sensitivity,One deterministic representative per combined-text SHA-256 value; sensitivity population only,3. Pitch,68,jurisdiction_localisation,Jurisdiction-specific bank or account reference,mule_recruitment,Mule recruitment or account-holder solicitation,2,11,1,54,0.142857,3.487179
exact_text_unique_sensitivity,One deterministic representative per combined-text SHA-256 value; sensitivity population only,3. Pitch,68,jurisdiction_localisation,Jurisdiction-specific bank or account reference,telegram_off_platform,Telegram or private-channel coordination reference,5,8,14,41,0.185185,1.376518
exact_text_unique_sensitivity,One deterministic representative per combined-text SHA-256 value; sensitivity population only,3. Pitch,68,jurisdiction_localisation,Jurisdiction-specific bank or account reference,tutorial_training_recruitment,"Tutorial, guide, or training content",6,7,14,41,0.222222,1.569231
exact_text_unique_sensitivity,One deterministic representative per combined-text SHA-256 value; sensitivity population only,3. Pitch,68,mule_recruitment,Mule recruitment or account-holder solicitation,telegram_off_platform,Telegram or private-channel coordination reference,1,2,18,47,0.047619,1.192982
exact_text_unique_sensitivity,One deterministic representative per combined-text SHA-256 value; sensitivity population only,3. Pitch,68,mule_recruitment,Mule recruitment or account-holder solicitation,tutorial_training_recruitment,"Tutorial, guide, or training content",2,1,18,47,0.095238,2.266667
exact_text_unique_sensitivity,One deterministic representative per combined-text SHA-256 value; sensitivity population only,3. Pitch,68,telegram_off_platform,Telegram or private-channel coordination reference,tutorial_training_recruitment,"Tutorial, guide, or training content",7,12,13,36,0.21875,1.252632
exact_text_unique_sensitivity,One deterministic representative per combined-text SHA-256 value; sensitivity population only,4. Caders Heven,33,bank_drop_sale,Bank drop sale or bank-drop infrastructure,bank_log_sale,Compromised bank log sale or discussion,6,0,22,5,0.214286,1.178571
exact_text_unique_sensitivity,One deterministic representative per combined-text SHA-256 value; sensitivity population only,4. Caders Heven,33,bank_drop_sale,Bank drop sale or bank-drop infrastructure,cashout_laundering_service,Cash-out or laundering service,1,5,21,6,0.037037,0.25
exact_text_unique_sensitivity,One deterministic representative per combined-text SHA-256 value; sensitivity population only,4. Caders Heven,33,bank_drop_sale,Bank drop sale or bank-drop infrastructure,crypto_payment_or_conversion,Cryptocurrency payment or conversion reference,2,4,22,5,0.071429,0.458333
exact_text_unique_sensitivity,One deterministic representative per combined-text SHA-256 value; sensitivity population only,4. Caders Heven,33,bank_drop_sale,Bank drop sale or bank-drop infrastructure,email_access_takeover,Email-access-enabled account takeover,1,5,3,24,0.111111,1.375
exact_text_unique_sensitivity,One deterministic representative per combined-text SHA-256 value; sensitivity population only,4. Caders Heven,33,bank_drop_sale,Bank drop sale or bank-drop infrastructure,escrow_trust_reputation,"Escrow, trust, reputation, or scam-risk discourse",0,6,1,26,0.0,0.0
exact_text_unique_sensitivity,One deterministic representative per combined-text SHA-256 value; sensitivity population only,4. Caders Heven,33,bank_drop_sale,Bank drop sale or bank-drop infrastructure,fullz_identity_package,Fullz or identity package,6,0,6,21,0.5,2.75
exact_text_unique_sensitivity,One deterministic representative per combined-text SHA-256 value; sensitivity population only,4. Caders Heven,33,bank_drop_sale,Bank drop sale or bank-drop infrastructure,jurisdiction_localisation,Jurisdiction-specific bank or account reference,1,5,1,26,0.142857,2.75
exact_text_unique_sensitivity,One deterministic representative per combined-text SHA-256 value; sensitivity population only,4. Caders Heven,33,bank_drop_sale,Bank drop sale or bank-drop infrastructure,mule_recruitment,Mule recruitment or account-holder solicitation,0,6,0,27,0.0,0.0
exact_text_unique_sensitivity,One deterministic representative per combined-text SHA-256 value; sensitivity population only,4. Caders Heven,33,bank_drop_sale,Bank drop sale or bank-drop infrastructure,telegram_off_platform,Telegram or private-channel coordination reference,0,6,0,27,0.0,0.0
exact_text_unique_sensitivity,One deterministic representative per combined-text SHA-256 value; sensitivity population only,4. Caders Heven,33,bank_drop_sale,Bank drop sale or bank-drop infrastructure,tutorial_training_recruitment,"Tutorial, guide, or training content",1,5,1,26,0.142857,2.75
exact_text_unique_sensitivity,One deterministic representative per combined-text SHA-256 value; sensitivity population only,4. Caders Heven,33,bank_log_sale,Compromised bank log sale or discussion,cashout_laundering_service,Cash-out or laundering service,20,8,2,3,0.666667,1.071429
exact_text_unique_sensitivity,One deterministic representative per combined-text SHA-256 value; sensitivity population only,4. Caders Heven,33,bank_log_sale,Compromised bank log sale or discussion,crypto_payment_or_conversion,Cryptocurrency payment or conversion reference,22,6,2,3,0.733333,1.080357
exact_text_unique_sensitivity,One deterministic representative per combined-text SHA-256 value; sensitivity population only,4. Caders Heven,33,bank_log_sale,Compromised bank log sale or discussion,email_access_takeover,Email-access-enabled account takeover,4,24,0,5,0.142857,1.178571
exact_text_unique_sensitivity,One deterministic representative per combined-text SHA-256 value; sensitivity population only,4. Caders Heven,33,bank_log_sale,Compromised bank log sale or discussion,escrow_trust_reputation,"Escrow, trust, reputation, or scam-risk discourse",0,28,1,4,0.0,0.0
exact_text_unique_sensitivity,One deterministic representative per combined-text SHA-256 value; sensitivity population only,4. Caders Heven,33,bank_log_sale,Compromised bank log sale or discussion,fullz_identity_package,Fullz or identity package,10,18,2,3,0.333333,0.982143
exact_text_unique_sensitivity,One deterministic representative per combined-text SHA-256 value; sensitivity population only,4. Caders Heven,33,bank_log_sale,Compromised bank log sale or discussion,jurisdiction_localisation,Jurisdiction-specific bank or account reference,2,26,0,5,0.071429,1.178571
exact_text_unique_sensitivity,One deterministic representative per combined-text SHA-256 value; sensitivity population only,4. Caders Heven,33,bank_log_sale,Compromised bank log sale or discussion,mule_recruitment,Mule recruitment or account-holder solicitation,0,28,0,5,0.0,0.0
exact_text_unique_sensitivity,One deterministic representative per combined-text SHA-256 value; sensitivity population only,4. Caders Heven,33,bank_log_sale,Compromised bank log sale or discussion,telegram_off_platform,Telegram or private-channel coordination reference,0,28,0,5,0.0,0.0
exact_text_unique_sensitivity,One deterministic representative per combined-text SHA-256 value; sensitivity population only,4. Caders Heven,33,bank_log_sale,Compromised bank log sale or discussion,tutorial_training_recruitment,"Tutorial, guide, or training content",2,26,0,5,0.071429,1.178571
exact_text_unique_sensitivity,One deterministic representative per combined-text SHA-256 value; sensitivity population only,4. Caders Heven,33,cashout_laundering_service,Cash-out or laundering service,crypto_payment_or_conversion,Cryptocurrency payment or conversion reference,21,1,3,8,0.84,1.3125
exact_text_unique_sensitivity,One deterministic representative per combined-text SHA-256 value; sensitivity population only,4. Caders Heven,33,cashout_laundering_service,Cash-out or laundering service,email_access_takeover,Email-access-enabled account takeover,1,21,3,8,0.04,0.375
exact_text_unique_sensitivity,One deterministic representative per combined-text SHA-256 value; sensitivity population only,4. Caders Heven,33,cashout_laundering_service,Cash-out or laundering service,escrow_trust_reputation,"Escrow, trust, reputation, or scam-risk discourse",0,22,1,10,0.0,0.0
exact_text_unique_sensitivity,One deterministic representative per combined-text SHA-256 value; sensitivity population only,4. Caders Heven,33,cashout_laundering_service,Cash-out or laundering service,fullz_identity_package,Fullz or identity package,7,15,5,6,0.259259,0.875
exact_text_unique_sensitivity,One deterministic representative per combined-text SHA-256 value; sensitivity population only,4. Caders Heven,33,cashout_laundering_service,Cash-out or laundering service,jurisdiction_localisation,Jurisdiction-specific bank or account reference,0,22,2,9,0.0,0.0
exact_text_unique_sensitivity,One deterministic representative per combined-text SHA-256 value; sensitivity population only,4. Caders Heven,33,cashout_laundering_service,Cash-out or laundering service,mule_recruitment,Mule recruitment or account-holder solicitation,0,22,0,11,0.0,0.0
exact_text_unique_sensitivity,One deterministic representative per combined-text SHA-256 value; sensitivity population only,4. Caders Heven,33,cashout_laundering_service,Cash-out or laundering service,telegram_off_platform,Telegram or private-channel coordination reference,0,22,0,11,0.0,0.0
exact_text_unique_sensitivity,One deterministic representative per combined-text SHA-256 value; sensitivity population only,4. Caders Heven,33,cashout_laundering_service,Cash-out or laundering service,tutorial_training_recruitment,"Tutorial, guide, or training content",0,22,2,9,0.0,0.0
exact_text_unique_sensitivity,One deterministic representative per combined-text SHA-256 value; sensitivity population only,4. Caders Heven,33,crypto_payment_or_conversion,Cryptocurrency payment or conversion reference,email_access_takeover,Email-access-enabled account takeover,2,22,2,7,0.076923,0.6875
exact_text_unique_sensitivity,One deterministic representative per combined-text SHA-256 value; sensitivity population only,4. Caders Heven,33,crypto_payment_or_conversion,Cryptocurrency payment or conversion reference,escrow_trust_reputation,"Escrow, trust, reputation, or scam-risk discourse",1,23,0,9,0.041667,1.375
exact_text_unique_sensitivity,One deterministic representative per combined-text SHA-256 value; sensitivity population only,4. Caders Heven,33,crypto_payment_or_conversion,Cryptocurrency payment or conversion reference,fullz_identity_package,Fullz or identity package,7,17,5,4,0.241379,0.802083
exact_text_unique_sensitivity,One deterministic representative per combined-text SHA-256 value; sensitivity population only,4. Caders Heven,33,crypto_payment_or_conversion,Cryptocurrency payment or conversion reference,jurisdiction_localisation,Jurisdiction-specific bank or account reference,1,23,1,8,0.04,0.6875
exact_text_unique_sensitivity,One deterministic representative per combined-text SHA-256 value; sensitivity population only,4. Caders Heven,33,crypto_payment_or_conversion,Cryptocurrency payment or conversion reference,mule_recruitment,Mule recruitment or account-holder solicitation,0,24,0,9,0.0,0.0
exact_text_unique_sensitivity,One deterministic representative per combined-text SHA-256 value; sensitivity population only,4. Caders Heven,33,crypto_payment_or_conversion,Cryptocurrency payment or conversion reference,telegram_off_platform,Telegram or private-channel coordination reference,0,24,0,9,0.0,0.0
exact_text_unique_sensitivity,One deterministic representative per combined-text SHA-256 value; sensitivity population only,4. Caders Heven,33,crypto_payment_or_conversion,Cryptocurrency payment or conversion reference,tutorial_training_recruitment,"Tutorial, guide, or training content",2,22,0,9,0.083333,1.375
exact_text_unique_sensitivity,One deterministic representative per combined-text SHA-256 value; sensitivity population only,4. Caders Heven,33,email_access_takeover,Email-access-enabled account takeover,escrow_trust_reputation,"Escrow, trust, reputation, or scam-risk discourse",0,4,1,28,0.0,0.0
exact_text_unique_sensitivity,One deterministic representative per combined-text SHA-256 value; sensitivity population only,4. Caders Heven,33,email_access_takeover,Email-access-enabled account takeover,fullz_identity_package,Fullz or identity package,2,2,10,19,0.142857,1.375
exact_text_unique_sensitivity,One deterministic representative per combined-text SHA-256 value; sensitivity population only,4. Caders Heven,33,email_access_takeover,Email-access-enabled account takeover,jurisdiction_localisation,Jurisdiction-specific bank or account reference,2,2,0,29,0.5,8.25
exact_text_unique_sensitivity,One deterministic representative per combined-text SHA-256 value; sensitivity population only,4. Caders Heven,33,email_access_takeover,Email-access-enabled account takeover,mule_recruitment,Mule recruitment or account-holder solicitation,0,4,0,29,0.0,0.0
exact_text_unique_sensitivity,One deterministic representative per combined-text SHA-256 value; sensitivity population only,4. Caders Heven,33,email_access_takeover,Email-access-enabled account takeover,telegram_off_platform,Telegram or private-channel coordination reference,0,4,0,29,0.0,0.0
exact_text_unique_sensitivity,One deterministic representative per combined-text SHA-256 value; sensitivity population only,4. Caders Heven,33,email_access_takeover,Email-access-enabled account takeover,tutorial_training_recruitment,"Tutorial, guide, or training content",1,3,1,28,0.2,4.125
exact_text_unique_sensitivity,One deterministic representative per combined-text SHA-256 value; sensitivity population only,4. Caders Heven,33,escrow_trust_reputation,"Escrow, trust, reputation, or scam-risk discourse",fullz_identity_package,Fullz or identity package,0,1,12,20,0.0,0.0
exact_text_unique_sensitivity,One deterministic representative per combined-text SHA-256 value; sensitivity population only,4. Caders Heven,33,escrow_trust_reputation,"Escrow, trust, reputation, or scam-risk discourse",jurisdiction_localisation,Jurisdiction-specific bank or account reference,0,1,2,30,0.0,0.0
exact_text_unique_sensitivity,One deterministic representative per combined-text SHA-256 value; sensitivity population only,4. Caders Heven,33,escrow_trust_reputation,"Escrow, trust, reputation, or scam-risk discourse",mule_recruitment,Mule recruitment or account-holder solicitation,0,1,0,32,0.0,0.0
exact_text_unique_sensitivity,One deterministic representative per combined-text SHA-256 value; sensitivity population only,4. Caders Heven,33,escrow_trust_reputation,"Escrow, trust, reputation, or scam-risk discourse",telegram_off_platform,Telegram or private-channel coordination reference,0,1,0,32,0.0,0.0
exact_text_unique_sensitivity,One deterministic representative per combined-text SHA-256 value; sensitivity population only,4. Caders Heven,33,escrow_trust_reputation,"Escrow, trust, reputation, or scam-risk discourse",tutorial_training_recruitment,"Tutorial, guide, or training content",0,1,2,30,0.0,0.0
exact_text_unique_sensitivity,One deterministic representative per combined-text SHA-256 value; sensitivity population only,4. Caders Heven,33,fullz_identity_package,Fullz or identity package,jurisdiction_localisation,Jurisdiction-specific bank or account reference,1,11,1,20,0.076923,1.375
exact_text_unique_sensitivity,One deterministic representative per combined-text SHA-256 value; sensitivity population only,4. Caders Heven,33,fullz_identity_package,Fullz or identity package,mule_recruitment,Mule recruitment or account-holder solicitation,0,12,0,21,0.0,0.0
exact_text_unique_sensitivity,One deterministic representative per combined-text SHA-256 value; sensitivity population only,4. Caders Heven,33,fullz_identity_package,Fullz or identity package,telegram_off_platform,Telegram or private-channel coordination reference,0,12,0,21,0.0,0.0
exact_text_unique_sensitivity,One deterministic representative per combined-text SHA-256 value; sensitivity population only,4. Caders Heven,33,fullz_identity_package,Fullz or identity package,tutorial_training_recruitment,"Tutorial, guide, or training content",1,11,1,20,0.076923,1.375
exact_text_unique_sensitivity,One deterministic representative per combined-text SHA-256 value; sensitivity population only,4. Caders Heven,33,jurisdiction_localisation,Jurisdiction-specific bank or account reference,mule_recruitment,Mule recruitment or account-holder solicitation,0,2,0,31,0.0,0.0
exact_text_unique_sensitivity,One deterministic representative per combined-text SHA-256 value; sensitivity population only,4. Caders Heven,33,jurisdiction_localisation,Jurisdiction-specific bank or account reference,telegram_off_platform,Telegram or private-channel coordination reference,0,2,0,31,0.0,0.0
exact_text_unique_sensitivity,One deterministic representative per combined-text SHA-256 value; sensitivity population only,4. Caders Heven,33,jurisdiction_localisation,Jurisdiction-specific bank or account reference,tutorial_training_recruitment,"Tutorial, guide, or training content",1,1,1,30,0.333333,8.25
exact_text_unique_sensitivity,One deterministic representative per combined-text SHA-256 value; sensitivity population only,4. Caders Heven,33,mule_recruitment,Mule recruitment or account-holder solicitation,telegram_off_platform,Telegram or private-channel coordination reference,0,0,0,33,0.0,0.0
exact_text_unique_sensitivity,One deterministic representative per combined-text SHA-256 value; sensitivity population only,4. Caders Heven,33,mule_recruitment,Mule recruitment or account-holder solicitation,tutorial_training_recruitment,"Tutorial, guide, or training content",0,0,2,31,0.0,0.0
exact_text_unique_sensitivity,One deterministic representative per combined-text SHA-256 value; sensitivity population only,4. Caders Heven,33,telegram_off_platform,Telegram or private-channel coordination reference,tutorial_training_recruitment,"Tutorial, guide, or training content",0,0,2,31,0.0,0.0
exact_text_unique_sensitivity,One deterministic representative per combined-text SHA-256 value; sensitivity population only,5. CardPro,47,bank_drop_sale,Bank drop sale or bank-drop infrastructure,bank_log_sale,Compromised bank log sale or discussion,0,6,2,39,0.0,0.0
exact_text_unique_sensitivity,One deterministic representative per combined-text SHA-256 value; sensitivity population only,5. CardPro,47,bank_drop_sale,Bank drop sale or bank-drop infrastructure,cashout_laundering_service,Cash-out or laundering service,5,1,27,14,0.151515,1.223958
exact_text_unique_sensitivity,One deterministic representative per combined-text SHA-256 value; sensitivity population only,5. CardPro,47,bank_drop_sale,Bank drop sale or bank-drop infrastructure,crypto_payment_or_conversion,Cryptocurrency payment or conversion reference,2,4,5,36,0.181818,2.238095
exact_text_unique_sensitivity,One deterministic representative per combined-text SHA-256 value; sensitivity population only,5. CardPro,47,bank_drop_sale,Bank drop sale or bank-drop infrastructure,email_access_takeover,Email-access-enabled account takeover,0,6,0,41,0.0,0.0
exact_text_unique_sensitivity,One deterministic representative per combined-text SHA-256 value; sensitivity population only,5. CardPro,47,bank_drop_sale,Bank drop sale or bank-drop infrastructure,escrow_trust_reputation,"Escrow, trust, reputation, or scam-risk discourse",1,5,3,38,0.111111,1.958333
exact_text_unique_sensitivity,One deterministic representative per combined-text SHA-256 value; sensitivity population only,5. CardPro,47,bank_drop_sale,Bank drop sale or bank-drop infrastructure,fullz_identity_package,Fullz or identity package,4,2,1,40,0.571429,6.266667
exact_text_unique_sensitivity,One deterministic representative per combined-text SHA-256 value; sensitivity population only,5. CardPro,47,bank_drop_sale,Bank drop sale or bank-drop infrastructure,jurisdiction_localisation,Jurisdiction-specific bank or account reference,3,3,8,33,0.214286,2.136364
exact_text_unique_sensitivity,One deterministic representative per combined-text SHA-256 value; sensitivity population only,5. CardPro,47,bank_drop_sale,Bank drop sale or bank-drop infrastructure,mule_recruitment,Mule recruitment or account-holder solicitation,0,6,1,40,0.0,0.0
exact_text_unique_sensitivity,One deterministic representative per combined-text SHA-256 value; sensitivity population only,5. CardPro,47,bank_drop_sale,Bank drop sale or bank-drop infrastructure,telegram_off_platform,Telegram or private-channel coordination reference,3,3,19,22,0.12,1.068182
exact_text_unique_sensitivity,One deterministic representative per combined-text SHA-256 value; sensitivity population only,5. CardPro,47,bank_drop_sale,Bank drop sale or bank-drop infrastructure,tutorial_training_recruitment,"Tutorial, guide, or training content",1,5,2,39,0.125,2.611111
exact_text_unique_sensitivity,One deterministic representative per combined-text SHA-256 value; sensitivity population only,5. CardPro,47,bank_log_sale,Compromised bank log sale or discussion,cashout_laundering_service,Cash-out or laundering service,2,0,30,15,0.0625,1.46875
exact_text_unique_sensitivity,One deterministic representative per combined-text SHA-256 value; sensitivity population only,5. CardPro,47,bank_log_sale,Compromised bank log sale or discussion,crypto_payment_or_conversion,Cryptocurrency payment or conversion reference,0,2,7,38,0.0,0.0
exact_text_unique_sensitivity,One deterministic representative per combined-text SHA-256 value; sensitivity population only,5. CardPro,47,bank_log_sale,Compromised bank log sale or discussion,email_access_takeover,Email-access-enabled account takeover,0,2,0,45,0.0,0.0
exact_text_unique_sensitivity,One deterministic representative per combined-text SHA-256 value; sensitivity population only,5. CardPro,47,bank_log_sale,Compromised bank log sale or discussion,escrow_trust_reputation,"Escrow, trust, reputation, or scam-risk discourse",0,2,4,41,0.0,0.0
exact_text_unique_sensitivity,One deterministic representative per combined-text SHA-256 value; sensitivity population only,5. CardPro,47,bank_log_sale,Compromised bank log sale or discussion,fullz_identity_package,Fullz or identity package,0,2,5,40,0.0,0.0
exact_text_unique_sensitivity,One deterministic representative per combined-text SHA-256 value; sensitivity population only,5. CardPro,47,bank_log_sale,Compromised bank log sale or discussion,jurisdiction_localisation,Jurisdiction-specific bank or account reference,1,1,10,35,0.083333,2.136364
exact_text_unique_sensitivity,One deterministic representative per combined-text SHA-256 value; sensitivity population only,5. CardPro,47,bank_log_sale,Compromised bank log sale or discussion,mule_recruitment,Mule recruitment or account-holder solicitation,1,1,0,45,0.5,23.5
exact_text_unique_sensitivity,One deterministic representative per combined-text SHA-256 value; sensitivity population only,5. CardPro,47,bank_log_sale,Compromised bank log sale or discussion,telegram_off_platform,Telegram or private-channel coordination reference,1,1,21,24,0.043478,1.068182
exact_text_unique_sensitivity,One deterministic representative per combined-text SHA-256 value; sensitivity population only,5. CardPro,47,bank_log_sale,Compromised bank log sale or discussion,tutorial_training_recruitment,"Tutorial, guide, or training content",1,1,2,43,0.25,7.833333
exact_text_unique_sensitivity,One deterministic representative per combined-text SHA-256 value; sensitivity population only,5. CardPro,47,cashout_laundering_service,Cash-out or laundering service,crypto_payment_or_conversion,Cryptocurrency payment or conversion reference,5,27,2,13,0.147059,1.049107
exact_text_unique_sensitivity,One deterministic representative per combined-text SHA-256 value; sensitivity population only,5. CardPro,47,cashout_laundering_service,Cash-out or laundering service,email_access_takeover,Email-access-enabled account takeover,0,32,0,15,0.0,0.0
exact_text_unique_sensitivity,One deterministic representative per combined-text SHA-256 value; sensitivity population only,5. CardPro,47,cashout_laundering_service,Cash-out or laundering service,escrow_trust_reputation,"Escrow, trust, reputation, or scam-risk discourse",2,30,2,13,0.058824,0.734375
exact_text_unique_sensitivity,One deterministic representative per combined-text SHA-256 value; sensitivity population only,5. CardPro,47,cashout_laundering_service,Cash-out or laundering service,fullz_identity_package,Fullz or identity package,3,29,2,13,0.088235,0.88125
exact_text_unique_sensitivity,One deterministic representative per combined-text SHA-256 value; sensitivity population only,5. CardPro,47,cashout_laundering_service,Cash-out or laundering service,jurisdiction_localisation,Jurisdiction-specific bank or account reference,11,21,0,15,0.34375,1.46875
exact_text_unique_sensitivity,One deterministic representative per combined-text SHA-256 value; sensitivity population only,5. CardPro,47,cashout_laundering_service,Cash-out or laundering service,mule_recruitment,Mule recruitment or account-holder solicitation,1,31,0,15,0.03125,1.46875
exact_text_unique_sensitivity,One deterministic representative per combined-text SHA-256 value; sensitivity population only,5. CardPro,47,cashout_laundering_service,Cash-out or laundering service,telegram_off_platform,Telegram or private-channel coordination reference,18,14,4,11,0.5,1.201705
exact_text_unique_sensitivity,One deterministic representative per combined-text SHA-256 value; sensitivity population only,5. CardPro,47,cashout_laundering_service,Cash-out or laundering service,tutorial_training_recruitment,"Tutorial, guide, or training content",3,29,0,15,0.09375,1.46875
exact_text_unique_sensitivity,One deterministic representative per combined-text SHA-256 value; sensitivity population only,5. CardPro,47,crypto_payment_or_conversion,Cryptocurrency payment or conversion reference,email_access_takeover,Email-access-enabled account takeover,0,7,0,40,0.0,0.0
exact_text_unique_sensitivity,One deterministic representative per combined-text SHA-256 value; sensitivity population only,5. CardPro,47,crypto_payment_or_conversion,Cryptocurrency payment or conversion reference,escrow_trust_reputation,"Escrow, trust, reputation, or scam-risk discourse",2,5,2,38,0.222222,3.357143
exact_text_unique_sensitivity,One deterministic representative per combined-text SHA-256 value; sensitivity population only,5. CardPro,47,crypto_payment_or_conversion,Cryptocurrency payment or conversion reference,fullz_identity_package,Fullz or identity package,2,5,3,37,0.2,2.685714
exact_text_unique_sensitivity,One deterministic representative per combined-text SHA-256 value; sensitivity population only,5. CardPro,47,crypto_payment_or_conversion,Cryptocurrency payment or conversion reference,jurisdiction_localisation,Jurisdiction-specific bank or account reference,2,5,9,31,0.125,1.220779
exact_text_unique_sensitivity,One deterministic representative per combined-text SHA-256 value; sensitivity population only,5. CardPro,47,crypto_payment_or_conversion,Cryptocurrency payment or conversion reference,mule_recruitment,Mule recruitment or account-holder solicitation,0,7,1,39,0.0,0.0
exact_text_unique_sensitivity,One deterministic representative per combined-text SHA-256 value; sensitivity population only,5. CardPro,47,crypto_payment_or_conversion,Cryptocurrency payment or conversion reference,telegram_off_platform,Telegram or private-channel coordination reference,7,0,15,25,0.318182,2.136364
exact_text_unique_sensitivity,One deterministic representative per combined-text SHA-256 value; sensitivity population only,5. CardPro,47,crypto_payment_or_conversion,Cryptocurrency payment or conversion reference,tutorial_training_recruitment,"Tutorial, guide, or training content",0,7,3,37,0.0,0.0
exact_text_unique_sensitivity,One deterministic representative per combined-text SHA-256 value; sensitivity population only,5. CardPro,47,email_access_takeover,Email-access-enabled account takeover,escrow_trust_reputation,"Escrow, trust, reputation, or scam-risk discourse",0,0,4,43,0.0,0.0
exact_text_unique_sensitivity,One deterministic representative per combined-text SHA-256 value; sensitivity population only,5. CardPro,47,email_access_takeover,Email-access-enabled account takeover,fullz_identity_package,Fullz or identity package,0,0,5,42,0.0,0.0
exact_text_unique_sensitivity,One deterministic representative per combined-text SHA-256 value; sensitivity population only,5. CardPro,47,email_access_takeover,Email-access-enabled account takeover,jurisdiction_localisation,Jurisdiction-specific bank or account reference,0,0,11,36,0.0,0.0
exact_text_unique_sensitivity,One deterministic representative per combined-text SHA-256 value; sensitivity population only,5. CardPro,47,email_access_takeover,Email-access-enabled account takeover,mule_recruitment,Mule recruitment or account-holder solicitation,0,0,1,46,0.0,0.0
exact_text_unique_sensitivity,One deterministic representative per combined-text SHA-256 value; sensitivity population only,5. CardPro,47,email_access_takeover,Email-access-enabled account takeover,telegram_off_platform,Telegram or private-channel coordination reference,0,0,22,25,0.0,0.0
exact_text_unique_sensitivity,One deterministic representative per combined-text SHA-256 value; sensitivity population only,5. CardPro,47,email_access_takeover,Email-access-enabled account takeover,tutorial_training_recruitment,"Tutorial, guide, or training content",0,0,3,44,0.0,0.0
exact_text_unique_sensitivity,One deterministic representative per combined-text SHA-256 value; sensitivity population only,5. CardPro,47,escrow_trust_reputation,"Escrow, trust, reputation, or scam-risk discourse",fullz_identity_package,Fullz or identity package,1,3,4,39,0.125,2.35
exact_text_unique_sensitivity,One deterministic representative per combined-text SHA-256 value; sensitivity population only,5. CardPro,47,escrow_trust_reputation,"Escrow, trust, reputation, or scam-risk discourse",jurisdiction_localisation,Jurisdiction-specific bank or account reference,0,4,11,32,0.0,0.0
exact_text_unique_sensitivity,One deterministic representative per combined-text SHA-256 value; sensitivity population only,5. CardPro,47,escrow_trust_reputation,"Escrow, trust, reputation, or scam-risk discourse",mule_recruitment,Mule recruitment or account-holder solicitation,0,4,1,42,0.0,0.0
exact_text_unique_sensitivity,One deterministic representative per combined-text SHA-256 value; sensitivity population only,5. CardPro,47,escrow_trust_reputation,"Escrow, trust, reputation, or scam-risk discourse",telegram_off_platform,Telegram or private-channel coordination reference,2,2,20,23,0.083333,1.068182
exact_text_unique_sensitivity,One deterministic representative per combined-text SHA-256 value; sensitivity population only,5. CardPro,47,escrow_trust_reputation,"Escrow, trust, reputation, or scam-risk discourse",tutorial_training_recruitment,"Tutorial, guide, or training content",0,4,3,40,0.0,0.0
exact_text_unique_sensitivity,One deterministic representative per combined-text SHA-256 value; sensitivity population only,5. CardPro,47,fullz_identity_package,Fullz or identity package,jurisdiction_localisation,Jurisdiction-specific bank or account reference,2,3,9,33,0.142857,1.709091
exact_text_unique_sensitivity,One deterministic representative per combined-text SHA-256 value; sensitivity population only,5. CardPro,47,fullz_identity_package,Fullz or identity package,mule_recruitment,Mule recruitment or account-holder solicitation,0,5,1,41,0.0,0.0
exact_text_unique_sensitivity,One deterministic representative per combined-text SHA-256 value; sensitivity population only,5. CardPro,47,fullz_identity_package,Fullz or identity package,telegram_off_platform,Telegram or private-channel coordination reference,3,2,19,23,0.125,1.281818
exact_text_unique_sensitivity,One deterministic representative per combined-text SHA-256 value; sensitivity population only,5. CardPro,47,fullz_identity_package,Fullz or identity package,tutorial_training_recruitment,"Tutorial, guide, or training content",0,5,3,39,0.0,0.0
exact_text_unique_sensitivity,One deterministic representative per combined-text SHA-256 value; sensitivity population only,5. CardPro,47,jurisdiction_localisation,Jurisdiction-specific bank or account reference,mule_recruitment,Mule recruitment or account-holder solicitation,1,10,0,36,0.090909,4.272727
exact_text_unique_sensitivity,One deterministic representative per combined-text SHA-256 value; sensitivity population only,5. CardPro,47,jurisdiction_localisation,Jurisdiction-specific bank or account reference,telegram_off_platform,Telegram or private-channel coordination reference,7,4,15,21,0.269231,1.359504
exact_text_unique_sensitivity,One deterministic representative per combined-text SHA-256 value; sensitivity population only,5. CardPro,47,jurisdiction_localisation,Jurisdiction-specific bank or account reference,tutorial_training_recruitment,"Tutorial, guide, or training content",2,9,1,35,0.166667,2.848485
exact_text_unique_sensitivity,One deterministic representative per combined-text SHA-256 value; sensitivity population only,5. CardPro,47,mule_recruitment,Mule recruitment or account-holder solicitation,telegram_off_platform,Telegram or private-channel coordination reference,1,0,21,25,0.045455,2.136364
exact_text_unique_sensitivity,One deterministic representative per combined-text SHA-256 value; sensitivity population only,5. CardPro,47,mule_recruitment,Mule recruitment or account-holder solicitation,tutorial_training_recruitment,"Tutorial, guide, or training content",1,0,2,44,0.333333,15.666667
exact_text_unique_sensitivity,One deterministic representative per combined-text SHA-256 value; sensitivity population only,5. CardPro,47,telegram_off_platform,Telegram or private-channel coordination reference,tutorial_training_recruitment,"Tutorial, guide, or training content",2,20,1,24,0.086957,1.424242
exact_text_unique_sensitivity,One deterministic representative per combined-text SHA-256 value; sensitivity population only,6. The X Wave Market,48,bank_drop_sale,Bank drop sale or bank-drop infrastructure,bank_log_sale,Compromised bank log sale or discussion,3,6,2,37,0.272727,3.2
exact_text_unique_sensitivity,One deterministic representative per combined-text SHA-256 value; sensitivity population only,6. The X Wave Market,48,bank_drop_sale,Bank drop sale or bank-drop infrastructure,cashout_laundering_service,Cash-out or laundering service,4,5,6,33,0.266667,2.133333
exact_text_unique_sensitivity,One deterministic representative per combined-text SHA-256 value; sensitivity population only,6. The X Wave Market,48,bank_drop_sale,Bank drop sale or bank-drop infrastructure,crypto_payment_or_conversion,Cryptocurrency payment or conversion reference,5,4,5,34,0.357143,2.666667
exact_text_unique_sensitivity,One deterministic representative per combined-text SHA-256 value; sensitivity population only,6. The X Wave Market,48,bank_drop_sale,Bank drop sale or bank-drop infrastructure,email_access_takeover,Email-access-enabled account takeover,3,6,0,39,0.333333,5.333333
exact_text_unique_sensitivity,One deterministic representative per combined-text SHA-256 value; sensitivity population only,6. The X Wave Market,48,bank_drop_sale,Bank drop sale or bank-drop infrastructure,escrow_trust_reputation,"Escrow, trust, reputation, or scam-risk discourse",9,0,32,7,0.219512,1.170732
exact_text_unique_sensitivity,One deterministic representative per combined-text SHA-256 value; sensitivity population only,6. The X Wave Market,48,bank_drop_sale,Bank drop sale or bank-drop infrastructure,fullz_identity_package,Fullz or identity package,7,2,13,26,0.318182,1.866667
exact_text_unique_sensitivity,One deterministic representative per combined-text SHA-256 value; sensitivity population only,6. The X Wave Market,48,bank_drop_sale,Bank drop sale or bank-drop infrastructure,jurisdiction_localisation,Jurisdiction-specific bank or account reference,4,5,2,37,0.363636,3.555556
exact_text_unique_sensitivity,One deterministic representative per combined-text SHA-256 value; sensitivity population only,6. The X Wave Market,48,bank_drop_sale,Bank drop sale or bank-drop infrastructure,mule_recruitment,Mule recruitment or account-holder solicitation,0,9,0,39,0.0,0.0
exact_text_unique_sensitivity,One deterministic representative per combined-text SHA-256 value; sensitivity population only,6. The X Wave Market,48,bank_drop_sale,Bank drop sale or bank-drop infrastructure,telegram_off_platform,Telegram or private-channel coordination reference,0,9,0,39,0.0,0.0
exact_text_unique_sensitivity,One deterministic representative per combined-text SHA-256 value; sensitivity population only,6. The X Wave Market,48,bank_drop_sale,Bank drop sale or bank-drop infrastructure,tutorial_training_recruitment,"Tutorial, guide, or training content",3,6,7,32,0.1875,1.6
exact_text_unique_sensitivity,One deterministic representative per combined-text SHA-256 value; sensitivity population only,6. The X Wave Market,48,bank_log_sale,Compromised bank log sale or discussion,cashout_laundering_service,Cash-out or laundering service,2,3,8,35,0.153846,1.92
exact_text_unique_sensitivity,One deterministic representative per combined-text SHA-256 value; sensitivity population only,6. The X Wave Market,48,bank_log_sale,Compromised bank log sale or discussion,crypto_payment_or_conversion,Cryptocurrency payment or conversion reference,3,2,7,36,0.25,2.88
exact_text_unique_sensitivity,One deterministic representative per combined-text SHA-256 value; sensitivity population only,6. The X Wave Market,48,bank_log_sale,Compromised bank log sale or discussion,email_access_takeover,Email-access-enabled account takeover,2,3,1,42,0.333333,6.4
exact_text_unique_sensitivity,One deterministic representative per combined-text SHA-256 value; sensitivity population only,6. The X Wave Market,48,bank_log_sale,Compromised bank log sale or discussion,escrow_trust_reputation,"Escrow, trust, reputation, or scam-risk discourse",5,0,36,7,0.121951,1.170732
exact_text_unique_sensitivity,One deterministic representative per combined-text SHA-256 value; sensitivity population only,6. The X Wave Market,48,bank_log_sale,Compromised bank log sale or discussion,fullz_identity_package,Fullz or identity package,4,1,16,27,0.190476,1.92
exact_text_unique_sensitivity,One deterministic representative per combined-text SHA-256 value; sensitivity population only,6. The X Wave Market,48,bank_log_sale,Compromised bank log sale or discussion,jurisdiction_localisation,Jurisdiction-specific bank or account reference,5,0,1,42,0.833333,8.0
exact_text_unique_sensitivity,One deterministic representative per combined-text SHA-256 value; sensitivity population only,6. The X Wave Market,48,bank_log_sale,Compromised bank log sale or discussion,mule_recruitment,Mule recruitment or account-holder solicitation,0,5,0,43,0.0,0.0
exact_text_unique_sensitivity,One deterministic representative per combined-text SHA-256 value; sensitivity population only,6. The X Wave Market,48,bank_log_sale,Compromised bank log sale or discussion,telegram_off_platform,Telegram or private-channel coordination reference,0,5,0,43,0.0,0.0
exact_text_unique_sensitivity,One deterministic representative per combined-text SHA-256 value; sensitivity population only,6. The X Wave Market,48,bank_log_sale,Compromised bank log sale or discussion,tutorial_training_recruitment,"Tutorial, guide, or training content",1,4,9,34,0.071429,0.96
exact_text_unique_sensitivity,One deterministic representative per combined-text SHA-256 value; sensitivity population only,6. The X Wave Market,48,cashout_laundering_service,Cash-out or laundering service,crypto_payment_or_conversion,Cryptocurrency payment or conversion reference,6,4,4,34,0.428571,2.88
exact_text_unique_sensitivity,One deterministic representative per combined-text SHA-256 value; sensitivity population only,6. The X Wave Market,48,cashout_laundering_service,Cash-out or laundering service,email_access_takeover,Email-access-enabled account takeover,3,7,0,38,0.3,4.8
exact_text_unique_sensitivity,One deterministic representative per combined-text SHA-256 value; sensitivity population only,6. The X Wave Market,48,cashout_laundering_service,Cash-out or laundering service,escrow_trust_reputation,"Escrow, trust, reputation, or scam-risk discourse",10,0,31,7,0.243902,1.170732
exact_text_unique_sensitivity,One deterministic representative per combined-text SHA-256 value; sensitivity population only,6. The X Wave Market,48,cashout_laundering_service,Cash-out or laundering service,fullz_identity_package,Fullz or identity package,8,2,12,26,0.363636,1.92
exact_text_unique_sensitivity,One deterministic representative per combined-text SHA-256 value; sensitivity population only,6. The X Wave Market,48,cashout_laundering_service,Cash-out or laundering service,jurisdiction_localisation,Jurisdiction-specific bank or account reference,3,7,3,35,0.230769,2.4
exact_text_unique_sensitivity,One deterministic representative per combined-text SHA-256 value; sensitivity population only,6. The X Wave Market,48,cashout_laundering_service,Cash-out or laundering service,mule_recruitment,Mule recruitment or account-holder solicitation,0,10,0,38,0.0,0.0
exact_text_unique_sensitivity,One deterministic representative per combined-text SHA-256 value; sensitivity population only,6. The X Wave Market,48,cashout_laundering_service,Cash-out or laundering service,telegram_off_platform,Telegram or private-channel coordination reference,0,10,0,38,0.0,0.0
exact_text_unique_sensitivity,One deterministic representative per combined-text SHA-256 value; sensitivity population only,6. The X Wave Market,48,cashout_laundering_service,Cash-out or laundering service,tutorial_training_recruitment,"Tutorial, guide, or training content",6,4,4,34,0.428571,2.88
exact_text_unique_sensitivity,One deterministic representative per combined-text SHA-256 value; sensitivity population only,6. The X Wave Market,48,crypto_payment_or_conversion,Cryptocurrency payment or conversion reference,email_access_takeover,Email-access-enabled account takeover,3,7,0,38,0.3,4.8
exact_text_unique_sensitivity,One deterministic representative per combined-text SHA-256 value; sensitivity population only,6. The X Wave Market,48,crypto_payment_or_conversion,Cryptocurrency payment or conversion reference,escrow_trust_reputation,"Escrow, trust, reputation, or scam-risk discourse",9,1,32,6,0.214286,1.053659
exact_text_unique_sensitivity,One deterministic representative per combined-text SHA-256 value; sensitivity population only,6. The X Wave Market,48,crypto_payment_or_conversion,Cryptocurrency payment or conversion reference,fullz_identity_package,Fullz or identity package,6,4,14,24,0.25,1.44
exact_text_unique_sensitivity,One deterministic representative per combined-text SHA-256 value; sensitivity population only,6. The X Wave Market,48,crypto_payment_or_conversion,Cryptocurrency payment or conversion reference,jurisdiction_localisation,Jurisdiction-specific bank or account reference,4,6,2,36,0.333333,3.2
exact_text_unique_sensitivity,One deterministic representative per combined-text SHA-256 value; sensitivity population only,6. The X Wave Market,48,crypto_payment_or_conversion,Cryptocurrency payment or conversion reference,mule_recruitment,Mule recruitment or account-holder solicitation,0,10,0,38,0.0,0.0
exact_text_unique_sensitivity,One deterministic representative per combined-text SHA-256 value; sensitivity population only,6. The X Wave Market,48,crypto_payment_or_conversion,Cryptocurrency payment or conversion reference,telegram_off_platform,Telegram or private-channel coordination reference,0,10,0,38,0.0,0.0
exact_text_unique_sensitivity,One deterministic representative per combined-text SHA-256 value; sensitivity population only,6. The X Wave Market,48,crypto_payment_or_conversion,Cryptocurrency payment or conversion reference,tutorial_training_recruitment,"Tutorial, guide, or training content",4,6,6,32,0.25,1.92
exact_text_unique_sensitivity,One deterministic representative per combined-text SHA-256 value; sensitivity population only,6. The X Wave Market,48,email_access_takeover,Email-access-enabled account takeover,escrow_trust_reputation,"Escrow, trust, reputation, or scam-risk discourse",3,0,38,7,0.073171,1.170732
exact_text_unique_sensitivity,One deterministic representative per combined-text SHA-256 value; sensitivity population only,6. The X Wave Market,48,email_access_takeover,Email-access-enabled account takeover,fullz_identity_package,Fullz or identity package,3,0,17,28,0.15,2.4
exact_text_unique_sensitivity,One deterministic representative per combined-text SHA-256 value; sensitivity population only,6. The X Wave Market,48,email_access_takeover,Email-access-enabled account takeover,jurisdiction_localisation,Jurisdiction-specific bank or account reference,2,1,4,41,0.285714,5.333333
exact_text_unique_sensitivity,One deterministic representative per combined-text SHA-256 value; sensitivity population only,6. The X Wave Market,48,email_access_takeover,Email-access-enabled account takeover,mule_recruitment,Mule recruitment or account-holder solicitation,0,3,0,45,0.0,0.0
exact_text_unique_sensitivity,One deterministic representative per combined-text SHA-256 value; sensitivity population only,6. The X Wave Market,48,email_access_takeover,Email-access-enabled account takeover,telegram_off_platform,Telegram or private-channel coordination reference,0,3,0,45,0.0,0.0
exact_text_unique_sensitivity,One deterministic representative per combined-text SHA-256 value; sensitivity population only,6. The X Wave Market,48,email_access_takeover,Email-access-enabled account takeover,tutorial_training_recruitment,"Tutorial, guide, or training content",0,3,10,35,0.0,0.0
exact_text_unique_sensitivity,One deterministic representative per combined-text SHA-256 value; sensitivity population only,6. The X Wave Market,48,escrow_trust_reputation,"Escrow, trust, reputation, or scam-risk discourse",fullz_identity_package,Fullz or identity package,20,21,0,7,0.487805,1.170732
exact_text_unique_sensitivity,One deterministic representative per combined-text SHA-256 value; sensitivity population only,6. The X Wave Market,48,escrow_trust_reputation,"Escrow, trust, reputation, or scam-risk discourse",jurisdiction_localisation,Jurisdiction-specific bank or account reference,6,35,0,7,0.146341,1.170732
exact_text_unique_sensitivity,One deterministic representative per combined-text SHA-256 value; sensitivity population only,6. The X Wave Market,48,escrow_trust_reputation,"Escrow, trust, reputation, or scam-risk discourse",mule_recruitment,Mule recruitment or account-holder solicitation,0,41,0,7,0.0,0.0
exact_text_unique_sensitivity,One deterministic representative per combined-text SHA-256 value; sensitivity population only,6. The X Wave Market,48,escrow_trust_reputation,"Escrow, trust, reputation, or scam-risk discourse",telegram_off_platform,Telegram or private-channel coordination reference,0,41,0,7,0.0,0.0
exact_text_unique_sensitivity,One deterministic representative per combined-text SHA-256 value; sensitivity population only,6. The X Wave Market,48,escrow_trust_reputation,"Escrow, trust, reputation, or scam-risk discourse",tutorial_training_recruitment,"Tutorial, guide, or training content",10,31,0,7,0.243902,1.170732
exact_text_unique_sensitivity,One deterministic representative per combined-text SHA-256 value; sensitivity population only,6. The X Wave Market,48,fullz_identity_package,Fullz or identity package,jurisdiction_localisation,Jurisdiction-specific bank or account reference,5,15,1,27,0.238095,2.0
exact_text_unique_sensitivity,One deterministic representative per combined-text SHA-256 value; sensitivity population only,6. The X Wave Market,48,fullz_identity_package,Fullz or identity package,mule_recruitment,Mule recruitment or account-holder solicitation,0,20,0,28,0.0,0.0
exact_text_unique_sensitivity,One deterministic representative per combined-text SHA-256 value; sensitivity population only,6. The X Wave Market,48,fullz_identity_package,Fullz or identity package,telegram_off_platform,Telegram or private-channel coordination reference,0,20,0,28,0.0,0.0
exact_text_unique_sensitivity,One deterministic representative per combined-text SHA-256 value; sensitivity population only,6. The X Wave Market,48,fullz_identity_package,Fullz or identity package,tutorial_training_recruitment,"Tutorial, guide, or training content",7,13,3,25,0.304348,1.68
exact_text_unique_sensitivity,One deterministic representative per combined-text SHA-256 value; sensitivity population only,6. The X Wave Market,48,jurisdiction_localisation,Jurisdiction-specific bank or account reference,mule_recruitment,Mule recruitment or account-holder solicitation,0,6,0,42,0.0,0.0
exact_text_unique_sensitivity,One deterministic representative per combined-text SHA-256 value; sensitivity population only,6. The X Wave Market,48,jurisdiction_localisation,Jurisdiction-specific bank or account reference,telegram_off_platform,Telegram or private-channel coordination reference,0,6,0,42,0.0,0.0
exact_text_unique_sensitivity,One deterministic representative per combined-text SHA-256 value; sensitivity population only,6. The X Wave Market,48,jurisdiction_localisation,Jurisdiction-specific bank or account reference,tutorial_training_recruitment,"Tutorial, guide, or training content",2,4,8,34,0.142857,1.6
exact_text_unique_sensitivity,One deterministic representative per combined-text SHA-256 value; sensitivity population only,6. The X Wave Market,48,mule_recruitment,Mule recruitment or account-holder solicitation,telegram_off_platform,Telegram or private-channel coordination reference,0,0,0,48,0.0,0.0
exact_text_unique_sensitivity,One deterministic representative per combined-text SHA-256 value; sensitivity population only,6. The X Wave Market,48,mule_recruitment,Mule recruitment or account-holder solicitation,tutorial_training_recruitment,"Tutorial, guide, or training content",0,0,10,38,0.0,0.0
exact_text_unique_sensitivity,One deterministic representative per combined-text SHA-256 value; sensitivity population only,6. The X Wave Market,48,telegram_off_platform,Telegram or private-channel coordination reference,tutorial_training_recruitment,"Tutorial, guide, or training content",0,0,10,38,0.0,0.0
exact_text_unique_sensitivity,One deterministic representative per combined-text SHA-256 value; sensitivity population only,7. Meta Banklogs,38,bank_drop_sale,Bank drop sale or bank-drop infrastructure,bank_log_sale,Compromised bank log sale or discussion,10,4,18,6,0.3125,0.969388
exact_text_unique_sensitivity,One deterministic representative per combined-text SHA-256 value; sensitivity population only,7. Meta Banklogs,38,bank_drop_sale,Bank drop sale or bank-drop infrastructure,cashout_laundering_service,Cash-out or laundering service,3,11,1,23,0.2,2.035714
exact_text_unique_sensitivity,One deterministic representative per combined-text SHA-256 value; sensitivity population only,7. Meta Banklogs,38,bank_drop_sale,Bank drop sale or bank-drop infrastructure,crypto_payment_or_conversion,Cryptocurrency payment or conversion reference,3,11,3,21,0.176471,1.357143
exact_text_unique_sensitivity,One deterministic representative per combined-text SHA-256 value; sensitivity population only,7. Meta Banklogs,38,bank_drop_sale,Bank drop sale or bank-drop infrastructure,email_access_takeover,Email-access-enabled account takeover,7,7,14,10,0.25,0.904762
exact_text_unique_sensitivity,One deterministic representative per combined-text SHA-256 value; sensitivity population only,7. Meta Banklogs,38,bank_drop_sale,Bank drop sale or bank-drop infrastructure,escrow_trust_reputation,"Escrow, trust, reputation, or scam-risk discourse",0,14,1,23,0.0,0.0
exact_text_unique_sensitivity,One deterministic representative per combined-text SHA-256 value; sensitivity population only,7. Meta Banklogs,38,bank_drop_sale,Bank drop sale or bank-drop infrastructure,fullz_identity_package,Fullz or identity package,9,5,3,21,0.529412,2.035714
exact_text_unique_sensitivity,One deterministic representative per combined-text SHA-256 value; sensitivity population only,7. Meta Banklogs,38,bank_drop_sale,Bank drop sale or bank-drop infrastructure,jurisdiction_localisation,Jurisdiction-specific bank or account reference,14,0,21,3,0.4,1.085714
exact_text_unique_sensitivity,One deterministic representative per combined-text SHA-256 value; sensitivity population only,7. Meta Banklogs,38,bank_drop_sale,Bank drop sale or bank-drop infrastructure,mule_recruitment,Mule recruitment or account-holder solicitation,0,14,0,24,0.0,0.0
exact_text_unique_sensitivity,One deterministic representative per combined-text SHA-256 value; sensitivity population only,7. Meta Banklogs,38,bank_drop_sale,Bank drop sale or bank-drop infrastructure,telegram_off_platform,Telegram or private-channel coordination reference,2,12,0,24,0.142857,2.714286
exact_text_unique_sensitivity,One deterministic representative per combined-text SHA-256 value; sensitivity population only,7. Meta Banklogs,38,bank_drop_sale,Bank drop sale or bank-drop infrastructure,tutorial_training_recruitment,"Tutorial, guide, or training content",4,10,2,22,0.25,1.809524
exact_text_unique_sensitivity,One deterministic representative per combined-text SHA-256 value; sensitivity population only,7. Meta Banklogs,38,bank_log_sale,Compromised bank log sale or discussion,cashout_laundering_service,Cash-out or laundering service,3,25,1,9,0.103448,1.017857
exact_text_unique_sensitivity,One deterministic representative per combined-text SHA-256 value; sensitivity population only,7. Meta Banklogs,38,bank_log_sale,Compromised bank log sale or discussion,crypto_payment_or_conversion,Cryptocurrency payment or conversion reference,5,23,1,9,0.172414,1.130952
exact_text_unique_sensitivity,One deterministic representative per combined-text SHA-256 value; sensitivity population only,7. Meta Banklogs,38,bank_log_sale,Compromised bank log sale or discussion,email_access_takeover,Email-access-enabled account takeover,19,9,2,8,0.633333,1.227891
exact_text_unique_sensitivity,One deterministic representative per combined-text SHA-256 value; sensitivity population only,7. Meta Banklogs,38,bank_log_sale,Compromised bank log sale or discussion,escrow_trust_reputation,"Escrow, trust, reputation, or scam-risk discourse",0,28,1,9,0.0,0.0
exact_text_unique_sensitivity,One deterministic representative per combined-text SHA-256 value; sensitivity population only,7. Meta Banklogs,38,bank_log_sale,Compromised bank log sale or discussion,fullz_identity_package,Fullz or identity package,8,20,4,6,0.25,0.904762
exact_text_unique_sensitivity,One deterministic representative per combined-text SHA-256 value; sensitivity population only,7. Meta Banklogs,38,bank_log_sale,Compromised bank log sale or discussion,jurisdiction_localisation,Jurisdiction-specific bank or account reference,28,0,7,3,0.8,1.085714
exact_text_unique_sensitivity,One deterministic representative per combined-text SHA-256 value; sensitivity population only,7. Meta Banklogs,38,bank_log_sale,Compromised bank log sale or discussion,mule_recruitment,Mule recruitment or account-holder solicitation,0,28,0,10,0.0,0.0
exact_text_unique_sensitivity,One deterministic representative per combined-text SHA-256 value; sensitivity population only,7. Meta Banklogs,38,bank_log_sale,Compromised bank log sale or discussion,telegram_off_platform,Telegram or private-channel coordination reference,0,28,2,8,0.0,0.0
exact_text_unique_sensitivity,One deterministic representative per combined-text SHA-256 value; sensitivity population only,7. Meta Banklogs,38,bank_log_sale,Compromised bank log sale or discussion,tutorial_training_recruitment,"Tutorial, guide, or training content",4,24,2,8,0.133333,0.904762
exact_text_unique_sensitivity,One deterministic representative per combined-text SHA-256 value; sensitivity population only,7. Meta Banklogs,38,cashout_laundering_service,Cash-out or laundering service,crypto_payment_or_conversion,Cryptocurrency payment or conversion reference,1,3,5,29,0.111111,1.583333
exact_text_unique_sensitivity,One deterministic representative per combined-text SHA-256 value; sensitivity population only,7. Meta Banklogs,38,cashout_laundering_service,Cash-out or laundering service,email_access_takeover,Email-access-enabled account takeover,2,2,19,15,0.086957,0.904762
exact_text_unique_sensitivity,One deterministic representative per combined-text SHA-256 value; sensitivity population only,7. Meta Banklogs,38,cashout_laundering_service,Cash-out or laundering service,escrow_trust_reputation,"Escrow, trust, reputation, or scam-risk discourse",0,4,1,33,0.0,0.0
exact_text_unique_sensitivity,One deterministic representative per combined-text SHA-256 value; sensitivity population only,7. Meta Banklogs,38,cashout_laundering_service,Cash-out or laundering service,fullz_identity_package,Fullz or identity package,2,2,10,24,0.142857,1.583333
exact_text_unique_sensitivity,One deterministic representative per combined-text SHA-256 value; sensitivity population only,7. Meta Banklogs,38,cashout_laundering_service,Cash-out or laundering service,jurisdiction_localisation,Jurisdiction-specific bank or account reference,4,0,31,3,0.114286,1.085714
exact_text_unique_sensitivity,One deterministic representative per combined-text SHA-256 value; sensitivity population only,7. Meta Banklogs,38,cashout_laundering_service,Cash-out or laundering service,mule_recruitment,Mule recruitment or account-holder solicitation,0,4,0,34,0.0,0.0
exact_text_unique_sensitivity,One deterministic representative per combined-text SHA-256 value; sensitivity population only,7. Meta Banklogs,38,cashout_laundering_service,Cash-out or laundering service,telegram_off_platform,Telegram or private-channel coordination reference,0,4,2,32,0.0,0.0
exact_text_unique_sensitivity,One deterministic representative per combined-text SHA-256 value; sensitivity population only,7. Meta Banklogs,38,cashout_laundering_service,Cash-out or laundering service,tutorial_training_recruitment,"Tutorial, guide, or training content",3,1,3,31,0.428571,4.75
exact_text_unique_sensitivity,One deterministic representative per combined-text SHA-256 value; sensitivity population only,7. Meta Banklogs,38,crypto_payment_or_conversion,Cryptocurrency payment or conversion reference,email_access_takeover,Email-access-enabled account takeover,2,4,19,13,0.08,0.603175
exact_text_unique_sensitivity,One deterministic representative per combined-text SHA-256 value; sensitivity population only,7. Meta Banklogs,38,crypto_payment_or_conversion,Cryptocurrency payment or conversion reference,escrow_trust_reputation,"Escrow, trust, reputation, or scam-risk discourse",1,5,0,32,0.166667,6.333333
exact_text_unique_sensitivity,One deterministic representative per combined-text SHA-256 value; sensitivity population only,7. Meta Banklogs,38,crypto_payment_or_conversion,Cryptocurrency payment or conversion reference,fullz_identity_package,Fullz or identity package,2,4,10,22,0.125,1.055556
exact_text_unique_sensitivity,One deterministic representative per combined-text SHA-256 value; sensitivity population only,7. Meta Banklogs,38,crypto_payment_or_conversion,Cryptocurrency payment or conversion reference,jurisdiction_localisation,Jurisdiction-specific bank or account reference,5,1,30,2,0.138889,0.904762
exact_text_unique_sensitivity,One deterministic representative per combined-text SHA-256 value; sensitivity population only,7. Meta Banklogs,38,crypto_payment_or_conversion,Cryptocurrency payment or conversion reference,mule_recruitment,Mule recruitment or account-holder solicitation,0,6,0,32,0.0,0.0
exact_text_unique_sensitivity,One deterministic representative per combined-text SHA-256 value; sensitivity population only,7. Meta Banklogs,38,crypto_payment_or_conversion,Cryptocurrency payment or conversion reference,telegram_off_platform,Telegram or private-channel coordination reference,0,6,2,30,0.0,0.0
exact_text_unique_sensitivity,One deterministic representative per combined-text SHA-256 value; sensitivity population only,7. Meta Banklogs,38,crypto_payment_or_conversion,Cryptocurrency payment or conversion reference,tutorial_training_recruitment,"Tutorial, guide, or training content",1,5,5,27,0.090909,1.055556
exact_text_unique_sensitivity,One deterministic representative per combined-text SHA-256 value; sensitivity population only,7. Meta Banklogs,38,email_access_takeover,Email-access-enabled account takeover,escrow_trust_reputation,"Escrow, trust, reputation, or scam-risk discourse",0,21,1,16,0.0,0.0
exact_text_unique_sensitivity,One deterministic representative per combined-text SHA-256 value; sensitivity population only,7. Meta Banklogs,38,email_access_takeover,Email-access-enabled account takeover,fullz_identity_package,Fullz or identity package,4,17,8,9,0.137931,0.603175
exact_text_unique_sensitivity,One deterministic representative per combined-text SHA-256 value; sensitivity population only,7. Meta Banklogs,38,email_access_takeover,Email-access-enabled account takeover,jurisdiction_localisation,Jurisdiction-specific bank or account reference,21,0,14,3,0.6,1.085714
exact_text_unique_sensitivity,One deterministic representative per combined-text SHA-256 value; sensitivity population only,7. Meta Banklogs,38,email_access_takeover,Email-access-enabled account takeover,mule_recruitment,Mule recruitment or account-holder solicitation,0,21,0,17,0.0,0.0
exact_text_unique_sensitivity,One deterministic representative per combined-text SHA-256 value; sensitivity population only,7. Meta Banklogs,38,email_access_takeover,Email-access-enabled account takeover,telegram_off_platform,Telegram or private-channel coordination reference,1,20,1,16,0.045455,0.904762
exact_text_unique_sensitivity,One deterministic representative per combined-text SHA-256 value; sensitivity population only,7. Meta Banklogs,38,email_access_takeover,Email-access-enabled account takeover,tutorial_training_recruitment,"Tutorial, guide, or training content",4,17,2,15,0.173913,1.206349
exact_text_unique_sensitivity,One deterministic representative per combined-text SHA-256 value; sensitivity population only,7. Meta Banklogs,38,escrow_trust_reputation,"Escrow, trust, reputation, or scam-risk discourse",fullz_identity_package,Fullz or identity package,0,1,12,25,0.0,0.0
exact_text_unique_sensitivity,One deterministic representative per combined-text SHA-256 value; sensitivity population only,7. Meta Banklogs,38,escrow_trust_reputation,"Escrow, trust, reputation, or scam-risk discourse",jurisdiction_localisation,Jurisdiction-specific bank or account reference,0,1,35,2,0.0,0.0
exact_text_unique_sensitivity,One deterministic representative per combined-text SHA-256 value; sensitivity population only,7. Meta Banklogs,38,escrow_trust_reputation,"Escrow, trust, reputation, or scam-risk discourse",mule_recruitment,Mule recruitment or account-holder solicitation,0,1,0,37,0.0,0.0
exact_text_unique_sensitivity,One deterministic representative per combined-text SHA-256 value; sensitivity population only,7. Meta Banklogs,38,escrow_trust_reputation,"Escrow, trust, reputation, or scam-risk discourse",telegram_off_platform,Telegram or private-channel coordination reference,0,1,2,35,0.0,0.0
exact_text_unique_sensitivity,One deterministic representative per combined-text SHA-256 value; sensitivity population only,7. Meta Banklogs,38,escrow_trust_reputation,"Escrow, trust, reputation, or scam-risk discourse",tutorial_training_recruitment,"Tutorial, guide, or training content",0,1,6,31,0.0,0.0
exact_text_unique_sensitivity,One deterministic representative per combined-text SHA-256 value; sensitivity population only,7. Meta Banklogs,38,fullz_identity_package,Fullz or identity package,jurisdiction_localisation,Jurisdiction-specific bank or account reference,12,0,23,3,0.342857,1.085714
exact_text_unique_sensitivity,One deterministic representative per combined-text SHA-256 value; sensitivity population only,7. Meta Banklogs,38,fullz_identity_package,Fullz or identity package,mule_recruitment,Mule recruitment or account-holder solicitation,0,12,0,26,0.0,0.0
exact_text_unique_sensitivity,One deterministic representative per combined-text SHA-256 value; sensitivity population only,7. Meta Banklogs,38,fullz_identity_package,Fullz or identity package,telegram_off_platform,Telegram or private-channel coordination reference,1,11,1,25,0.076923,1.583333
exact_text_unique_sensitivity,One deterministic representative per combined-text SHA-256 value; sensitivity population only,7. Meta Banklogs,38,fullz_identity_package,Fullz or identity package,tutorial_training_recruitment,"Tutorial, guide, or training content",3,9,3,23,0.2,1.583333
exact_text_unique_sensitivity,One deterministic representative per combined-text SHA-256 value; sensitivity population only,7. Meta Banklogs,38,jurisdiction_localisation,Jurisdiction-specific bank or account reference,mule_recruitment,Mule recruitment or account-holder solicitation,0,35,0,3,0.0,0.0
exact_text_unique_sensitivity,One deterministic representative per combined-text SHA-256 value; sensitivity population only,7. Meta Banklogs,38,jurisdiction_localisation,Jurisdiction-specific bank or account reference,telegram_off_platform,Telegram or private-channel coordination reference,2,33,0,3,0.057143,1.085714
exact_text_unique_sensitivity,One deterministic representative per combined-text SHA-256 value; sensitivity population only,7. Meta Banklogs,38,jurisdiction_localisation,Jurisdiction-specific bank or account reference,tutorial_training_recruitment,"Tutorial, guide, or training content",6,29,0,3,0.171429,1.085714
exact_text_unique_sensitivity,One deterministic representative per combined-text SHA-256 value; sensitivity population only,7. Meta Banklogs,38,mule_recruitment,Mule recruitment or account-holder solicitation,telegram_off_platform,Telegram or private-channel coordination reference,0,0,2,36,0.0,0.0
exact_text_unique_sensitivity,One deterministic representative per combined-text SHA-256 value; sensitivity population only,7. Meta Banklogs,38,mule_recruitment,Mule recruitment or account-holder solicitation,tutorial_training_recruitment,"Tutorial, guide, or training content",0,0,6,32,0.0,0.0
exact_text_unique_sensitivity,One deterministic representative per combined-text SHA-256 value; sensitivity population only,7. Meta Banklogs,38,telegram_off_platform,Telegram or private-channel coordination reference,tutorial_training_recruitment,"Tutorial, guide, or training content",0,2,6,30,0.0,0.0
exact_text_unique_sensitivity,One deterministic representative per combined-text SHA-256 value; sensitivity population only,8. Secure ccSeller,13,bank_drop_sale,Bank drop sale or bank-drop infrastructure,bank_log_sale,Compromised bank log sale or discussion,1,0,3,9,0.25,3.25
exact_text_unique_sensitivity,One deterministic representative per combined-text SHA-256 value; sensitivity population only,8. Secure ccSeller,13,bank_drop_sale,Bank drop sale or bank-drop infrastructure,cashout_laundering_service,Cash-out or laundering service,0,1,0,12,0.0,0.0
exact_text_unique_sensitivity,One deterministic representative per combined-text SHA-256 value; sensitivity population only,8. Secure ccSeller,13,bank_drop_sale,Bank drop sale or bank-drop infrastructure,crypto_payment_or_conversion,Cryptocurrency payment or conversion reference,0,1,1,11,0.0,0.0
exact_text_unique_sensitivity,One deterministic representative per combined-text SHA-256 value; sensitivity population only,8. Secure ccSeller,13,bank_drop_sale,Bank drop sale or bank-drop infrastructure,email_access_takeover,Email-access-enabled account takeover,1,0,3,9,0.25,3.25
exact_text_unique_sensitivity,One deterministic representative per combined-text SHA-256 value; sensitivity population only,8. Secure ccSeller,13,bank_drop_sale,Bank drop sale or bank-drop infrastructure,escrow_trust_reputation,"Escrow, trust, reputation, or scam-risk discourse",0,1,1,11,0.0,0.0
exact_text_unique_sensitivity,One deterministic representative per combined-text SHA-256 value; sensitivity population only,8. Secure ccSeller,13,bank_drop_sale,Bank drop sale or bank-drop infrastructure,fullz_identity_package,Fullz or identity package,1,0,5,7,0.166667,2.166667
exact_text_unique_sensitivity,One deterministic representative per combined-text SHA-256 value; sensitivity population only,8. Secure ccSeller,13,bank_drop_sale,Bank drop sale or bank-drop infrastructure,jurisdiction_localisation,Jurisdiction-specific bank or account reference,1,0,4,8,0.2,2.6
exact_text_unique_sensitivity,One deterministic representative per combined-text SHA-256 value; sensitivity population only,8. Secure ccSeller,13,bank_drop_sale,Bank drop sale or bank-drop infrastructure,mule_recruitment,Mule recruitment or account-holder solicitation,0,1,0,12,0.0,0.0
exact_text_unique_sensitivity,One deterministic representative per combined-text SHA-256 value; sensitivity population only,8. Secure ccSeller,13,bank_drop_sale,Bank drop sale or bank-drop infrastructure,telegram_off_platform,Telegram or private-channel coordination reference,0,1,0,12,0.0,0.0
exact_text_unique_sensitivity,One deterministic representative per combined-text SHA-256 value; sensitivity population only,8. Secure ccSeller,13,bank_drop_sale,Bank drop sale or bank-drop infrastructure,tutorial_training_recruitment,"Tutorial, guide, or training content",1,0,3,9,0.25,3.25
exact_text_unique_sensitivity,One deterministic representative per combined-text SHA-256 value; sensitivity population only,8. Secure ccSeller,13,bank_log_sale,Compromised bank log sale or discussion,cashout_laundering_service,Cash-out or laundering service,0,4,0,9,0.0,0.0
exact_text_unique_sensitivity,One deterministic representative per combined-text SHA-256 value; sensitivity population only,8. Secure ccSeller,13,bank_log_sale,Compromised bank log sale or discussion,crypto_payment_or_conversion,Cryptocurrency payment or conversion reference,0,4,1,8,0.0,0.0
exact_text_unique_sensitivity,One deterministic representative per combined-text SHA-256 value; sensitivity population only,8. Secure ccSeller,13,bank_log_sale,Compromised bank log sale or discussion,email_access_takeover,Email-access-enabled account takeover,2,2,2,7,0.333333,1.625
exact_text_unique_sensitivity,One deterministic representative per combined-text SHA-256 value; sensitivity population only,8. Secure ccSeller,13,bank_log_sale,Compromised bank log sale or discussion,escrow_trust_reputation,"Escrow, trust, reputation, or scam-risk discourse",0,4,1,8,0.0,0.0
exact_text_unique_sensitivity,One deterministic representative per combined-text SHA-256 value; sensitivity population only,8. Secure ccSeller,13,bank_log_sale,Compromised bank log sale or discussion,fullz_identity_package,Fullz or identity package,3,1,3,6,0.428571,1.625
exact_text_unique_sensitivity,One deterministic representative per combined-text SHA-256 value; sensitivity population only,8. Secure ccSeller,13,bank_log_sale,Compromised bank log sale or discussion,jurisdiction_localisation,Jurisdiction-specific bank or account reference,3,1,2,7,0.5,1.95
exact_text_unique_sensitivity,One deterministic representative per combined-text SHA-256 value; sensitivity population only,8. Secure ccSeller,13,bank_log_sale,Compromised bank log sale or discussion,mule_recruitment,Mule recruitment or account-holder solicitation,0,4,0,9,0.0,0.0
exact_text_unique_sensitivity,One deterministic representative per combined-text SHA-256 value; sensitivity population only,8. Secure ccSeller,13,bank_log_sale,Compromised bank log sale or discussion,telegram_off_platform,Telegram or private-channel coordination reference,0,4,0,9,0.0,0.0
exact_text_unique_sensitivity,One deterministic representative per combined-text SHA-256 value; sensitivity population only,8. Secure ccSeller,13,bank_log_sale,Compromised bank log sale or discussion,tutorial_training_recruitment,"Tutorial, guide, or training content",2,2,2,7,0.333333,1.625
exact_text_unique_sensitivity,One deterministic representative per combined-text SHA-256 value; sensitivity population only,8. Secure ccSeller,13,cashout_laundering_service,Cash-out or laundering service,crypto_payment_or_conversion,Cryptocurrency payment or conversion reference,0,0,1,12,0.0,0.0
exact_text_unique_sensitivity,One deterministic representative per combined-text SHA-256 value; sensitivity population only,8. Secure ccSeller,13,cashout_laundering_service,Cash-out or laundering service,email_access_takeover,Email-access-enabled account takeover,0,0,4,9,0.0,0.0
exact_text_unique_sensitivity,One deterministic representative per combined-text SHA-256 value; sensitivity population only,8. Secure ccSeller,13,cashout_laundering_service,Cash-out or laundering service,escrow_trust_reputation,"Escrow, trust, reputation, or scam-risk discourse",0,0,1,12,0.0,0.0
exact_text_unique_sensitivity,One deterministic representative per combined-text SHA-256 value; sensitivity population only,8. Secure ccSeller,13,cashout_laundering_service,Cash-out or laundering service,fullz_identity_package,Fullz or identity package,0,0,6,7,0.0,0.0
exact_text_unique_sensitivity,One deterministic representative per combined-text SHA-256 value; sensitivity population only,8. Secure ccSeller,13,cashout_laundering_service,Cash-out or laundering service,jurisdiction_localisation,Jurisdiction-specific bank or account reference,0,0,5,8,0.0,0.0
exact_text_unique_sensitivity,One deterministic representative per combined-text SHA-256 value; sensitivity population only,8. Secure ccSeller,13,cashout_laundering_service,Cash-out or laundering service,mule_recruitment,Mule recruitment or account-holder solicitation,0,0,0,13,0.0,0.0
exact_text_unique_sensitivity,One deterministic representative per combined-text SHA-256 value; sensitivity population only,8. Secure ccSeller,13,cashout_laundering_service,Cash-out or laundering service,telegram_off_platform,Telegram or private-channel coordination reference,0,0,0,13,0.0,0.0
exact_text_unique_sensitivity,One deterministic representative per combined-text SHA-256 value; sensitivity population only,8. Secure ccSeller,13,cashout_laundering_service,Cash-out or laundering service,tutorial_training_recruitment,"Tutorial, guide, or training content",0,0,4,9,0.0,0.0
exact_text_unique_sensitivity,One deterministic representative per combined-text SHA-256 value; sensitivity population only,8. Secure ccSeller,13,crypto_payment_or_conversion,Cryptocurrency payment or conversion reference,email_access_takeover,Email-access-enabled account takeover,0,1,4,8,0.0,0.0
exact_text_unique_sensitivity,One deterministic representative per combined-text SHA-256 value; sensitivity population only,8. Secure ccSeller,13,crypto_payment_or_conversion,Cryptocurrency payment or conversion reference,escrow_trust_reputation,"Escrow, trust, reputation, or scam-risk discourse",1,0,0,12,1.0,13.0
exact_text_unique_sensitivity,One deterministic representative per combined-text SHA-256 value; sensitivity population only,8. Secure ccSeller,13,crypto_payment_or_conversion,Cryptocurrency payment or conversion reference,fullz_identity_package,Fullz or identity package,1,0,5,7,0.166667,2.166667
exact_text_unique_sensitivity,One deterministic representative per combined-text SHA-256 value; sensitivity population only,8. Secure ccSeller,13,crypto_payment_or_conversion,Cryptocurrency payment or conversion reference,jurisdiction_localisation,Jurisdiction-specific bank or account reference,0,1,5,7,0.0,0.0
exact_text_unique_sensitivity,One deterministic representative per combined-text SHA-256 value; sensitivity population only,8. Secure ccSeller,13,crypto_payment_or_conversion,Cryptocurrency payment or conversion reference,mule_recruitment,Mule recruitment or account-holder solicitation,0,1,0,12,0.0,0.0
exact_text_unique_sensitivity,One deterministic representative per combined-text SHA-256 value; sensitivity population only,8. Secure ccSeller,13,crypto_payment_or_conversion,Cryptocurrency payment or conversion reference,telegram_off_platform,Telegram or private-channel coordination reference,0,1,0,12,0.0,0.0
exact_text_unique_sensitivity,One deterministic representative per combined-text SHA-256 value; sensitivity population only,8. Secure ccSeller,13,crypto_payment_or_conversion,Cryptocurrency payment or conversion reference,tutorial_training_recruitment,"Tutorial, guide, or training content",0,1,4,8,0.0,0.0
exact_text_unique_sensitivity,One deterministic representative per combined-text SHA-256 value; sensitivity population only,8. Secure ccSeller,13,email_access_takeover,Email-access-enabled account takeover,escrow_trust_reputation,"Escrow, trust, reputation, or scam-risk discourse",0,4,1,8,0.0,0.0
exact_text_unique_sensitivity,One deterministic representative per combined-text SHA-256 value; sensitivity population only,8. Secure ccSeller,13,email_access_takeover,Email-access-enabled account takeover,fullz_identity_package,Fullz or identity package,3,1,3,6,0.428571,1.625
exact_text_unique_sensitivity,One deterministic representative per combined-text SHA-256 value; sensitivity population only,8. Secure ccSeller,13,email_access_takeover,Email-access-enabled account takeover,jurisdiction_localisation,Jurisdiction-specific bank or account reference,4,0,1,8,0.8,2.6
exact_text_unique_sensitivity,One deterministic representative per combined-text SHA-256 value; sensitivity population only,8. Secure ccSeller,13,email_access_takeover,Email-access-enabled account takeover,mule_recruitment,Mule recruitment or account-holder solicitation,0,4,0,9,0.0,0.0
exact_text_unique_sensitivity,One deterministic representative per combined-text SHA-256 value; sensitivity population only,8. Secure ccSeller,13,email_access_takeover,Email-access-enabled account takeover,telegram_off_platform,Telegram or private-channel coordination reference,0,4,0,9,0.0,0.0
exact_text_unique_sensitivity,One deterministic representative per combined-text SHA-256 value; sensitivity population only,8. Secure ccSeller,13,email_access_takeover,Email-access-enabled account takeover,tutorial_training_recruitment,"Tutorial, guide, or training content",1,3,3,6,0.142857,0.8125
exact_text_unique_sensitivity,One deterministic representative per combined-text SHA-256 value; sensitivity population only,8. Secure ccSeller,13,escrow_trust_reputation,"Escrow, trust, reputation, or scam-risk discourse",fullz_identity_package,Fullz or identity package,1,0,5,7,0.166667,2.166667
exact_text_unique_sensitivity,One deterministic representative per combined-text SHA-256 value; sensitivity population only,8. Secure ccSeller,13,escrow_trust_reputation,"Escrow, trust, reputation, or scam-risk discourse",jurisdiction_localisation,Jurisdiction-specific bank or account reference,0,1,5,7,0.0,0.0
exact_text_unique_sensitivity,One deterministic representative per combined-text SHA-256 value; sensitivity population only,8. Secure ccSeller,13,escrow_trust_reputation,"Escrow, trust, reputation, or scam-risk discourse",mule_recruitment,Mule recruitment or account-holder solicitation,0,1,0,12,0.0,0.0
exact_text_unique_sensitivity,One deterministic representative per combined-text SHA-256 value; sensitivity population only,8. Secure ccSeller,13,escrow_trust_reputation,"Escrow, trust, reputation, or scam-risk discourse",telegram_off_platform,Telegram or private-channel coordination reference,0,1,0,12,0.0,0.0
exact_text_unique_sensitivity,One deterministic representative per combined-text SHA-256 value; sensitivity population only,8. Secure ccSeller,13,escrow_trust_reputation,"Escrow, trust, reputation, or scam-risk discourse",tutorial_training_recruitment,"Tutorial, guide, or training content",0,1,4,8,0.0,0.0
exact_text_unique_sensitivity,One deterministic representative per combined-text SHA-256 value; sensitivity population only,8. Secure ccSeller,13,fullz_identity_package,Fullz or identity package,jurisdiction_localisation,Jurisdiction-specific bank or account reference,4,2,1,6,0.571429,1.733333
exact_text_unique_sensitivity,One deterministic representative per combined-text SHA-256 value; sensitivity population only,8. Secure ccSeller,13,fullz_identity_package,Fullz or identity package,mule_recruitment,Mule recruitment or account-holder solicitation,0,6,0,7,0.0,0.0
exact_text_unique_sensitivity,One deterministic representative per combined-text SHA-256 value; sensitivity population only,8. Secure ccSeller,13,fullz_identity_package,Fullz or identity package,telegram_off_platform,Telegram or private-channel coordination reference,0,6,0,7,0.0,0.0
exact_text_unique_sensitivity,One deterministic representative per combined-text SHA-256 value; sensitivity population only,8. Secure ccSeller,13,fullz_identity_package,Fullz or identity package,tutorial_training_recruitment,"Tutorial, guide, or training content",1,5,3,4,0.111111,0.541667
exact_text_unique_sensitivity,One deterministic representative per combined-text SHA-256 value; sensitivity population only,8. Secure ccSeller,13,jurisdiction_localisation,Jurisdiction-specific bank or account reference,mule_recruitment,Mule recruitment or account-holder solicitation,0,5,0,8,0.0,0.0
exact_text_unique_sensitivity,One deterministic representative per combined-text SHA-256 value; sensitivity population only,8. Secure ccSeller,13,jurisdiction_localisation,Jurisdiction-specific bank or account reference,telegram_off_platform,Telegram or private-channel coordination reference,0,5,0,8,0.0,0.0
exact_text_unique_sensitivity,One deterministic representative per combined-text SHA-256 value; sensitivity population only,8. Secure ccSeller,13,jurisdiction_localisation,Jurisdiction-specific bank or account reference,tutorial_training_recruitment,"Tutorial, guide, or training content",1,4,3,5,0.125,0.65
exact_text_unique_sensitivity,One deterministic representative per combined-text SHA-256 value; sensitivity population only,8. Secure ccSeller,13,mule_recruitment,Mule recruitment or account-holder solicitation,telegram_off_platform,Telegram or private-channel coordination reference,0,0,0,13,0.0,0.0
exact_text_unique_sensitivity,One deterministic representative per combined-text SHA-256 value; sensitivity population only,8. Secure ccSeller,13,mule_recruitment,Mule recruitment or account-holder solicitation,tutorial_training_recruitment,"Tutorial, guide, or training content",0,0,4,9,0.0,0.0
exact_text_unique_sensitivity,One deterministic representative per combined-text SHA-256 value; sensitivity population only,8. Secure ccSeller,13,telegram_off_platform,Telegram or private-channel coordination reference,tutorial_training_recruitment,"Tutorial, guide, or training content",0,0,4,9,0.0,0.0
exact_text_unique_sensitivity,One deterministic representative per combined-text SHA-256 value; sensitivity population only,9. Deep Shop,31,bank_drop_sale,Bank drop sale or bank-drop infrastructure,bank_log_sale,Compromised bank log sale or discussion,0,0,15,16,0.0,0.0
exact_text_unique_sensitivity,One deterministic representative per combined-text SHA-256 value; sensitivity population only,9. Deep Shop,31,bank_drop_sale,Bank drop sale or bank-drop infrastructure,cashout_laundering_service,Cash-out or laundering service,0,0,4,27,0.0,0.0
exact_text_unique_sensitivity,One deterministic representative per combined-text SHA-256 value; sensitivity population only,9. Deep Shop,31,bank_drop_sale,Bank drop sale or bank-drop infrastructure,crypto_payment_or_conversion,Cryptocurrency payment or conversion reference,0,0,10,21,0.0,0.0
exact_text_unique_sensitivity,One deterministic representative per combined-text SHA-256 value; sensitivity population only,9. Deep Shop,31,bank_drop_sale,Bank drop sale or bank-drop infrastructure,email_access_takeover,Email-access-enabled account takeover,0,0,2,29,0.0,0.0
exact_text_unique_sensitivity,One deterministic representative per combined-text SHA-256 value; sensitivity population only,9. Deep Shop,31,bank_drop_sale,Bank drop sale or bank-drop infrastructure,escrow_trust_reputation,"Escrow, trust, reputation, or scam-risk discourse",0,0,7,24,0.0,0.0
exact_text_unique_sensitivity,One deterministic representative per combined-text SHA-256 value; sensitivity population only,9. Deep Shop,31,bank_drop_sale,Bank drop sale or bank-drop infrastructure,fullz_identity_package,Fullz or identity package,0,0,1,30,0.0,0.0
exact_text_unique_sensitivity,One deterministic representative per combined-text SHA-256 value; sensitivity population only,9. Deep Shop,31,bank_drop_sale,Bank drop sale or bank-drop infrastructure,jurisdiction_localisation,Jurisdiction-specific bank or account reference,0,0,0,31,0.0,0.0
exact_text_unique_sensitivity,One deterministic representative per combined-text SHA-256 value; sensitivity population only,9. Deep Shop,31,bank_drop_sale,Bank drop sale or bank-drop infrastructure,mule_recruitment,Mule recruitment or account-holder solicitation,0,0,0,31,0.0,0.0
exact_text_unique_sensitivity,One deterministic representative per combined-text SHA-256 value; sensitivity population only,9. Deep Shop,31,bank_drop_sale,Bank drop sale or bank-drop infrastructure,telegram_off_platform,Telegram or private-channel coordination reference,0,0,2,29,0.0,0.0
exact_text_unique_sensitivity,One deterministic representative per combined-text SHA-256 value; sensitivity population only,9. Deep Shop,31,bank_drop_sale,Bank drop sale or bank-drop infrastructure,tutorial_training_recruitment,"Tutorial, guide, or training content",0,0,4,27,0.0,0.0
exact_text_unique_sensitivity,One deterministic representative per combined-text SHA-256 value; sensitivity population only,9. Deep Shop,31,bank_log_sale,Compromised bank log sale or discussion,cashout_laundering_service,Cash-out or laundering service,3,12,1,15,0.1875,1.55
exact_text_unique_sensitivity,One deterministic representative per combined-text SHA-256 value; sensitivity population only,9. Deep Shop,31,bank_log_sale,Compromised bank log sale or discussion,crypto_payment_or_conversion,Cryptocurrency payment or conversion reference,10,5,0,16,0.666667,2.066667
exact_text_unique_sensitivity,One deterministic representative per combined-text SHA-256 value; sensitivity population only,9. Deep Shop,31,bank_log_sale,Compromised bank log sale or discussion,email_access_takeover,Email-access-enabled account takeover,2,13,0,16,0.133333,2.066667
exact_text_unique_sensitivity,One deterministic representative per combined-text SHA-256 value; sensitivity population only,9. Deep Shop,31,bank_log_sale,Compromised bank log sale or discussion,escrow_trust_reputation,"Escrow, trust, reputation, or scam-risk discourse",7,8,0,16,0.466667,2.066667
exact_text_unique_sensitivity,One deterministic representative per combined-text SHA-256 value; sensitivity population only,9. Deep Shop,31,bank_log_sale,Compromised bank log sale or discussion,fullz_identity_package,Fullz or identity package,1,14,0,16,0.066667,2.066667
exact_text_unique_sensitivity,One deterministic representative per combined-text SHA-256 value; sensitivity population only,9. Deep Shop,31,bank_log_sale,Compromised bank log sale or discussion,jurisdiction_localisation,Jurisdiction-specific bank or account reference,0,15,0,16,0.0,0.0
exact_text_unique_sensitivity,One deterministic representative per combined-text SHA-256 value; sensitivity population only,9. Deep Shop,31,bank_log_sale,Compromised bank log sale or discussion,mule_recruitment,Mule recruitment or account-holder solicitation,0,15,0,16,0.0,0.0
exact_text_unique_sensitivity,One deterministic representative per combined-text SHA-256 value; sensitivity population only,9. Deep Shop,31,bank_log_sale,Compromised bank log sale or discussion,telegram_off_platform,Telegram or private-channel coordination reference,2,13,0,16,0.133333,2.066667
exact_text_unique_sensitivity,One deterministic representative per combined-text SHA-256 value; sensitivity population only,9. Deep Shop,31,bank_log_sale,Compromised bank log sale or discussion,tutorial_training_recruitment,"Tutorial, guide, or training content",4,11,0,16,0.266667,2.066667
exact_text_unique_sensitivity,One deterministic representative per combined-text SHA-256 value; sensitivity population only,9. Deep Shop,31,cashout_laundering_service,Cash-out or laundering service,crypto_payment_or_conversion,Cryptocurrency payment or conversion reference,2,2,8,19,0.166667,1.55
exact_text_unique_sensitivity,One deterministic representative per combined-text SHA-256 value; sensitivity population only,9. Deep Shop,31,cashout_laundering_service,Cash-out or laundering service,email_access_takeover,Email-access-enabled account takeover,0,4,2,25,0.0,0.0
exact_text_unique_sensitivity,One deterministic representative per combined-text SHA-256 value; sensitivity population only,9. Deep Shop,31,cashout_laundering_service,Cash-out or laundering service,escrow_trust_reputation,"Escrow, trust, reputation, or scam-risk discourse",0,4,7,20,0.0,0.0
exact_text_unique_sensitivity,One deterministic representative per combined-text SHA-256 value; sensitivity population only,9. Deep Shop,31,cashout_laundering_service,Cash-out or laundering service,fullz_identity_package,Fullz or identity package,0,4,1,26,0.0,0.0
exact_text_unique_sensitivity,One deterministic representative per combined-text SHA-256 value; sensitivity population only,9. Deep Shop,31,cashout_laundering_service,Cash-out or laundering service,jurisdiction_localisation,Jurisdiction-specific bank or account reference,0,4,0,27,0.0,0.0
exact_text_unique_sensitivity,One deterministic representative per combined-text SHA-256 value; sensitivity population only,9. Deep Shop,31,cashout_laundering_service,Cash-out or laundering service,mule_recruitment,Mule recruitment or account-holder solicitation,0,4,0,27,0.0,0.0
exact_text_unique_sensitivity,One deterministic representative per combined-text SHA-256 value; sensitivity population only,9. Deep Shop,31,cashout_laundering_service,Cash-out or laundering service,telegram_off_platform,Telegram or private-channel coordination reference,0,4,2,25,0.0,0.0
exact_text_unique_sensitivity,One deterministic representative per combined-text SHA-256 value; sensitivity population only,9. Deep Shop,31,cashout_laundering_service,Cash-out or laundering service,tutorial_training_recruitment,"Tutorial, guide, or training content",2,2,2,25,0.333333,3.875
exact_text_unique_sensitivity,One deterministic representative per combined-text SHA-256 value; sensitivity population only,9. Deep Shop,31,crypto_payment_or_conversion,Cryptocurrency payment or conversion reference,email_access_takeover,Email-access-enabled account takeover,1,9,1,20,0.090909,1.55
exact_text_unique_sensitivity,One deterministic representative per combined-text SHA-256 value; sensitivity population only,9. Deep Shop,31,crypto_payment_or_conversion,Cryptocurrency payment or conversion reference,escrow_trust_reputation,"Escrow, trust, reputation, or scam-risk discourse",7,3,0,21,0.7,3.1
exact_text_unique_sensitivity,One deterministic representative per combined-text SHA-256 value; sensitivity population only,9. Deep Shop,31,crypto_payment_or_conversion,Cryptocurrency payment or conversion reference,fullz_identity_package,Fullz or identity package,0,10,1,20,0.0,0.0
exact_text_unique_sensitivity,One deterministic representative per combined-text SHA-256 value; sensitivity population only,9. Deep Shop,31,crypto_payment_or_conversion,Cryptocurrency payment or conversion reference,jurisdiction_localisation,Jurisdiction-specific bank or account reference,0,10,0,21,0.0,0.0
exact_text_unique_sensitivity,One deterministic representative per combined-text SHA-256 value; sensitivity population only,9. Deep Shop,31,crypto_payment_or_conversion,Cryptocurrency payment or conversion reference,mule_recruitment,Mule recruitment or account-holder solicitation,0,10,0,21,0.0,0.0
exact_text_unique_sensitivity,One deterministic representative per combined-text SHA-256 value; sensitivity population only,9. Deep Shop,31,crypto_payment_or_conversion,Cryptocurrency payment or conversion reference,telegram_off_platform,Telegram or private-channel coordination reference,1,9,1,20,0.090909,1.55
exact_text_unique_sensitivity,One deterministic representative per combined-text SHA-256 value; sensitivity population only,9. Deep Shop,31,crypto_payment_or_conversion,Cryptocurrency payment or conversion reference,tutorial_training_recruitment,"Tutorial, guide, or training content",3,7,1,20,0.272727,2.325
exact_text_unique_sensitivity,One deterministic representative per combined-text SHA-256 value; sensitivity population only,9. Deep Shop,31,email_access_takeover,Email-access-enabled account takeover,escrow_trust_reputation,"Escrow, trust, reputation, or scam-risk discourse",0,2,7,22,0.0,0.0
exact_text_unique_sensitivity,One deterministic representative per combined-text SHA-256 value; sensitivity population only,9. Deep Shop,31,email_access_takeover,Email-access-enabled account takeover,fullz_identity_package,Fullz or identity package,0,2,1,28,0.0,0.0
exact_text_unique_sensitivity,One deterministic representative per combined-text SHA-256 value; sensitivity population only,9. Deep Shop,31,email_access_takeover,Email-access-enabled account takeover,jurisdiction_localisation,Jurisdiction-specific bank or account reference,0,2,0,29,0.0,0.0
exact_text_unique_sensitivity,One deterministic representative per combined-text SHA-256 value; sensitivity population only,9. Deep Shop,31,email_access_takeover,Email-access-enabled account takeover,mule_recruitment,Mule recruitment or account-holder solicitation,0,2,0,29,0.0,0.0
exact_text_unique_sensitivity,One deterministic representative per combined-text SHA-256 value; sensitivity population only,9. Deep Shop,31,email_access_takeover,Email-access-enabled account takeover,telegram_off_platform,Telegram or private-channel coordination reference,2,0,0,29,1.0,15.5
exact_text_unique_sensitivity,One deterministic representative per combined-text SHA-256 value; sensitivity population only,9. Deep Shop,31,email_access_takeover,Email-access-enabled account takeover,tutorial_training_recruitment,"Tutorial, guide, or training content",2,0,2,27,0.5,7.75
exact_text_unique_sensitivity,One deterministic representative per combined-text SHA-256 value; sensitivity population only,9. Deep Shop,31,escrow_trust_reputation,"Escrow, trust, reputation, or scam-risk discourse",fullz_identity_package,Fullz or identity package,0,7,1,23,0.0,0.0
exact_text_unique_sensitivity,One deterministic representative per combined-text SHA-256 value; sensitivity population only,9. Deep Shop,31,escrow_trust_reputation,"Escrow, trust, reputation, or scam-risk discourse",jurisdiction_localisation,Jurisdiction-specific bank or account reference,0,7,0,24,0.0,0.0
exact_text_unique_sensitivity,One deterministic representative per combined-text SHA-256 value; sensitivity population only,9. Deep Shop,31,escrow_trust_reputation,"Escrow, trust, reputation, or scam-risk discourse",mule_recruitment,Mule recruitment or account-holder solicitation,0,7,0,24,0.0,0.0
exact_text_unique_sensitivity,One deterministic representative per combined-text SHA-256 value; sensitivity population only,9. Deep Shop,31,escrow_trust_reputation,"Escrow, trust, reputation, or scam-risk discourse",telegram_off_platform,Telegram or private-channel coordination reference,0,7,2,22,0.0,0.0
exact_text_unique_sensitivity,One deterministic representative per combined-text SHA-256 value; sensitivity population only,9. Deep Shop,31,escrow_trust_reputation,"Escrow, trust, reputation, or scam-risk discourse",tutorial_training_recruitment,"Tutorial, guide, or training content",0,7,4,20,0.0,0.0
exact_text_unique_sensitivity,One deterministic representative per combined-text SHA-256 value; sensitivity population only,9. Deep Shop,31,fullz_identity_package,Fullz or identity package,jurisdiction_localisation,Jurisdiction-specific bank or account reference,0,1,0,30,0.0,0.0
exact_text_unique_sensitivity,One deterministic representative per combined-text SHA-256 value; sensitivity population only,9. Deep Shop,31,fullz_identity_package,Fullz or identity package,mule_recruitment,Mule recruitment or account-holder solicitation,0,1,0,30,0.0,0.0
exact_text_unique_sensitivity,One deterministic representative per combined-text SHA-256 value; sensitivity population only,9. Deep Shop,31,fullz_identity_package,Fullz or identity package,telegram_off_platform,Telegram or private-channel coordination reference,0,1,2,28,0.0,0.0
exact_text_unique_sensitivity,One deterministic representative per combined-text SHA-256 value; sensitivity population only,9. Deep Shop,31,fullz_identity_package,Fullz or identity package,tutorial_training_recruitment,"Tutorial, guide, or training content",0,1,4,26,0.0,0.0
exact_text_unique_sensitivity,One deterministic representative per combined-text SHA-256 value; sensitivity population only,9. Deep Shop,31,jurisdiction_localisation,Jurisdiction-specific bank or account reference,mule_recruitment,Mule recruitment or account-holder solicitation,0,0,0,31,0.0,0.0
exact_text_unique_sensitivity,One deterministic representative per combined-text SHA-256 value; sensitivity population only,9. Deep Shop,31,jurisdiction_localisation,Jurisdiction-specific bank or account reference,telegram_off_platform,Telegram or private-channel coordination reference,0,0,2,29,0.0,0.0
exact_text_unique_sensitivity,One deterministic representative per combined-text SHA-256 value; sensitivity population only,9. Deep Shop,31,jurisdiction_localisation,Jurisdiction-specific bank or account reference,tutorial_training_recruitment,"Tutorial, guide, or training content",0,0,4,27,0.0,0.0
exact_text_unique_sensitivity,One deterministic representative per combined-text SHA-256 value; sensitivity population only,9. Deep Shop,31,mule_recruitment,Mule recruitment or account-holder solicitation,telegram_off_platform,Telegram or private-channel coordination reference,0,0,2,29,0.0,0.0
exact_text_unique_sensitivity,One deterministic representative per combined-text SHA-256 value; sensitivity population only,9. Deep Shop,31,mule_recruitment,Mule recruitment or account-holder solicitation,tutorial_training_recruitment,"Tutorial, guide, or training content",0,0,4,27,0.0,0.0
exact_text_unique_sensitivity,One deterministic representative per combined-text SHA-256 value; sensitivity population only,9. Deep Shop,31,telegram_off_platform,Telegram or private-channel coordination reference,tutorial_training_recruitment,"Tutorial, guide, or training content",2,0,2,27,0.5,7.75
